ID ТУРУ,НАЗВА ТУРУ,ДЖЕРЕЛО,ТУРОПЕРАТОР,ОСНОВНИЙ НАПРЯМОК,СЕРЕДНЯ ЦІНА,СЕРЕДНЯ ЦІНА ПО НАПРЯМКУ,МЕДІАННА ЦІНА ПО НАПРЯМКУ,ВІДХИЛЕННЯ ВІД СЕРЕДНЬОЇ ЦІНИ,ВІДХИЛЕННЯ ВІД МЕДІАННОЇ ЦІНИ,% ВІДХИЛЕННЯ ВІД МЕДІАНИ,ПОЗИЦІЯ ЗА ЦІНОЮ В НАПРЯМКУ,РІЗНИЦЯ ДО МІНІМАЛЬНОЇ ЦІНИ,ЗАГАЛЬНИЙ VALUE SCORE,СЕРЕДНІЙ VALUE SCORE ПО РИНКУ,ВІДХИЛЕННЯ VALUE ВІД РИНКУ,ПОЗИЦІОНУВАННЯ,КІЛЬКІСТЬ ТУРІВ В НАПРЯМКУ,КІЛЬКІСТЬ ТУРІВ EUROTRIPS,КІЛЬКІСТЬ КОНКУРЕНТНИХ ТУРІВ,ЧАСТКА EUROTRIPS,ЧАСТКА КОНКУРЕНТІВ
EUR-1,Адріатичне море Італії (3 ночі),EUROTRIPS,Eurotrips,Італія,244,340,338,-96,-94,"-0,28",28,105,"0,53","0,63",-10%,РИНКОВА ЦІНА,106,11,95,"0,10","0,90"
EUR-2,Вікенд у Амстердамі,EUROTRIPS,Eurotrips,Нідерланди,289,349,348,-60,-59,"-16,83%",8,94,"0,65","0,70",-4%,ДЕШЕВИЙ,32,1,31,"0,03","0,97"
EUR-3,Балтійський круїз БЕЗ НІЧНИХ,EUROTRIPS,Eurotrips,Латвія,299,299,299,0,0,"0,00%",1,0,"0,80","0,80",0%,РИНКОВА ЦІНА,1,1,0,"1,00","0,00"
EUR-4,Венеція без нічних,EUROTRIPS,Eurotrips,Італія,309,340,338,-31,-29,"-8,51%",46,170,"0,76","0,63",13%,РИНКОВА ЦІНА,106,11,95,"0,10","0,90"
EUR-5,Вікенд у Відні + Зальцбург,EUROTRIPS,Eurotrips,Австрія,229,210,199,19,30,"15,08%",24,134,"0,73","0,63",9%,ДОРОГИЙ,39,3,36,"0,08","0,92"
EUR-6,Будапешт – Відень,EUROTRIPS,Eurotrips,Угорщина,149,162,159,-13,-10,"-6,44%",6,60,"0,72","0,63",9%,РИНКОВА ЦІНА,12,2,10,"0,17","0,83"
EUR-7,Вікенд у Трансильванії + Трансфагараш,EUROTRIPS,Eurotrips,Румунія,99,167,160,-68,-61,"-38,13%",1,0,"0,57","0,68",-11%,ДЕШЕВИЙ,21,3,18,"0,14","0,86"
EUR-8,Вікенд у Венеції,EUROTRIPS,Eurotrips,Італія,149,340,338,-191,-189,"-55,88%",3,10,"0,42","0,63",-21%,ДЕШЕВИЙ,106,11,95,"0,10","0,90"
EUR-9,Вихідні у Празі + Дрезден,EUROTRIPS,Eurotrips,Чехія,129,204,199,-75,-70,"-35,18%",3,34,"0,56","0,68",-11%,ДЕШЕВИЙ,22,3,19,"0,14","0,86"
EUR-10,Вікенд у Празі + Дрезден БЕЗ НІЧНИХ,EUROTRIPS,Eurotrips,Чехія,199,204,199,-5,0,"0,00%",11,104,"0,75","0,68",7%,РИНКОВА ЦІНА,22,3,19,"0,14","0,86"
EUR-11,Вікенд у Трансильванії + Бухарест,EUROTRIPS,Eurotrips,Румунія,159,167,160,-8,-1,"-0,63%",10,60,"0,73","0,68",5%,РИНКОВА ЦІНА,21,3,18,"0,14","0,86"
EUR-12,Італійські різдвяні ярмарки,EUROTRIPS,Eurotrips,Італія,229,340,338,-111,-109,"-32,20%",22,90,"0,58","0,63",-5%,ДЕШЕВИЙ,106,11,95,"0,10","0,90"
EUR-13,Канікули в Барселоні,EUROTRIPS,Eurotrips,Іспанія,399,538,505,-139,-106,"-20,91%",4,57,"0,56","0,64",-8%,ДЕШЕВИЙ,22,2,20,"0,09","0,91"
EUR-14,Канікули в Енерджиландії + Краків БЕЗ НІЧНИХ,EUROTRIPS,Eurotrips,Польща,129,189,147,-60,-18,"-12,24%",3,30,"0,73","0,60",13%,РИНКОВА ЦІНА,16,4,12,"0,25","0,75"
EUR-15,Краків Закопане Морське Око БЕЗ НІЧНИХ,EUROTRIPS,Eurotrips,Польща,99,189,147,-90,-48,"-32,65%",1,0,"0,67","0,60",7%,ДЕШЕВИЙ,16,4,12,"0,25","0,75"
EUR-16,Найкращі пляжі Європи,EUROTRIPS,Eurotrips,Франція,399,366,352,33,47,"13,35%",46,202,"0,62","0,70",-8%,РИНКОВА ЦІНА,71,3,68,"0,04","0,96"
EUR-17,Мілан — Комо — Альпи,EUROTRIPS,Eurotrips,Італія,219,340,338,-121,-119,"-35,16%",16,80,"0,64","0,63",1%,ДЕШЕВИЙ,106,11,95,"0,10","0,90"
EUR-18,Морська Італія (7 ночей на Лідо-ді-Єзоло),EUROTRIPS,Eurotrips,Італія,549,340,338,209,211,"62,55%",98,410,"0,36","0,63",-27%,ДОРОГИЙ,106,11,95,"0,10","0,90"
EUR-19,Новий рік у Кракові БЕЗ НІЧНИХ,EUROTRIPS,Eurotrips,Польща,129,189,147,-60,-18,"-12,24%",3,30,"0,73","0,60",13%,РИНКОВА ЦІНА,16,4,12,"0,25","0,75"
EUR-20,Новий рік у Мілані,EUROTRIPS,Eurotrips,Італія,229,340,338,-111,-109,"-32,20%",22,90,"0,58","0,63",-5%,ДЕШЕВИЙ,106,11,95,"0,10","0,90"
EUR-21,Вікенд у Будапешті + Відень,EUROTRIPS,Eurotrips,Угорщина,109,162,159,-53,-50,"-31,55%",3,20,"0,63","0,63",0%,ДЕШЕВИЙ,12,2,10,"0,17","0,83"
EUR-22,Новий рік у Венеції БЕЗ НІЧНИХ,EUROTRIPS,Eurotrips,Італія,309,340,338,-31,-29,"-8,51%",46,170,"0,76","0,63",13%,РИНКОВА ЦІНА,106,11,95,"0,10","0,90"
EUR-23,Новий рік у Римі,EUROTRIPS,Eurotrips,Італія,329,340,338,-11,-9,"-2,59%",50,190,"0,63","0,63",0%,РИНКОВА ЦІНА,106,11,95,"0,10","0,90"
EUR-24,Париж + Нормандія,EUROTRIPS,Eurotrips,Франція,389,366,352,23,37,"10,51%",41,192,"0,65","0,70",-5%,РИНКОВА ЦІНА,71,3,68,"0,04","0,96"
EUR-25,Мон-Сен-Мішель – Париж – Брюссель,EUROTRIPS,Eurotrips,Франція,449,366,352,83,97,"27,56%",56,252,"0,64","0,70",-6%,ДОРОГИЙ,71,3,68,"0,04","0,96"
EUR-26,Південна Італія,EUROTRIPS,Eurotrips,Італія,394,340,338,54,56,"16,65%",77,255,"0,63","0,63",0%,ДОРОГИЙ,106,11,95,"0,10","0,90"
EUR-27,Пікнік в Альпах + Гальштат,EUROTRIPS,Eurotrips,Австрія,159,210,199,-51,-40,"-20,10%",10,64,"0,65","0,63",1%,ДЕШЕВИЙ,39,3,36,"0,08","0,92"
EUR-28,Прага-Відень-Будапешт,EUROTRIPS,Eurotrips,Чехія,199,204,199,-5,0,"0,00%",11,104,"0,86","0,68",18%,РИНКОВА ЦІНА,22,3,19,"0,14","0,86"
EUR-29,Римські канікули,EUROTRIPS,Eurotrips,Італія,279,340,338,-61,-59,"-17,39%",37,140,"0,62","0,63",-1%,ДЕШЕВИЙ,106,11,95,"0,10","0,90"
EUR-30,Різдвяний вікенд у Кракові БЕЗ НІЧНИХ,EUROTRIPS,Eurotrips,Польща,129,189,147,-60,-18,"-12,24%",3,30,"0,73","0,60",13%,РИНКОВА ЦІНА,16,4,12,"0,25","0,75"
EUR-31,Скандинавія + Язик Троля,EUROTRIPS,Eurotrips,Норвегія,589,527,538,62,51,"9,48%",8,204,"0,68","0,69",-1%,РИНКОВА ЦІНА,9,1,8,"0,11","0,89"
EUR-32,Сонце Море Барселона,EUROTRIPS,Eurotrips,Іспанія,579,538,505,41,75,"14,77%",15,237,"0,54","0,64",-9%,РИНКОВА ЦІНА,22,2,20,"0,09","0,91"
EUR-33,Сонячна Греція: Simeon,EUROTRIPS,Eurotrips,Греція,594,420,407,174,188,"46,13%",26,389,"0,41","0,54",-13%,ДОРОГИЙ,28,2,26,"0,07","0,93"
EUR-34,Сонячна Греція: Asteris Village,EUROTRIPS,Eurotrips,Греція,369,420,407,-51,-38,"-9,23%",13,164,"0,61","0,54",7%,РИНКОВА ЦІНА,28,2,26,"0,07","0,93"
EUR-35,Стамбул,EUROTRIPS,Eurotrips,Туреччина,184,184,184,0,0,"0,00%",1,0,"0,68","0,68",0%,РИНКОВА ЦІНА,1,1,0,"1,00","0,00"
EUR-36,Вікенд у Будапешті + Відень,EUROTRIPS,Eurotrips,Австрія,109,210,199,-101,-90,"-45,23%",3,14,"0,53","0,63",-10%,ДЕШЕВИЙ,39,3,36,"0,08","0,92"
EUR-37,Хелловін у Трансильванії + Бухарест,EUROTRIPS,Eurotrips,Румунія,129,167,160,-38,-31,"-19,38%",3,30,"0,63","0,68",-5%,ДЕШЕВИЙ,21,3,18,"0,14","0,86"
EUR-38,Чорногорія: де море торкається гір,EUROTRIPS,Eurotrips,Чорногорія,404,364,369,40,35,"9,49%",9,153,"0,60","0,63",-3%,РИНКОВА ЦІНА,13,1,12,"0,08","0,92"
EUR-39,Швейцарія,EUROTRIPS,Eurotrips,Швейцарія,244,333,334,-89,-90,"-26,84%",4,56,"0,70","0,74",-4%,ДЕШЕВИЙ,29,1,28,"0,03","0,97"
ACC-1,Амурний тиждень в Амстердамі і Парижі!!!,COMPETITOR,Accord tour,Нідерланди,383,349,348,34,36,"10,22%",22,188,"0,79","0,70",9%,РИНКОВА ЦІНА,32,1,31,"0,03","0,97"
ACC-2,"Три щасливих смайлика: Амстердам, Париж, Рим + Лазурове узбережжя!",COMPETITOR,Accord tour,Франція,493,366,352,127,141,"40,06%",67,296,"0,56","0,70",-14%,ДОРОГИЙ,71,3,68,"0,04","0,96"
ACC-3,Мільйон посмішок... або 4 дні в Амстердамі!,COMPETITOR,Accord tour,Нідерланди,470,349,348,121,123,"35,25%",30,275,"0,64","0,70",-6%,ДОРОГИЙ,32,1,31,"0,03","0,97"
ACC-4,"Вояж в Париж  Нормандія, Замки Луари + Люксембург",COMPETITOR,Accord tour,Франція,410,366,352,43,58,"16,34%",49,212,"0,81","0,70",10%,ДОРОГИЙ,71,3,68,"0,04","0,96"
ACC-5,"Париж, квіти..... і Компліменти!  Амстердам, Брюссель, Париж, Люксембург, Кельн",COMPETITOR,Accord tour,Франція,582,366,352,216,230,"65,34%",70,385,"0,58","0,70",-12%,ДОРОГИЙ,71,3,68,"0,04","0,96"
ACC-6,Три дні в Парижі + Діснейленд,COMPETITOR,Accord tour,Франція,283,366,352,-83,-69,"-19,60%",18,86,"0,70","0,70",0%,ДЕШЕВИЙ,71,3,68,"0,04","0,96"
ACC-7,Амурні пригоди в Амстердамі і Парижі!!!,COMPETITOR,Accord tour,Нідерланди,377,349,348,28,30,"8,49%",21,182,"0,80","0,70",10%,РИНКОВА ЦІНА,32,1,31,"0,03","0,97"
ACC-8,Амстердам та Париж... запалив та привабив...,COMPETITOR,Accord tour,Нідерланди,326,349,348,-23,-22,"-6,33%",13,131,"0,74","0,70",4%,РИНКОВА ЦІНА,32,1,31,"0,03","0,97"
ACC-9,"Яскравий Бенілюкс: Нідерланди, Бельгія та Люксембург!",COMPETITOR,Accord tour,Бельгія,442,376,367,66,76,"20,60%",4,113,"0,70","0,75",-5%,ДОРОГИЙ,4,0,4,"0,00","1,00"
ACC-10,"Французький Каприз   4 дні в Парижі + Нормандія, долина Луари, Мон-Сен-Мішель!",COMPETITOR,Accord tour,Франція,417,366,352,50,65,"18,32%",50,219,"0,80","0,70",9%,ДОРОГИЙ,71,3,68,"0,04","0,96"
ACC-11,"Вітаю, милий Амстердам!",COMPETITOR,Accord tour,Нідерланди,423,349,348,74,75,"21,58%",25,228,"0,70","0,70",1%,ДОРОГИЙ,32,1,31,"0,03","0,97"
ACC-12,"Бонжур Лямур або 3 дні в Парижі! ...Париж, Діснейленд та Люксембург...",COMPETITOR,Accord tour,Франція,374,366,352,8,22,"6,25%",38,177,"0,81","0,70",11%,РИНКОВА ЦІНА,71,3,68,"0,04","0,96"
ACC-13,Любовне зізнання: Відень + Прага!,COMPETITOR,Accord tour,Чехія,245,204,199,41,46,"23,12%",18,150,"0,69","0,68",1%,ДОРОГИЙ,22,3,19,"0,14","0,86"
ACC-14,"Бонжорно, Італія + Швейцарія!",COMPETITOR,Accord tour,Італія,367,340,338,27,29,"8,51%",69,228,"0,83","0,63",20%,РИНКОВА ЦІНА,106,11,95,"0,10","0,90"
ACC-15,"Дивовижний світ  4 дні в Швейцарії Женева, Берн, Люцерн + Монблан",COMPETITOR,Accord tour,Швейцарія,383,333,334,49,49,"14,69%",21,195,"0,80","0,74",6%,РИНКОВА ЦІНА,29,1,28,"0,03","0,97"
ACC-16,Святкова Прага!!! Виїзд з Києва,COMPETITOR,Accord tour,Чехія,244,204,199,40,45,"22,61%",17,149,"0,65","0,68",-3%,ДОРОГИЙ,22,3,19,"0,14","0,86"
ACC-17,Прикольними містами: Дрезден + Прага + Брно + Краків!!!,COMPETITOR,Accord tour,Чехія,199,204,199,-6,-1,"-0,25%",10,104,"0,85","0,68",17%,РИНКОВА ЦІНА,22,3,19,"0,14","0,86"
ACC-18,"Мюнхен і компанія: Краків, Прага, Відень!",COMPETITOR,Accord tour,Німеччина,244,238,237,6,7,"2,85%",11,125,"0,81","0,70",11%,РИНКОВА ЦІНА,18,0,18,"0,00","1,00"
ACC-19,"Душевний Вікенд   Краків, Прага, Відень, Будапешт + Егер ",COMPETITOR,Accord tour,Австрія,164,210,199,-46,-36,"-17,84%",12,69,"0,75","0,63",11%,ДЕШЕВИЙ,39,3,36,"0,08","0,92"
ACC-20,"Відень, я вже їду!",COMPETITOR,Accord tour,Австрія,201,210,199,-9,2,"1,01%",21,106,"0,79","0,63",16%,РИНКОВА ЦІНА,39,3,36,"0,08","0,92"
ACC-21,Французька для початківців  Париж+ Діснейленд,COMPETITOR,Accord tour,Франція,240,366,352,-126,-112,"-31,82%",5,43,"0,64","0,70",-6%,ДЕШЕВИЙ,71,3,68,"0,04","0,96"
ACC-22,"Вікенд на трьох!  Краків, Відень, Будапешт",COMPETITOR,Accord tour,Польща,168,189,147,-21,21,"14,29%",11,69,"0,76","0,60",16%,РИНКОВА ЦІНА,16,4,12,"0,25","0,75"
ACC-23,Секрети смаку: вся Швейцарія + Зальцбург та Відень!!!,COMPETITOR,Accord tour,Швейцарія,369,333,334,36,36,"10,64%",19,181,"0,79","0,74",5%,РИНКОВА ЦІНА,29,1,28,"0,03","0,97"
ACC-24,"Альпійська симфонія   Цюрих, Женева, Берн + Монблан",COMPETITOR,Accord tour,Швейцарія,386,333,334,52,52,"15,59%",23,198,"0,80","0,74",5%,ДОРОГИЙ,29,1,28,"0,03","0,97"
ACC-25,"В гостях у Швейцарії   Цюрих, Женева, Берн + Монблан",COMPETITOR,Accord tour,Швейцарія,433,333,334,99,99,"29,69%",26,245,"0,77","0,74",3%,ДОРОГИЙ,29,1,28,"0,03","0,97"
ACC-26,Празький вогник!,COMPETITOR,Accord tour,Чехія,266,204,199,62,67,"33,67%",20,171,"0,64","0,68",-4%,ДОРОГИЙ,22,3,19,"0,14","0,86"
ACC-27,Вікенд в Краків!,COMPETITOR,Accord tour,Польща,140,189,147,-49,-8,"-5,10%",7,41,"0,75","0,60",15%,РИНКОВА ЦІНА,16,4,12,"0,25","0,75"
ACC-28,Барселона – Королева Півдня,COMPETITOR,Accord tour,Іспанія,374,538,505,-164,-131,"-25,87%",2,32,"0,70","0,64",6%,ДЕШЕВИЙ,22,2,20,"0,09","0,91"
ACC-29,Сонячний поцілунок Барселони,COMPETITOR,Accord tour,Іспанія,342,538,505,-196,-163,"-32,21%",1,0,"0,60","0,64",-3%,ДЕШЕВИЙ,22,2,20,"0,09","0,91"
ACC-30,"Шедеври Франції  Етрета, Мон Сан Мішель, Замки Луари",COMPETITOR,Accord tour,Франція,441,366,352,75,89,"25,28%",55,244,"0,76","0,70",6%,ДОРОГИЙ,71,3,68,"0,04","0,96"
ACC-31,"Все, про що мрію, — це Париж! Je t'aime, mon cher Paris!",COMPETITOR,Accord tour,Франція,485,366,352,119,133,"37,78%",65,288,"0,72","0,70",2%,ДОРОГИЙ,71,3,68,"0,04","0,96"
ACC-32,Краківський Вояж!,COMPETITOR,Accord tour,Польща,123,189,147,-66,-24,"-16,33%",2,24,"0,71","0,60",11%,ДЕШЕВИЙ,16,4,12,"0,25","0,75"
ACC-33,Вікенд в Берліні!,COMPETITOR,Accord tour,Німеччина,149,238,237,-89,-88,"-37,20%",2,30,"0,55","0,70",-16%,ДЕШЕВИЙ,18,0,18,"0,00","1,00"
ACC-34,Кастаньєти іспанського серця  3 дні в Барселоні,COMPETITOR,Accord tour,Іспанія,520,538,505,-18,16,"3,07%",12,178,"0,82","0,64",19%,РИНКОВА ЦІНА,22,2,20,"0,09","0,91"
ACC-35,"Закохані в Париж Діснейленд, Нормандія + Страсбург...",COMPETITOR,Accord tour,Франція,243,366,352,-124,-110,"-31,11%",6,45,"0,68","0,70",-2%,ДЕШЕВИЙ,71,3,68,"0,04","0,96"
ACC-36,Апельсиновий рай  відпочинок на морі Іспанії та Франції + Швейцарія!!!,COMPETITOR,Accord tour,Іспанія,459,538,505,-79,-46,"-9,02%",9,117,"0,74","0,64",10%,РИНКОВА ЦІНА,22,2,20,"0,09","0,91"
ACC-37,Пристрасть по-іспанськи! Відпочинок на морі!,COMPETITOR,Accord tour,Іспанія,581,538,505,43,77,"15,16%",16,239,"0,76","0,64",13%,ДОРОГИЙ,22,2,20,"0,09","0,91"
ACC-38,"Романтичний Париж!   Страсбург, Кольмар, Нюрнберг",COMPETITOR,Accord tour,Франція,383,366,352,16,31,"8,66%",40,185,"0,83","0,70",12%,РИНКОВА ЦІНА,71,3,68,"0,04","0,96"
ACC-39,"Атмосфера свята  Франція та Швейцарія  Париж, Цюріх, Люцерн",COMPETITOR,Accord tour,Франція,342,366,352,-25,-11,"-2,98%",30,144,"0,84","0,70",14%,РИНКОВА ЦІНА,71,3,68,"0,04","0,96"
ACC-40,"Розкішна подорож  Франція та Швейцарія  Париж, Нормандія, Берн, Цюріх, Люцерн",COMPETITOR,Accord tour,Швейцарія,389,333,334,56,56,"16,64%",24,201,"0,79","0,74",5%,ДОРОГИЙ,29,1,28,"0,03","0,97"
ACC-41,Іспанська сієста... Відпочинок на морі!,COMPETITOR,Accord tour,Іспанія,556,538,505,18,52,"10,21%",13,214,"0,69","0,64",5%,РИНКОВА ЦІНА,22,2,20,"0,09","0,91"
ACC-42,"Любов і голуби… Париж, Франкфурт, Дрезден і Прага!!!",COMPETITOR,Accord tour,Франція,333,366,352,-34,-20,"-5,54%",27,135,"0,80","0,70",10%,РИНКОВА ЦІНА,71,3,68,"0,04","0,96"
ACC-43,Французький настрій в Парижі та Діснейленді!,COMPETITOR,Accord tour,Франція,263,366,352,-103,-89,"-25,28%",11,66,"0,70","0,70",-1%,ДЕШЕВИЙ,71,3,68,"0,04","0,96"
ACC-44,В Привабливому Парижі + Мюнхен та Діснейленд!!!,COMPETITOR,Accord tour,Франція,265,366,352,-101,-87,"-24,72%",12,68,"0,66","0,70",-4%,ДЕШЕВИЙ,71,3,68,"0,04","0,96"
ACC-45,Казкова Прага + Дрезден,COMPETITOR,Accord tour,Чехія,164,204,199,-41,-36,"-17,84%",6,69,"0,76","0,68",8%,ДЕШЕВИЙ,22,3,19,"0,14","0,86"
ACC-46,Маленька французька подорож Париж та Діснейленд,COMPETITOR,Accord tour,Франція,198,366,352,-169,-155,"-43,89%",1,0,"0,61","0,70",-9%,ДЕШЕВИЙ,71,3,68,"0,04","0,96"
ACC-47,В повному шоколаді... або 2 дні в Швейцарії!,COMPETITOR,Accord tour,Швейцарія,311,333,334,-23,-23,"-6,90%",13,123,"0,83","0,74",9%,РИНКОВА ЦІНА,29,1,28,"0,03","0,97"
ACC-48,В полоні Парижа  Діснейленд + Ельзас+ Швейцарія,COMPETITOR,Accord tour,Франція,272,366,352,-94,-80,"-22,73%",15,75,"0,70","0,70",0%,ДЕШЕВИЙ,71,3,68,"0,04","0,96"
ACC-49,"Фантастична четвірка: Амстердам, Брюссель, Люксембург та Берлін!",COMPETITOR,Accord tour,Нідерланди,342,349,348,-7,-6,"-1,58%",16,147,"0,81","0,70",11%,РИНКОВА ЦІНА,32,1,31,"0,03","0,97"
ACC-50,Бельгія для гурманів або 2 дні в Брюсселі!,COMPETITOR,Accord tour,Бельгія,364,376,367,-12,-3,"-0,68%",2,35,"0,81","0,75",5%,РИНКОВА ЦІНА,4,0,4,"0,00","1,00"
ACC-51,"Лайк там, де Амстердам!",COMPETITOR,Accord tour,Нідерланди,208,349,348,-141,-140,"-40,14%",2,13,"0,55","0,70",-15%,ДЕШЕВИЙ,32,1,31,"0,03","0,97"
ACC-52,"Вікенд в Швейцарію або Фондю для двох!  Берн, Цюріх, Люцерн, Інтерлакен, Гріндельвальд",COMPETITOR,Accord tour,Швейцарія,306,333,334,-27,-28,"-8,25%",12,118,"0,76","0,74",2%,РИНКОВА ЦІНА,29,1,28,"0,03","0,97"
ACC-53,"Зустрінемось в Амстердамі + парк ""Кекенхоф"" і парк розваг Ефтелінг!!!",COMPETITOR,Accord tour,Нідерланди,359,349,348,10,12,"3,31%",19,164,"0,80","0,70",10%,РИНКОВА ЦІНА,32,1,31,"0,03","0,97"
ACC-54,"Магія Парижа  Діснейленд, замок Нойшвайнштайн, долина Вахау",COMPETITOR,Accord tour,Франція,350,366,352,-16,-2,"-0,57%",32,153,"0,77","0,70",6%,РИНКОВА ЦІНА,71,3,68,"0,04","0,96"
ACC-55,"Вихідні в Словаччині   Термали, гори і релакс...",COMPETITOR,Accord tour,Словаччина,204,204,204,0,0,"0,00%",1,0,"0,80","0,80",0%,РИНКОВА ЦІНА,1,0,1,"0,00","1,00"
ACC-56,"Відпочинок на висоті Швейцарія, Баварія, Австрія  Острів Майнау, Замок Нойшвайнштайн, Світ Сваровскі...",COMPETITOR,Accord tour,Швейцарія,374,333,334,40,40,"11,99%",20,186,"0,81","0,74",7%,РИНКОВА ЦІНА,29,1,28,"0,03","0,97"
ACC-57,"Мої найкращі друзі    Амстердам, Брюсель, Париж",COMPETITOR,Accord tour,Нідерланди,426,349,348,77,79,"22,59%",26,231,"0,78","0,70",8%,ДОРОГИЙ,32,1,31,"0,03","0,97"
ACC-58,"Дефіле для романтиків: Прага, Мілан, Венеція",COMPETITOR,Accord tour,Італія,230,340,338,-110,-108,"-32,05%",24,91,"0,62","0,63",-1%,ДЕШЕВИЙ,106,11,95,"0,10","0,90"
ACC-59,Знайомство з Казанова! Відень+Верона+Венеція,COMPETITOR,Accord tour,Італія,284,340,338,-56,-54,"-16,06%",38,145,"0,74","0,63",11%,ДЕШЕВИЙ,106,11,95,"0,10","0,90"
ACC-60,"Коротке побачення в Італії: Верона, Мілан, Венеція",COMPETITOR,Accord tour,Італія,343,340,338,3,5,"1,41%",55,204,"0,81","0,63",18%,РИНКОВА ЦІНА,106,11,95,"0,10","0,90"
ACC-61,Солодкий круасан - Париж,COMPETITOR,Accord tour,Франція,238,366,352,-129,-115,"-32,53%",4,40,"0,64","0,70",-6%,ДЕШЕВИЙ,71,3,68,"0,04","0,96"
ACC-62,"Happy days або 5 столиць!!! ...Берлін, Прага, Відень, Будапешт та Варшава...",COMPETITOR,Accord tour,Німеччина,236,238,237,-3,-2,"-0,74%",9,117,"0,78","0,70",8%,РИНКОВА ЦІНА,18,0,18,"0,00","1,00"
ACC-63,"Французький реверанс  Париж, Нормандія, Мон-Сен-Мішель, Аквітанія, Замки Луари, Ельзас",COMPETITOR,Accord tour,Франція,628,366,352,261,276,"78,27%",71,430,"0,56","0,70",-14%,ДОРОГИЙ,71,3,68,"0,04","0,96"
ACC-64,"Яскраві нотки Італії: 2 дні в Римі + Флоренція, Венеція",COMPETITOR,Accord tour,Італія,292,340,338,-48,-46,"-13,69%",40,153,"0,67","0,63",4%,РИНКОВА ЦІНА,106,11,95,"0,10","0,90"
ACC-65,"Сто причин любити Італію, і перша - Рим! Флоренція + Венеція!",COMPETITOR,Accord tour,Італія,459,340,338,119,121,"35,75%",88,320,"0,69","0,63",6%,ДОРОГИЙ,106,11,95,"0,10","0,90"
ACC-66,"Моя Португалія  Лісабон, Порту, Сінтра, Мадрид, Барселона, Ніцца, Монако!",COMPETITOR,Accord tour,Португалія,546,744,814,-199,-269,"-32,99%",1,0,"0,56","0,74",-18%,ДЕШЕВИЙ,3,0,3,"0,00","1,00"
ACC-67,"Швейцарський вікенд + Баварія Цюріх, Люцерн + Мюнхен та Відень",COMPETITOR,Accord tour,Швейцарія,188,333,334,-145,-146,"-43,63%",1,0,"0,60","0,74",-14%,ДЕШЕВИЙ,29,1,28,"0,03","0,97"
ACC-68,Мій Італійський вікенд: Венеція+Верона,COMPETITOR,Accord tour,Італія,158,340,338,-182,-180,"-53,22%",5,19,"0,48","0,63",-15%,ДЕШЕВИЙ,106,11,95,"0,10","0,90"
ACC-69,Вікенд в Доломітах: озеро Блед+озеро Мольвено+Венеція,COMPETITOR,Accord tour,Італія,221,340,338,-119,-117,"-34,57%",20,82,"0,65","0,63",2%,ДЕШЕВИЙ,106,11,95,"0,10","0,90"
ACC-70,Заряд бадьорості: Доломітові Альпи+Адріатичне море Італії,COMPETITOR,Accord tour,Італія,314,340,338,-26,-24,"-7,18%",48,175,"0,76","0,63",13%,РИНКОВА ЦІНА,106,11,95,"0,10","0,90"
ACC-71,Знайомтесь - Німеччина: Берлін + Потсдам + Дрезден + Саксонська Швейцарія,COMPETITOR,Accord tour,Німеччина,212,238,237,-27,-26,"-10,85%",7,93,"0,75","0,70",5%,РИНКОВА ЦІНА,18,0,18,"0,00","1,00"
ACC-72,"Кращі коліжанки Чеського королівства + SPA релакс  Прага, Дрезден, Карлові Вари",COMPETITOR,Accord tour,Чехія,234,204,199,29,35,"17,34%",16,139,"0,76","0,68",8%,ДОРОГИЙ,22,3,19,"0,14","0,86"
ACC-73,"Вихідні в Італії  Флоренція, Рим, Венеція",COMPETITOR,Accord tour,Італія,248,340,338,-92,-90,"-26,57%",29,109,"0,67","0,63",4%,ДЕШЕВИЙ,106,11,95,"0,10","0,90"
ACC-74,Особливий вікенд: Любляна + Венеція,COMPETITOR,Accord tour,Італія,231,340,338,-109,-107,"-31,75%",25,92,"0,71","0,63",7%,ДЕШЕВИЙ,106,11,95,"0,10","0,90"
ACC-75,"Соковитий вікенд: Верона, Рим, Венеція!",COMPETITOR,Accord tour,Італія,252,340,338,-88,-86,"-25,39%",34,113,"0,64","0,63",0%,ДЕШЕВИЙ,106,11,95,"0,10","0,90"
ACC-76,Під прапором Греції... Салоніки + Метеори + Афіни + Дельфи,COMPETITOR,Accord tour,Греція,481,420,407,61,75,"18,33%",19,276,"0,68","0,54",14%,ДОРОГИЙ,28,2,26,"0,07","0,93"
ACC-77,Любовне зізнання: Відень + Прага!,COMPETITOR,Accord tour,Австрія,245,210,199,35,46,"23,12%",29,150,"0,69","0,63",5%,ДОРОГИЙ,39,3,36,"0,08","0,92"
ACC-78,"Мелодії Альп... Швейцарія, Баварія, Австрія +Майнау –острів весняних мрій...",COMPETITOR,Accord tour,Швейцарія,270,333,334,-64,-64,"-19,19%",8,82,"0,77","0,74",3%,ДЕШЕВИЙ,29,1,28,"0,03","0,97"
ACC-79,"Чао, Італія! 2 дні в Римі + Флоренція і Венеція!",COMPETITOR,Accord tour,Італія,408,340,338,68,70,"20,80%",81,269,"0,74","0,63",11%,ДОРОГИЙ,106,11,95,"0,10","0,90"
ACC-80,Секрет вічності… Рим + Флоренція і Венеція,COMPETITOR,Accord tour,Італія,337,340,338,-3,-1,"-0,37%",53,198,"0,71","0,63",8%,РИНКОВА ЦІНА,106,11,95,"0,10","0,90"
ACC-81,"Таємнича Греція:  Салоніки, Афіни, Метеори",COMPETITOR,Accord tour,Греція,339,420,407,-81,-68,"-16,61%",10,134,"0,61","0,54",7%,ДЕШЕВИЙ,28,2,26,"0,07","0,93"
ACC-82,"Скажемо «чііііз» в Італії: 3 дні в Римі + Неаполь, Флоренція і Венеція",COMPETITOR,Accord tour,Італія,443,340,338,103,105,"31,01%",84,304,"0,66","0,63",3%,ДОРОГИЙ,106,11,95,"0,10","0,90"
ACC-83,"Завжди на висоті... Італія! Флоренція, Рим, Венеція + Доломітові Альпи",COMPETITOR,Accord tour,Італія,441,340,338,101,103,"30,57%",83,302,"0,69","0,63",6%,ДОРОГИЙ,106,11,95,"0,10","0,90"
ACC-84,Грація Північної Італії,COMPETITOR,Accord tour,Італія,498,340,338,158,160,"47,45%",95,359,"0,63","0,63",0%,ДОРОГИЙ,106,11,95,"0,10","0,90"
ACC-85,Пригоди невгамовних або ще більше Італії + Сан-Марино,COMPETITOR,Accord tour,Італія,554,340,338,214,216,"64,03%",100,415,"0,57","0,63",-6%,ДОРОГИЙ,106,11,95,"0,10","0,90"
ACC-86,Найкращі хвилини в Італії!,COMPETITOR,Accord tour,Італія,307,340,338,-33,-31,"-9,10%",45,168,"0,83","0,63",20%,РИНКОВА ЦІНА,106,11,95,"0,10","0,90"
ACC-87,"Стильна Італія... Трієст, Мілан, озеро Комо, Верона!",COMPETITOR,Accord tour,Італія,394,340,338,54,56,"16,51%",76,255,"0,73","0,63",10%,ДОРОГИЙ,106,11,95,"0,10","0,90"
ACC-88,"Вікенд на трьох! Краків, Відень, Будапешт",COMPETITOR,Accord tour,Австрія,168,210,199,-42,-31,"-15,58%",14,73,"0,76","0,63",12%,ДЕШЕВИЙ,39,3,36,"0,08","0,92"
ACC-89,"Мелодії Альп...  Швейцарія, Баварія, Австрія...",COMPETITOR,Accord tour,Швейцарія,270,333,334,-64,-64,"-19,19%",8,82,"0,77","0,74",3%,ДЕШЕВИЙ,29,1,28,"0,03","0,97"
ACC-90,Італійська пригода: 2 дні в Римі + Адріатичне узбережжя,COMPETITOR,Accord tour,Італія,359,340,338,19,21,"6,29%",67,220,"0,75","0,63",12%,РИНКОВА ЦІНА,106,11,95,"0,10","0,90"
ACC-91,https://www.accordtour.com/tours/660106/tab/tab_price/tour_date/2026-04-29/cls_number_adult_cnt/%7B1:1%7D/cls_number_child_age/%7B%7D/tour_include_ins/true,COMPETITOR,Accord tour,Італія,172,340,338,-168,-166,"-49,07%",8,33,"0,77","0,63",14%,ДЕШЕВИЙ,106,11,95,"0,10","0,90"
ACC-92,Ритми моди:Париж+Мілан,COMPETITOR,Accord tour,Італія,487,340,338,147,149,"44,19%",93,348,"0,62","0,63",-1%,ДОРОГИЙ,106,11,95,"0,10","0,90"
ACC-93,Фіорди Півночі!!!,COMPETITOR,Accord tour,Норвегія,568,527,538,41,30,"5,58%",7,183,"0,73","0,69",4%,РИНКОВА ЦІНА,9,1,8,"0,11","0,89"
ACC-94,Вихідні в Ельзасі + Швейцарія,COMPETITOR,Accord tour,Швейцарія,278,333,334,-55,-56,"-16,64%",10,90,"0,74","0,74",0%,ДЕШЕВИЙ,29,1,28,"0,03","0,97"
ACC-95,"Мікс щасливих емоцій  Ніцца, Монако, Портофіно",COMPETITOR,Accord tour,Італія,205,340,338,-135,-133,"-39,30%",14,66,"0,66","0,63",3%,ДЕШЕВИЙ,106,11,95,"0,10","0,90"
ACC-96,Три щасливі дні  Прага + Дрезден,COMPETITOR,Accord tour,Чехія,192,204,199,-13,-8,"-3,77%",9,97,"0,79","0,68",11%,РИНКОВА ЦІНА,22,3,19,"0,14","0,86"
ACC-97,Французький поцілунок!!!,COMPETITOR,Accord tour,Франція,245,366,352,-121,-107,"-30,40%",7,48,"0,66","0,70",-4%,ДЕШЕВИЙ,71,3,68,"0,04","0,96"
ACC-98,Вікенд з видом на море: Венеція + відпочинок на Адріатичному морі Італії,COMPETITOR,Accord tour,Італія,161,340,338,-179,-177,"-52,33%",6,22,"0,48","0,63",-15%,ДЕШЕВИЙ,106,11,95,"0,10","0,90"
ACC-99,В хорошому настрої:  Салоніки + Метеори + відпочинок на Егейському морі,COMPETITOR,Accord tour,Греція,235,420,407,-185,-172,"-42,31%",3,30,"0,50","0,54",-5%,ДЕШЕВИЙ,28,2,26,"0,07","0,93"
ACC-100,Натхненний вікенд в Трансільванії...,COMPETITOR,Accord tour,Румунія,170,167,160,2,10,"5,94%",15,71,"0,86","0,68",18%,РИНКОВА ЦІНА,21,3,18,"0,14","0,86"
ACC-101,Вище неба: відпочинок у Доломітових Альпах Італії,COMPETITOR,Accord tour,Італія,382,340,338,42,44,"13,10%",73,243,"0,65","0,63",2%,РИНКОВА ЦІНА,106,11,95,"0,10","0,90"
ACC-102,"Лазурові пригоди  Ніцца, Монако, Канни, Прованс",COMPETITOR,Accord tour,Франція,327,366,352,-39,-25,"-7,10%",25,130,"0,74","0,70",4%,РИНКОВА ЦІНА,71,3,68,"0,04","0,96"
ACC-103,"Олімпійський привіт: Салоніки, Афіни, Метеори",COMPETITOR,Accord tour,Греція,318,420,407,-102,-89,"-21,89%",7,113,"0,59","0,54",5%,ДЕШЕВИЙ,28,2,26,"0,07","0,93"
ACC-104,"Там, де Північ зустрічається з Півднем… Амстердам+Мілан+Венеція!",COMPETITOR,Accord tour,Нідерланди,341,349,348,-8,-7,"-2,01%",15,146,"0,73","0,70",3%,РИНКОВА ЦІНА,32,1,31,"0,03","0,97"
ACC-105,"Лазурова відпустка  Ніцца, Канни, Монако, Сан Ремо, Портофіно",COMPETITOR,Accord tour,Італія,478,340,338,138,140,"41,52%",91,339,"0,64","0,63",1%,ДОРОГИЙ,106,11,95,"0,10","0,90"
ACC-106,Яскраві враження.... Амстердам та Париж...,COMPETITOR,Accord tour,Франція,397,366,352,30,45,"12,64%",45,199,"0,73","0,70",2%,РИНКОВА ЦІНА,71,3,68,"0,04","0,96"
ACC-107,"Рим притягує нас!  Відень, Флоренція та Венеція",COMPETITOR,Accord tour,Італія,302,340,338,-38,-36,"-10,58%",44,163,"0,79","0,63",16%,РИНКОВА ЦІНА,106,11,95,"0,10","0,90"
ACC-108,"Швейцарська казка  Цюріх, Берн, Женева + Монблан",COMPETITOR,Accord tour,Швейцарія,334,333,334,0,0,"0,00%",15,146,"0,85","0,74",11%,РИНКОВА ЦІНА,29,1,28,"0,03","0,97"
ACC-109,"Швейцарська інтрига  Австрія, Італія та Доломітові Альпи",COMPETITOR,Accord tour,Швейцарія,341,333,334,7,7,"2,10%",16,153,"0,84","0,74",10%,РИНКОВА ЦІНА,29,1,28,"0,03","0,97"
ACC-110,"Віденський експрес!  Краків, Відень, Будапешт",COMPETITOR,Accord tour,Австрія,111,210,199,-99,-89,"-44,47%",4,16,"0,64","0,63",0%,ДЕШЕВИЙ,39,3,36,"0,08","0,92"
ACC-111,Вічна класика: Салоніки + Афіни + Метеори,COMPETITOR,Accord tour,Греція,297,420,407,-123,-110,"-27,06%",5,92,"0,58","0,54",4%,ДЕШЕВИЙ,28,2,26,"0,07","0,93"
ACC-112,Перше побачення в Греції:  Салоніки + Олімп + Метеори + Грецькі Альпи,COMPETITOR,Accord tour,Греція,205,420,407,-215,-202,"-49,57%",1,0,"0,48","0,54",-6%,ДЕШЕВИЙ,28,2,26,"0,07","0,93"
ACC-113,Наш красивий вікенд!,COMPETITOR,Accord tour,Угорщина,229,162,159,66,69,"43,49%",11,140,"0,69","0,63",6%,ДОРОГИЙ,12,2,10,"0,17","0,83"
ACC-114,Іспанія – горда квітка Півдня  Відпочинок на морі,COMPETITOR,Accord tour,Іспанія,407,538,505,-131,-98,"-19,33%",6,65,"0,71","0,64",8%,ДЕШЕВИЙ,22,2,20,"0,09","0,91"
ACC-115,Літня відпустка під іспанськими вітрилами  Відпочинок на морі,COMPETITOR,Accord tour,Іспанія,575,538,505,36,70,"13,88%",14,233,"0,75","0,64",11%,РИНКОВА ЦІНА,22,2,20,"0,09","0,91"
ACC-116,"Сонячна відпустка:  Трієст, Мілан, Генуя і Венеція",COMPETITOR,Accord tour,Італія,354,340,338,14,16,"4,66%",61,215,"0,83","0,63",20%,РИНКОВА ЦІНА,106,11,95,"0,10","0,90"
ACC-117,Випускний в Італії: 2 дні в Римі + відпочинок на морі,COMPETITOR,Accord tour,Італія,359,340,338,19,21,"6,14%",65,220,"0,75","0,63",12%,РИНКОВА ЦІНА,106,11,95,"0,10","0,90"
ACC-118,"Париж в моді, при любій погоді!",COMPETITOR,Accord tour,Франція,350,366,352,-16,-2,"-0,57%",32,153,"0,73","0,70",3%,РИНКОВА ЦІНА,71,3,68,"0,04","0,96"
ACC-119,"Мрії в подарунок…  Егер, Відень і Будапешт!",COMPETITOR,Accord tour,Угорщина,170,162,159,7,10,"6,44%",7,81,"0,84","0,63",21%,РИНКОВА ЦІНА,12,2,10,"0,17","0,83"
ACC-120,Естетика півдня: Амальфітанське узбережжя + Рим,COMPETITOR,Accord tour,Італія,530,340,338,190,192,"56,92%",96,391,"0,59","0,63",-5%,ДОРОГИЙ,106,11,95,"0,10","0,90"
ACC-121,"Love is...Венеція і Париж! + Діснейленд, Верона та Мілан...",COMPETITOR,Accord tour,Італія,339,340,338,-1,1,"0,37%",54,200,"0,76","0,63",13%,РИНКОВА ЦІНА,106,11,95,"0,10","0,90"
ACC-122,Must seе - Amsterdam або 2 дні в Амстердамі!,COMPETITOR,Accord tour,Нідерланди,275,349,348,-74,-73,"-20,86%",7,80,"0,64","0,70",-6%,ДЕШЕВИЙ,32,1,31,"0,03","0,97"
ACC-123,Мій маленький рай - Чорногорія!,COMPETITOR,Accord tour,Чорногорія,339,364,369,-25,-30,"-8,13%",4,88,"0,63","0,63",0%,РИНКОВА ЦІНА,13,1,12,"0,08","0,92"
ACC-124,Балканська красуня - Чорногорія!  Відпочинок на Адріатичному узбережжі...,COMPETITOR,Accord tour,Чорногорія,369,364,369,5,0,"0,00%",7,118,"0,76","0,63",13%,РИНКОВА ЦІНА,13,1,12,"0,08","0,92"
ACC-125,Швейцарське фондю: вся Швейцарія і Австрія!!!,COMPETITOR,Accord tour,Швейцарія,511,333,334,177,177,"53,07%",29,323,"0,66","0,74",-8%,ДОРОГИЙ,29,1,28,"0,03","0,97"
ACC-126,У ритмі літа... Відпочинок на Адріатичному морі Італії,COMPETITOR,Accord tour,Італія,359,340,338,19,21,"6,14%",65,220,"0,60","0,63",-3%,РИНКОВА ЦІНА,106,11,95,"0,10","0,90"
ACC-127,Моя морська насолода!  Відпочинок на Адріатичному морі Італії!,COMPETITOR,Accord tour,Італія,464,340,338,124,126,"37,23%",89,325,"0,58","0,63",-5%,ДОРОГИЙ,106,11,95,"0,10","0,90"
ACC-128,Куточок морського раю… відпочинок на Лігурійському узбережжі Італії,COMPETITOR,Accord tour,Італія,563,340,338,223,225,"66,54%",101,424,"0,45","0,63",-18%,ДОРОГИЙ,106,11,95,"0,10","0,90"
ACC-129,Відпустка на морі: відпочинок на Адріатичному узбережжя Італії,COMPETITOR,Accord tour,Італія,533,340,338,193,195,"57,66%",97,394,"0,50","0,63",-13%,ДОРОГИЙ,106,11,95,"0,10","0,90"
ACC-130,Я і море - це amore: 3 ночі на узбережжі Адріатичного моря Італії,COMPETITOR,Accord tour,Італія,276,340,338,-64,-62,"-18,43%",36,137,"0,55","0,63",-8%,ДЕШЕВИЙ,106,11,95,"0,10","0,90"
ACC-131,"Скандинавський бум: Стокгольм, Осло, Копенгаген!  3 столиці Скандинавії!",COMPETITOR,Accord tour,Данія,519,519,519,0,0,"0,00%",1,0,"0,79","0,79",0%,РИНКОВА ЦІНА,1,0,1,"0,00","1,00"
ACC-132,Підкоренні красою… Скандинавія і Фйорди!,COMPETITOR,Accord tour,Норвегія,713,527,538,186,175,"32,53%",9,328,"0,60","0,69",-9%,ДОРОГИЙ,9,1,8,"0,11","0,89"
ACC-133,Цікаві вихідні в Трансільванії,COMPETITOR,Accord tour,Румунія,176,167,160,9,16,"10,00%",16,77,"0,84","0,68",16%,РИНКОВА ЦІНА,21,3,18,"0,14","0,86"
ACC-134,Серце Адріатики... Чорногорія + Хорватія,COMPETITOR,Accord tour,Чорногорія,360,364,369,-5,-10,"-2,57%",6,109,"0,75","0,63",13%,РИНКОВА ЦІНА,13,1,12,"0,08","0,92"
ACC-135,Морський бриз Чорногорії,COMPETITOR,Accord tour,Чорногорія,251,364,369,-113,-118,"-31,98%",1,0,"0,55","0,63",-7%,ДЕШЕВИЙ,13,1,12,"0,08","0,92"
ACC-136,Палкий тиждень в Іспанії,COMPETITOR,Accord tour,Іспанія,489,538,505,-49,-16,"-3,07%",11,147,"0,71","0,64",7%,РИНКОВА ЦІНА,22,2,20,"0,09","0,91"
ACC-137,Незнайомка з Півдня... Італія,COMPETITOR,Accord tour,Італія,606,340,338,266,268,"79,42%",105,467,"0,48","0,63",-15%,ДОРОГИЙ,106,11,95,"0,10","0,90"
ACC-138,"Казки Балтійського моря  Стокгольм, Рига, Таллінн",COMPETITOR,Accord tour,Естонія,282,312,312,-30,-30,"-9,70%",1,0,"0,73","0,72",1%,РИНКОВА ЦІНА,2,0,2,"0,00","1,00"
ACC-139,Спокій Адріатики  Відпочинок на морі в Чорногорії,COMPETITOR,Accord tour,Чорногорія,289,364,369,-76,-81,"-21,82%",3,38,"0,59","0,63",-3%,ДЕШЕВИЙ,13,1,12,"0,08","0,92"
ACC-140,Курортний Роман  Відпочинок на морі Іспанії  Швейцарія + Іспанія + Франція,COMPETITOR,Accord tour,Іспанія,759,538,505,221,255,"50,45%",20,417,"0,60","0,64",-3%,ДОРОГИЙ,22,2,20,"0,09","0,91"
ACC-141,Серенада південного сонця  Іспанія + Швейцарія   Відпочинок на морі,COMPETITOR,Accord tour,Іспанія,854,538,505,315,349,"69,18%",22,512,"0,53","0,64",-11%,ДОРОГИЙ,22,2,20,"0,09","0,91"
ACC-142,"«Релакс» по-італійськи: Амальфітанське узбережжя + Рим, Флоренція і Венеція!",COMPETITOR,Accord tour,Італія,574,340,338,234,236,"69,80%",102,435,"0,48","0,63",-15%,ДОРОГИЙ,106,11,95,"0,10","0,90"
ACC-143,Вікенд у Будапешт! + Відень!,COMPETITOR,Accord tour,Угорщина,89,162,159,-73,-70,"-44,11%",1,0,"0,50","0,63",-13%,ДЕШЕВИЙ,12,2,10,"0,17","0,83"
ACC-144,"Жага пригод  Амстердам, Париж + Діснейленд",COMPETITOR,Accord tour,Нідерланди,311,349,348,-38,-37,"-10,50%",11,116,"0,73","0,70",3%,РИНКОВА ЦІНА,32,1,31,"0,03","0,97"
ACC-145,Мої зимові пригоди в Італії: відпочинок в Доломітових Альпах,COMPETITOR,Accord tour,Італія,375,340,338,35,37,"11,03%",71,236,"0,68","0,63",4%,РИНКОВА ЦІНА,106,11,95,"0,10","0,90"
ACC-146,Східний хіт - Істанбул!,COMPETITOR,Accord tour,Молдова,262,207,207,55,55,"26,57%",2,110,"0,54","0,63",-9%,ДОРОГИЙ,2,0,2,"0,00","1,00"
ACC-147,Шалене серце або дорога до улюблених місць...,COMPETITOR,Accord tour,Болгарія,346,387,387,-42,-42,"-10,78%",1,0,"0,77","0,70",7%,РИНКОВА ЦІНА,2,0,2,"0,00","1,00"
ACC-148,Захоплюючий вікенд… + Трансфегераш,COMPETITOR,Accord tour,Румунія,178,167,160,11,18,"11,25%",17,79,"0,83","0,68",15%,РИНКОВА ЦІНА,21,3,18,"0,14","0,86"
ACC-149,Побачення з вампіром!!! Бухарест+Брашов,COMPETITOR,Accord tour,Румунія,134,167,160,-34,-27,"-16,56%",5,35,"0,69","0,68",1%,ДЕШЕВИЙ,21,3,18,"0,14","0,86"
ACC-150,"Там, де сонце торкається гірських вершин…",COMPETITOR,Accord tour,Румунія,267,167,160,100,107,"66,88%",20,168,"0,50","0,68",-18%,ДОРОГИЙ,21,3,18,"0,14","0,86"
ACC-151,Вікенд з родзинкою… Замок Корвінів + Турда!,COMPETITOR,Accord tour,Румунія,164,167,160,-4,4,"2,19%",13,65,"0,81","0,68",13%,РИНКОВА ЦІНА,21,3,18,"0,14","0,86"
ACC-152,У компанії з морем: Відпочинок на Егейському узбережжі,COMPETITOR,Accord tour,Греція,252,420,407,-168,-155,"-38,13%",4,47,"0,48","0,54",-6%,ДЕШЕВИЙ,28,2,26,"0,07","0,93"
ACC-153,"Посмішка Кармен! Любляна, Мілан, Барселона, Ніцца та Венеція!",COMPETITOR,Accord tour,Іспанія,444,538,505,-95,-61,"-12,09%",8,102,"0,73","0,64",10%,РИНКОВА ЦІНА,22,2,20,"0,09","0,91"
ACC-154,Моя гірська симфонія...,COMPETITOR,Accord tour,Греція,302,420,407,-118,-105,"-25,71%",6,97,"0,73","0,54",19%,ДЕШЕВИЙ,28,2,26,"0,07","0,93"
ACC-155,"Таємничий вікенд... Невермор, Дракула, Бухарест...",COMPETITOR,Accord tour,Румунія,242,167,160,74,82,"50,94%",19,143,"0,57","0,68",-11%,ДОРОГИЙ,21,3,18,"0,14","0,86"
ACC-156,Солодкі дотики моря... Греція! Відпочинок на Егейському морі!,COMPETITOR,Accord tour,Греція,419,420,407,-1,13,"3,08%",15,214,"0,62","0,54",8%,РИНКОВА ЦІНА,28,2,26,"0,07","0,93"
ACC-157,Сонячна розкіш Чорногорія + Хорватія Відпочинок на морі в Чорногорії,COMPETITOR,Accord tour,Чорногорія,423,364,369,59,54,"14,63%",11,172,"0,70","0,63",7%,РИНКОВА ЦІНА,13,1,12,"0,08","0,92"
ACC-158,Приємний вікенд  Прага + Дрезден,COMPETITOR,Accord tour,Чехія,122,204,199,-82,-77,"-38,69%",2,27,"0,60","0,68",-7%,ДЕШЕВИЙ,22,3,19,"0,14","0,86"
ACC-159,Празьке дежавю  Прага та Відень,COMPETITOR,Accord tour,Чехія,134,204,199,-70,-65,"-32,66%",4,39,"0,67","0,68",-1%,ДЕШЕВИЙ,22,3,19,"0,14","0,86"
ACC-160,Неймовірні пригоди у Санта-Клауса,COMPETITOR,Accord tour,Фінляндія,538,603,603,-65,-65,"-10,79%",1,0,"0,72","0,69",3%,РИНКОВА ЦІНА,2,0,2,"0,00","1,00"
ACC-161,Полювання на вампірів,COMPETITOR,Accord tour,Румунія,145,167,160,-22,-15,"-9,38%",7,46,"0,71","0,68",3%,РИНКОВА ЦІНА,21,3,18,"0,14","0,86"
ACC-162,Подорож в Трансільванію…,COMPETITOR,Accord tour,Румунія,267,167,160,100,107,"66,88%",20,168,"0,54","0,68",-14%,ДОРОГИЙ,21,3,18,"0,14","0,86"
ACC-163,Ароматний вікенд…,COMPETITOR,Accord tour,Молдова,152,207,207,-55,-55,"-26,57%",1,0,"0,72","0,63",9%,ДЕШЕВИЙ,2,0,2,"0,00","1,00"
ACC-164,Перше кохання... Прага,COMPETITOR,Accord tour,Чехія,337,204,199,133,138,"69,35%",21,242,"0,57","0,68",-11%,ДОРОГИЙ,22,3,19,"0,14","0,86"
ACC-165,Пікнічок в Амстердамі,COMPETITOR,Accord tour,Нідерланди,223,349,348,-126,-125,"-35,83%",4,28,"0,60","0,70",-10%,ДЕШЕВИЙ,32,1,31,"0,03","0,97"
ACC-166,Побачення в Парижі! + Мюнхен!,COMPETITOR,Accord tour,Франція,436,366,352,70,84,"23,86%",53,239,"0,75","0,70",5%,ДОРОГИЙ,71,3,68,"0,04","0,96"
ACC-167,Вікенд в Бухаресті...,COMPETITOR,Accord tour,Румунія,131,167,160,-37,-30,"-18,44%",4,32,"0,66","0,68",-2%,ДЕШЕВИЙ,21,3,18,"0,14","0,86"
ACC-168,Максимум насолоди або моя бажана відпустка!!!,COMPETITOR,Accord tour,Албанія,523,514,523,9,0,"0,00%",5,208,"0,68","0,64",4%,РИНКОВА ЦІНА,9,0,9,"0,00","1,00"
ACC-169,Мій літній романс або який солодкий шум прибою... Албанія,COMPETITOR,Accord tour,Албанія,459,514,523,-55,-64,"-12,15%",3,144,"0,62","0,64",-2%,РИНКОВА ЦІНА,9,0,9,"0,00","1,00"
ACC-170,"Канікули в Парижі +Страсбург  Діснейленд, Астерікс, Європа Парк",COMPETITOR,Accord tour,Франція,382,366,352,15,30,"8,38%",39,184,"0,83","0,70",13%,РИНКОВА ЦІНА,71,3,68,"0,04","0,96"
ACC-171,Вікенд в Будапешт! + Хевіз!,COMPETITOR,Accord tour,Угорщина,102,162,159,-60,-57,"-35,95%",2,13,"0,67","0,63",4%,ДЕШЕВИЙ,12,2,10,"0,17","0,83"
ACC-172,"Схід, солодка любов моя... Туреччина + Греція",COMPETITOR,Accord tour,Греція,364,420,407,-56,-43,"-10,46%",12,159,"0,79","0,54",25%,РИНКОВА ЦІНА,28,2,26,"0,07","0,93"
ACC-173,Музика прибою: Відпочинок на Егейському морі Греції!,COMPETITOR,Accord tour,Греція,321,420,407,-99,-86,"-21,16%",8,116,"0,55","0,54",1%,ДЕШЕВИЙ,28,2,26,"0,07","0,93"
ACC-174,Сієста у греків:  відпочинок на Егейському морі і Охридському озері,COMPETITOR,Accord tour,Греція,492,420,407,72,85,"20,91%",20,287,"0,66","0,54",12%,ДОРОГИЙ,28,2,26,"0,07","0,93"
ACC-175,"Всі фарби Балкан  Албанія, Північна Македонія, Болгарія",COMPETITOR,Accord tour,Албанія,489,514,523,-25,-34,"-6,51%",4,174,"0,77","0,64",13%,РИНКОВА ЦІНА,9,0,9,"0,00","1,00"
ACC-176,Неймовірне знайомство... Македонія + Албанія,COMPETITOR,Accord tour,Албанія,534,514,523,20,11,"2,11%",6,219,"0,73","0,64",9%,РИНКОВА ЦІНА,9,0,9,"0,00","1,00"
ACC-177,Мій літній коктейль…  Тур з відпочинком на морі в Албанії…,COMPETITOR,Accord tour,Албанія,680,514,523,166,158,"30,14%",9,365,"0,63","0,64",-1%,ДОРОГИЙ,9,0,9,"0,00","1,00"
ACC-178,Аромат зі східними нотами...,COMPETITOR,Accord tour,Албанія,430,514,523,-84,-93,"-17,80%",2,115,"0,74","0,64",10%,ДЕШЕВИЙ,9,0,9,"0,00","1,00"
ACC-179,Лапландія і Томтеленд - У світі Санта Клауса!,COMPETITOR,Accord tour,Фінляндія,668,603,603,65,65,"10,79%",2,130,"0,66","0,69",-3%,РИНКОВА ЦІНА,2,0,2,"0,00","1,00"
ACC-180,Полуниця з Портвейном... Португалія,COMPETITOR,Accord tour,Португалія,814,744,814,70,0,"0,00%",2,269,"0,82","0,74",9%,РИНКОВА ЦІНА,3,0,3,"0,00","1,00"
ACC-181,Амстердам - ковток свободи,COMPETITOR,Accord tour,Нідерланди,366,349,348,17,19,"5,32%",20,171,"0,79","0,70",9%,РИНКОВА ЦІНА,32,1,31,"0,03","0,97"
ACC-182,"Веселий ярмарок...  Різдвяна Німеччина та Франція.  Дрезден, Нюрнберг, Страсбург, Кольмар, Прага",COMPETITOR,Accord tour,Німеччина,269,238,237,30,31,"13,17%",12,150,"0,80","0,70",10%,РИНКОВА ЦІНА,18,0,18,"0,00","1,00"
ACC-183,Без меж - Будапешт!  Виїзд  з Києва,COMPETITOR,Accord tour,Угорщина,194,162,159,32,35,"21,82%",9,105,"0,67","0,63",4%,ДОРОГИЙ,12,2,10,"0,17","0,83"
ADR-1,Чеські перлини: 4 ночі в Празі + Дрезден  ,COMPETITOR,Adriatic,Чехія,248,204,199,43,49,"24,37%",19,153,"0,64","0,68",-4%,ДОРОГИЙ,22,3,19,"0,14","0,86"
ADR-2,"Рим прекрасний завжди...: 2 дні в Римі + Венеція, Флоренція  ",COMPETITOR,Adriatic,Італія,294,340,338,-46,-44,"-12,95%",41,155,"0,67","0,63",4%,РИНКОВА ЦІНА,106,11,95,"0,10","0,90"
ADR-3,Європейська мозаїка: Краків-Прага-Відень-Будапешт ,COMPETITOR,Adriatic,Австрія,199,210,199,-11,0,"0,00%",20,104,"0,80","0,63",16%,РИНКОВА ЦІНА,39,3,36,"0,08","0,92"
ADR-4,Неймовірна Швейцарія та Ельзас!  ,COMPETITOR,Adriatic,Швейцарія,284,333,334,-50,-50,"-14,99%",11,96,"0,78","0,74",4%,РИНКОВА ЦІНА,29,1,28,"0,03","0,97"
ADR-5,"Італійський вікенд... Венеція, Флоренція, Рим  ",COMPETITOR,Adriatic,Італія,252,340,338,-88,-86,"-25,39%",34,113,"0,64","0,63",0%,ДЕШЕВИЙ,106,11,95,"0,10","0,90"
ADR-6,Париж - місто кохання ,COMPETITOR,Adriatic,Франція,251,366,352,-116,-102,"-28,84%",9,53,"0,65","0,70",-5%,ДЕШЕВИЙ,71,3,68,"0,04","0,96"
ADR-7,«Австрійський хіт + Будапешт» ,COMPETITOR,Adriatic,Австрія,144,210,199,-66,-55,"-27,64%",8,49,"0,64","0,63",0%,ДЕШЕВИЙ,39,3,36,"0,08","0,92"
ADR-8,"Богемські вихідні: 3 ночі в Празі + Дрезден, Карлові Вари, Чеський Крумлов  ",COMPETITOR,Adriatic,Чехія,219,204,199,15,20,"10,05%",14,124,"0,75","0,68",7%,РИНКОВА ЦІНА,22,3,19,"0,14","0,86"
ADR-9,Мікс вікенд: Будапешт + Відень  ,COMPETITOR,Adriatic,Австрія,106,210,199,-104,-93,"-46,73%",2,11,"0,53","0,63",-11%,ДЕШЕВИЙ,39,3,36,"0,08","0,92"
ADR-10,Так добре разом: Париж+ Бенілюкс  ,COMPETITOR,Adriatic,Франція,485,366,352,119,133,"37,78%",65,288,"0,68","0,70",-3%,ДОРОГИЙ,71,3,68,"0,04","0,96"
ADR-11,Містична Трансільванія  ,COMPETITOR,Adriatic,Румунія,167,167,160,0,7,"4,38%",14,68,"0,67","0,68",-1%,РИНКОВА ЦІНА,21,3,18,"0,14","0,86"
ADR-12,"Смарагди Польщі: Морське Око, Закопане, Краків ",COMPETITOR,Adriatic,Польща,152,189,147,-37,5,"3,40%",10,53,"0,75","0,60",15%,РИНКОВА ЦІНА,16,4,12,"0,25","0,75"
ADR-13,Вікенд в Трансільванії  ,COMPETITOR,Adriatic,Румунія,140,167,160,-27,-20,"-12,50%",6,41,"0,60","0,68",-8%,РИНКОВА ЦІНА,21,3,18,"0,14","0,86"
ADR-14,"Прага - місто, яке обрало мене ",COMPETITOR,Adriatic,Чехія,170,204,199,-34,-29,"-14,57%",7,75,"0,71","0,68",4%,РИНКОВА ЦІНА,22,3,19,"0,14","0,86"
ADR-15,"Погляд в минуле: 3 дні в Римі + Помпеї, Неаполь  ",COMPETITOR,Adriatic,Італія,447,340,338,107,109,"32,35%",86,308,"0,68","0,63",5%,ДОРОГИЙ,106,11,95,"0,10","0,90"
ADR-16,Який чудовий Краків + парк Енерджіландія  ,COMPETITOR,Adriatic,Польща,147,189,147,-42,0,"0,00%",8,48,"0,77","0,60",17%,РИНКОВА ЦІНА,16,4,12,"0,25","0,75"
ADR-17,Прага - моє улюблене місто ,COMPETITOR,Adriatic,Чехія,162,204,199,-42,-37,"-18,59%",5,67,"0,66","0,68",-1%,ДЕШЕВИЙ,22,3,19,"0,14","0,86"
ADR-18,"О Рим, ти цілий світ! ",COMPETITOR,Adriatic,Італія,353,340,338,13,15,"4,52%",60,214,"0,80","0,63",16%,РИНКОВА ЦІНА,106,11,95,"0,10","0,90"
ADR-19,Зустрічаємось в Парижі + Мюнхен та Зальцбург ,COMPETITOR,Adriatic,Франція,344,366,352,-22,-8,"-2,27%",31,147,"0,81","0,70",11%,РИНКОВА ЦІНА,71,3,68,"0,04","0,96"
ADR-20,Веселі канікули: 3 дні в Парижі + Нормандія та Діснейленд!  ,COMPETITOR,Adriatic,Франція,301,366,352,-65,-51,"-14,49%",19,104,"0,72","0,70",2%,РИНКОВА ЦІНА,71,3,68,"0,04","0,96"
ADR-21,Румунія запрошує! Бухарест + замки Трансільванії  ,COMPETITOR,Adriatic,Румунія,162,167,160,-5,2,"1,25%",12,63,"0,72","0,68",4%,РИНКОВА ЦІНА,21,3,18,"0,14","0,86"
ADR-22,Блискучий вікенд: Дрезден - Прага - Відень - Будапешт  ,COMPETITOR,Adriatic,Польща,239,189,147,50,92,"62,59%",15,140,"0,53","0,60",-7%,ДОРОГИЙ,16,4,12,"0,25","0,75"
ADR-23,Кращі з кращих: Відень-Зальцбург-Мюнхен  ,COMPETITOR,Adriatic,Австрія,239,210,199,29,40,"20,10%",27,144,"0,70","0,63",6%,ДОРОГИЙ,39,3,36,"0,08","0,92"
ADR-24,Який чудовий цей Краків  ,COMPETITOR,Adriatic,Польща,147,189,147,-42,0,"0,00%",8,48,"0,77","0,60",17%,РИНКОВА ЦІНА,16,4,12,"0,25","0,75"
ADR-25,Приємний вікенд: Краків-Прага-Відень-Будапешт  ,COMPETITOR,Adriatic,Австрія,153,210,199,-57,-46,"-23,12%",9,58,"0,60","0,63",-3%,ДЕШЕВИЙ,39,3,36,"0,08","0,92"
ADR-26,Париж - це пристрасть! Париж - це свято!»,COMPETITOR,Adriatic,Франція,314,366,352,-52,-38,"-10,80%",23,117,"0,70","0,70",0%,РИНКОВА ЦІНА,71,3,68,"0,04","0,96"
ADR-27,"Відпустка класу ""Люкс"" - країни БеНіЛюкс!  ",COMPETITOR,Adriatic,Нідерланди,355,349,348,6,8,"2,16%",18,160,"0,80","0,70",10%,РИНКОВА ЦІНА,32,1,31,"0,03","0,97"
ADR-28,Наш чудовий вікенд: Краків-Дрезден-Прага  ,COMPETITOR,Adriatic,Німеччина,198,238,237,-40,-39,"-16,54%",4,79,"0,73","0,70",3%,ДЕШЕВИЙ,18,0,18,"0,00","1,00"
ADR-29,"Від краю до краю: Париж, Амстердам, Нормандія… ",COMPETITOR,Adriatic,Франція,339,366,352,-27,-13,"-3,69%",29,142,"0,75","0,70",5%,РИНКОВА ЦІНА,71,3,68,"0,04","0,96"
ADR-30,"Французький колорит: Париж, Страсбург та Діснейленд!  ",COMPETITOR,Adriatic,Франція,351,366,352,-15,-1,"-0,28%",34,154,"0,85","0,70",14%,РИНКОВА ЦІНА,71,3,68,"0,04","0,96"
ADR-31,"Vive La France! Мон-Сен-Мішель, Луара та Нормандія! ",COMPETITOR,Adriatic,Франція,390,366,352,24,38,"10,80%",43,193,"0,79","0,70",8%,РИНКОВА ЦІНА,71,3,68,"0,04","0,96"
ADR-32,Гарно так: Париж + Цюрих! ,COMPETITOR,Adriatic,Франція,351,366,352,-15,-1,"-0,28%",34,154,"0,85","0,70",14%,РИНКОВА ЦІНА,71,3,68,"0,04","0,96"
ADR-33,"Швейцарія для тебе... Гріндельвальд, Швейцарська Рів'єра, гора Пілатус + гора Монблан!  ",COMPETITOR,Adriatic,Швейцарія,319,333,334,-14,-15,"-4,35%",14,131,"0,87","0,74",13%,РИНКОВА ЦІНА,29,1,28,"0,03","0,97"
ADR-34,Вікенд в Швейцарію + Зальцбург та Прага! ,COMPETITOR,Adriatic,Швейцарія,254,333,334,-79,-80,"-23,84%",5,66,"0,73","0,74",-2%,ДЕШЕВИЙ,29,1,28,"0,03","0,97"
ADR-35,Побачення на двох - Венеція і Верона… ,COMPETITOR,Adriatic,Італія,153,340,338,-187,-185,"-54,70%",4,14,"0,47","0,63",-16%,ДЕШЕВИЙ,106,11,95,"0,10","0,90"
ADR-36,"Смак Тоскани: Флоренція, Сієна та Сан-Джиміньяно  ",COMPETITOR,Adriatic,Італія,396,340,338,56,58,"17,25%",78,257,"0,73","0,63",10%,ДОРОГИЙ,106,11,95,"0,10","0,90"
ADR-37,Прекрасна - як мадонна! Донна Барселона!  ,COMPETITOR,Adriatic,Іспанія,405,538,505,-133,-100,"-19,72%",5,63,"0,66","0,64",3%,ДЕШЕВИЙ,22,2,20,"0,09","0,91"
ADR-38,Австрійський вікенд: Відень - Зальцбург - Прага  ,COMPETITOR,Adriatic,Австрія,234,210,199,24,35,"17,59%",26,139,"0,71","0,63",8%,ДОРОГИЙ,39,3,36,"0,08","0,92"
ADR-39,Міста для поцілунків: Відень-Венеція-Верона  ,COMPETITOR,Adriatic,Італія,297,340,338,-43,-41,"-12,07%",42,158,"0,71","0,63",8%,РИНКОВА ЦІНА,106,11,95,"0,10","0,90"
ADR-40,Незабутня відпустка в Німеччині  ,COMPETITOR,Adriatic,Чехія,342,204,199,138,143,"71,86%",22,247,"0,53","0,68",-15%,ДОРОГИЙ,22,3,19,"0,14","0,86"
ADR-41,Доломітові Альпи Італії: Відпочинок на вершині небес  ,COMPETITOR,Adriatic,Італія,351,340,338,11,13,"3,92%",59,212,"0,73","0,63",10%,РИНКОВА ЦІНА,106,11,95,"0,10","0,90"
ADR-42,"Краса без фільтрів: Зальцбург, Гальштат та озерний край Зальцкаммергут ",COMPETITOR,Adriatic,Австрія,262,210,199,52,63,"31,66%",30,167,"0,69","0,63",5%,ДОРОГИЙ,39,3,36,"0,08","0,92"
ADR-43,Париж та Амстердам збирає друзів!  ,COMPETITOR,Adriatic,Нідерланди,398,349,348,49,51,"14,53%",24,203,"0,77","0,70",7%,РИНКОВА ЦІНА,32,1,31,"0,03","0,97"
ADR-44,Італія моя любов... Венеція-Мілан-Верона  ,COMPETITOR,Adriatic,Італія,193,340,338,-147,-145,"-42,86%",12,54,"0,55","0,63",-8%,ДЕШЕВИЙ,106,11,95,"0,10","0,90"
ADR-45,"Від Альп до пальм: 3 дні в Барселоні + Зальцбург, Цюрих ",COMPETITOR,Adriatic,Франція,454,366,352,88,102,"28,98%",59,257,"0,50","0,70",-20%,ДОРОГИЙ,71,3,68,"0,04","0,96"
ADR-46,Незабутні моменти в Доломітових Альпах  ,COMPETITOR,Adriatic,Австрія,364,210,199,154,165,"82,91%",39,269,"0,42","0,63",-21%,ДОРОГИЙ,39,3,36,"0,08","0,92"
ADR-47,"Альпійська розкіш: Словенія, Італія та Австрія  ",COMPETITOR,Adriatic,Угорщина,292,162,159,130,133,"83,36%",12,203,"0,47","0,63",-16%,ДОРОГИЙ,12,2,10,"0,17","0,83"
ADR-48,Привіт Париж! (3 дні в Парижі + Нормандія та Діснейленд ,COMPETITOR,Adriatic,Франція,312,366,352,-54,-40,"-11,36%",22,115,"0,67","0,70",-3%,РИНКОВА ЦІНА,71,3,68,"0,04","0,96"
ADR-49,Подаруй собі Amsterdam  ,COMPETITOR,Adriatic,Нідерланди,337,349,348,-12,-11,"-3,02%",14,142,"0,72","0,70",2%,РИНКОВА ЦІНА,32,1,31,"0,03","0,97"
ADR-50,Селфі в Амстердамі ,COMPETITOR,Adriatic,Нідерланди,243,349,348,-106,-105,"-30,07%",5,48,"0,62","0,70",-8%,ДЕШЕВИЙ,32,1,31,"0,03","0,97"
ADR-51,Слідами вікінгів: Стокгольм + Осло  ,COMPETITOR,Adriatic,Норвегія,453,527,538,-74,-85,"-15,80%",3,68,"0,72","0,69",3%,ДЕШЕВИЙ,9,1,8,"0,11","0,89"
ADR-52,"Ах, мій милий Амстердам… ",COMPETITOR,Adriatic,Нідерланди,353,349,348,4,6,"1,58%",17,158,"0,77","0,70",7%,РИНКОВА ЦІНА,32,1,31,"0,03","0,97"
ADR-53,Романтика Адріатики: Хорватія та Чорногорія  ,COMPETITOR,Adriatic,Хорватія,406,379,365,27,42,"11,39%",6,252,"0,66","0,55",12%,РИНКОВА ЦІНА,9,0,9,"0,00","1,00"
ADR-54,"Подорож Балканами: Хорватія, Чорногорія, Албанія, Македонія та Боснія і Герцеговина  ",COMPETITOR,Adriatic,Хорватія,448,379,365,69,84,"22,91%",7,294,"0,70","0,55",15%,ДОРОГИЙ,9,0,9,"0,00","1,00"
ADR-55,"Ми в Ніццу, в Ніццу з вітерцем  ",COMPETITOR,Adriatic,Франція,470,366,352,104,118,"33,52%",63,273,"0,65","0,70",-6%,ДОРОГИЙ,71,3,68,"0,04","0,96"
ADR-56,Лазурна перлина - Ніцца  ,COMPETITOR,Adriatic,Франція,473,366,352,107,121,"34,38%",64,276,"0,54","0,70",-16%,ДОРОГИЙ,71,3,68,"0,04","0,96"
ADR-57,Тіроль - серце Альп ,COMPETITOR,Adriatic,Австрія,338,210,199,128,139,"69,85%",35,243,"0,54","0,63",-10%,ДОРОГИЙ,39,3,36,"0,08","0,92"
ADR-58,"Венеція - земля кохання і море чар… Портофіно, Мілан, озеро Комо  ",COMPETITOR,Adriatic,Італія,355,340,338,15,17,"5,11%",62,216,"0,76","0,63",13%,РИНКОВА ЦІНА,106,11,95,"0,10","0,90"
ADR-59,"Світ фантазій: Амстердам, Брюссель, Париж + парки розваг!  ",COMPETITOR,Adriatic,Нідерланди,531,349,348,182,184,"52,81%",32,336,"0,62","0,70",-8%,ДОРОГИЙ,32,1,31,"0,03","0,97"
ADR-60,"Земля фіордів, льодовиків... Норвегія... ",COMPETITOR,Adriatic,Норвегія,523,527,538,-5,-16,"-2,88%",4,138,"0,75","0,69",6%,РИНКОВА ЦІНА,9,1,8,"0,11","0,89"
ADR-61,"Італійський вікенд... Венеція, Флоренція, Рим ",COMPETITOR,Adriatic,Італія,248,340,338,-92,-90,"-26,57%",29,109,"0,63","0,63",0%,ДЕШЕВИЙ,106,11,95,"0,10","0,90"
ADR-62,Вікенд в Берліні  ,COMPETITOR,Adriatic,Німеччина,198,238,237,-40,-39,"-16,54%",4,79,"0,73","0,70",3%,ДЕШЕВИЙ,18,0,18,"0,00","1,00"
ADR-63,"Польськими містами - Краків, Вроцлав, Варшава + Енерджіландія, Африкаріум і аквапарк ",COMPETITOR,Adriatic,Польща,189,189,147,0,42,"28,57%",13,90,"0,69","0,60",9%,ДОРОГИЙ,16,4,12,"0,25","0,75"
ADR-64,"Секрети півночі: Стокгольм, Копенгаген та Гамбурґ  ",COMPETITOR,Adriatic,Швеція,530,336,290,195,241,"83,07%",7,365,"0,46","0,58",-12%,ДОРОГИЙ,8,0,8,"0,00","1,00"
ADR-65,Європейський експрес - від Кракова до Берліна ,COMPETITOR,Adriatic,Німеччина,234,238,237,-4,-3,"-1,37%",8,115,"0,86","0,70",16%,РИНКОВА ЦІНА,18,0,18,"0,00","1,00"
ADR-66,"Три дні релаксу: Будапешт, Егер, Токай + Відень  ",COMPETITOR,Adriatic,Австрія,172,210,199,-38,-27,"-13,57%",17,77,"0,70","0,63",6%,РИНКОВА ЦІНА,39,3,36,"0,08","0,92"
ADR-67,Слідами таємниць і легенд: Вроцлав-Берлін-Дрезден  ,COMPETITOR,Adriatic,Німеччина,198,238,237,-40,-39,"-16,54%",4,79,"0,69","0,70",-1%,ДЕШЕВИЙ,18,0,18,"0,00","1,00"
ADR-68,Дрезден та Берлін - Живи і Подорожуй  ,COMPETITOR,Adriatic,Німеччина,196,238,237,-42,-41,"-17,39%",3,77,"0,73","0,70",3%,ДЕШЕВИЙ,18,0,18,"0,00","1,00"
ADR-69,Італійські канікули на трьох морях ,COMPETITOR,Adriatic,Італія,400,340,338,60,62,"18,43%",80,261,"0,72","0,63",9%,ДОРОГИЙ,106,11,95,"0,10","0,90"
ADR-70,Пригоди в Парижі + Кольмар та Страсбург!  ,COMPETITOR,Adriatic,Франція,352,366,352,-14,0,"0,00%",36,155,"0,81","0,70",11%,РИНКОВА ЦІНА,71,3,68,"0,04","0,96"
ADR-71,Подорож до мрії: Париж та Діснейленд  ,COMPETITOR,Adriatic,Франція,272,366,352,-94,-80,"-22,73%",15,75,"0,70","0,70",0%,ДЕШЕВИЙ,71,3,68,"0,04","0,96"
ADR-72,"Тур де Франс: Париж, Мон-Сен-Мішель, Луара та Нормандія! ",COMPETITOR,Adriatic,Франція,459,366,352,93,107,"30,40%",61,262,"0,76","0,70",6%,ДОРОГИЙ,71,3,68,"0,04","0,96"
ADR-73,"Магія Скандинавії: Фіорди, Язик Троля, Берген, Льодовик!  ",COMPETITOR,Adriatic,Норвегія,538,527,538,11,0,"0,00%",5,153,"0,76","0,69",7%,РИНКОВА ЦІНА,9,1,8,"0,11","0,89"
ADR-74,Давай разом в Амстердам  ,COMPETITOR,Adriatic,Нідерланди,309,349,348,-40,-39,"-11,08%",10,114,"0,74","0,70",4%,РИНКОВА ЦІНА,32,1,31,"0,03","0,97"
ADR-75,Чорногорія - перлина Балканської Адріатики  ,COMPETITOR,Adriatic,Чорногорія,436,364,369,72,67,"18,16%",13,185,"0,57","0,63",-5%,ДОРОГИЙ,13,1,12,"0,08","0,92"
ADR-76,Морські історії в серці Чорногорії  ,COMPETITOR,Adriatic,Чорногорія,430,364,369,66,61,"16,53%",12,179,"0,58","0,63",-5%,ДОРОГИЙ,13,1,12,"0,08","0,92"
ADR-77,Вдала ідея - відпустка в Чорногорії,COMPETITOR,Adriatic,Чорногорія,354,364,369,-10,-15,"-4,07%",5,103,"0,64","0,63",2%,РИНКОВА ЦІНА,13,1,12,"0,08","0,92"
ADR-78,Знайомство з Норвегією: 4 фіорди + Язик Троля/Берген/Льодовик!» ,COMPETITOR,Adriatic,Норвегія,414,527,538,-114,-125,"-23,14%",2,29,"0,65","0,69",-4%,ДЕШЕВИЙ,9,1,8,"0,11","0,89"
ADR-79,Казкові канікули у Парижі + Нормандія! ,COMPETITOR,Adriatic,Франція,301,366,352,-65,-51,"-14,49%",19,104,"0,72","0,70",2%,РИНКОВА ЦІНА,71,3,68,"0,04","0,96"
ADR-80,"Лігурійське узбережжя - відпочинок в задоволення: Генуя, Флоренція, Венеція  ",COMPETITOR,Adriatic,Італія,355,340,338,15,17,"5,11%",62,216,"0,76","0,63",13%,РИНКОВА ЦІНА,106,11,95,"0,10","0,90"
ADR-81,Грецькі канікули (7 ночей на морі) ,COMPETITOR,Adriatic,Греція,584,420,407,164,178,"43,67%",25,379,"0,43","0,54",-12%,ДОРОГИЙ,28,2,26,"0,07","0,93"
ADR-82,«Італія моя любов... Венеція-Мілан-Верона»,COMPETITOR,Adriatic,Італія,193,340,338,-147,-145,"-42,86%",12,54,"0,55","0,63",-8%,ДЕШЕВИЙ,106,11,95,"0,10","0,90"
ADR-83,Еліксир кохання або 3 дні в Парижі: Нормандія + Ельзас,COMPETITOR,Adriatic,Франція,395,366,352,29,43,"12,22%",44,198,"0,81","0,70",11%,РИНКОВА ЦІНА,71,3,68,"0,04","0,96"
ADR-84,Селфі в Парижі + Берлін та Прага!  ,COMPETITOR,Adriatic,Франція,302,366,352,-64,-50,"-14,20%",21,105,"0,70","0,70",0%,РИНКОВА ЦІНА,71,3,68,"0,04","0,96"
ADR-85,Грецькі контрасти (7 ночей на морі в Калітеї)  ,COMPETITOR,Adriatic,Греція,522,420,407,102,115,"28,29%",22,317,"0,50","0,54",-4%,ДОРОГИЙ,28,2,26,"0,07","0,93"
ADR-86,Візьми мене до Греції ,COMPETITOR,Adriatic,Греція,442,420,407,22,36,"8,73%",16,237,"0,59","0,54",5%,РИНКОВА ЦІНА,28,2,26,"0,07","0,93"
ADR-87,Греція - моя любов  ,COMPETITOR,Adriatic,Греція,444,420,407,24,38,"9,23%",17,239,"0,59","0,54",5%,РИНКОВА ЦІНА,28,2,26,"0,07","0,93"
ADR-88,"Казковими містами: Амстердам, Брюссель, Париж ",COMPETITOR,Adriatic,Нідерланди,468,349,348,119,121,"34,68%",29,273,"0,74","0,70",4%,ДОРОГИЙ,32,1,31,"0,03","0,97"
ADR-89,Ласкаво просимо в Стокгольм ,COMPETITOR,Adriatic,Швеція,338,336,290,3,49,"16,75%",6,173,"0,72","0,58",14%,ДОРОГИЙ,8,0,8,"0,00","1,00"
ADR-90,Балтійський дует: Таллінн та Стокгольм  ,COMPETITOR,Adriatic,Швеція,274,336,290,-62,-16,"-5,35%",3,109,"0,63","0,58",5%,РИНКОВА ЦІНА,8,0,8,"0,00","1,00"
ADR-91,Золоті піски Іспанії! (6 ночей на морі)  ,COMPETITOR,Adriatic,Іспанія,708,538,505,170,204,"40,34%",19,366,"0,47","0,64",-16%,ДОРОГИЙ,22,2,20,"0,09","0,91"
ADR-92,Шарм Парижу та розкіш Нормандії!  ,COMPETITOR,Adriatic,Франція,335,366,352,-31,-17,"-4,83%",28,138,"0,83","0,70",12%,РИНКОВА ЦІНА,71,3,68,"0,04","0,96"
ADR-93,"Хвилями Балтійського моря: Таллінн, Гельсінкі, Стокгольм  ",COMPETITOR,Adriatic,Естонія,342,312,312,30,30,"9,70%",2,61,"0,71","0,72",-1%,РИНКОВА ЦІНА,2,0,2,"0,00","1,00"
ADR-94,Незабутній Амстердам  ,COMPETITOR,Adriatic,Нідерланди,218,349,348,-131,-130,"-37,27%",3,23,"0,56","0,70",-14%,ДЕШЕВИЙ,32,1,31,"0,03","0,97"
ADR-95,Ідеальна формула Швейцарії: Пілатус + Матергорн + Сан-Бернардіно та Монблан!  ,COMPETITOR,Adriatic,Швейцарія,426,333,334,92,92,"27,59%",25,238,"0,77","0,74",2%,ДОРОГИЙ,29,1,28,"0,03","0,97"
ADR-96,Прекрасні дні в Швейцарії!  ,COMPETITOR,Adriatic,Швейцарія,230,333,334,-103,-104,"-31,03%",3,42,"0,62","0,74",-12%,ДЕШЕВИЙ,29,1,28,"0,03","0,97"
ADR-97,"Стильна Франція: Мон-Сен-Мішель, Луара та Нормандія!  ",COMPETITOR,Adriatic,Франція,502,366,352,136,150,"42,61%",68,305,"0,73","0,70",2%,ДОРОГИЙ,71,3,68,"0,04","0,96"
ADR-98,Океан почуттів - Португалія!  ,COMPETITOR,Adriatic,Португалія,873,744,814,129,59,"7,25%",3,328,"0,83","0,74",9%,РИНКОВА ЦІНА,3,0,3,"0,00","1,00"
ADR-99,"Вікенд в Хорватії - сонце, море і термали  ",COMPETITOR,Adriatic,Хорватія,154,379,365,-225,-211,"-57,75%",1,0,"0,46","0,55",-9%,ДЕШЕВИЙ,9,0,9,"0,00","1,00"
ADR-100,"Адріатичні пригоди: Любляна, Загреб, Плітвіцькі озера та острів Крк  ",COMPETITOR,Adriatic,Хорватія,274,379,365,-105,-91,"-24,83%",3,120,"0,67","0,55",12%,ДЕШЕВИЙ,9,0,9,"0,00","1,00"
ADR-101,Солодкий тиждень - Франція та Швейцарія! ,COMPETITOR,Adriatic,Франція,419,366,352,53,67,"19,03%",51,222,"0,74","0,70",4%,ДОРОГИЙ,71,3,68,"0,04","0,96"
ADR-102,"Париж запалює серця… Мюнхен, Дрезден, Прага та Діснейленд  ",COMPETITOR,Adriatic,Франція,272,366,352,-94,-80,"-22,73%",15,75,"0,67","0,70",-3%,ДЕШЕВИЙ,71,3,68,"0,04","0,96"
ADR-103,"Чудеса Швейцарії: Гріндельвальд, Бріенц, Цюрих, Люцерн, Верзаска та Лугано  ",COMPETITOR,Adriatic,Швейцарія,343,333,334,9,9,"2,70%",17,155,"0,84","0,74",10%,РИНКОВА ЦІНА,29,1,28,"0,03","0,97"
ADR-104,Кохання в Льорет-де-Мар (5 ночей на морі)  ,COMPETITOR,Adriatic,Іспанія,828,538,505,289,323,"64,02%",21,486,"0,49","0,64",-15%,ДОРОГИЙ,22,2,20,"0,09","0,91"
ADR-105,"Південна красуня, красуня Іспанія  ",COMPETITOR,Adriatic,Іспанія,632,538,505,93,127,"25,17%",17,290,"0,51","0,64",-12%,ДОРОГИЙ,22,2,20,"0,09","0,91"
ADR-106,Ідеальне літо в Іспанії (5 ночей на морі) ,COMPETITOR,Adriatic,Іспанія,671,538,505,132,166,"32,90%",18,329,"0,48","0,64",-15%,ДОРОГИЙ,22,2,20,"0,09","0,91"
ADR-107,Бажання дам - Амстердам! 3 дні в Амстердамі + парк Кекенхоф,COMPETITOR,Adriatic,Нідерланди,320,349,348,-29,-28,"-7,91%",12,125,"0,75","0,70",5%,РИНКОВА ЦІНА,32,1,31,"0,03","0,97"
ADR-108,Альпійські чари! Швейцарія + Італія + Австрія…  ,COMPETITOR,Adriatic,Швейцарія,362,333,334,29,29,"8,55%",18,174,"0,78","0,74",3%,РИНКОВА ЦІНА,29,1,28,"0,03","0,97"
ADR-109,"Якщо на землі є рай, то це Швейцарія  ",COMPETITOR,Adriatic,Швейцарія,258,333,334,-75,-76,"-22,64%",6,70,"0,72","0,74",-2%,ДЕШЕВИЙ,29,1,28,"0,03","0,97"
ADR-110,Just Hvar. Просто Хвар» (7 ночей на морі в Хорватії)  ,COMPETITOR,Adriatic,Хорватія,548,379,365,168,183,"50,21%",8,394,"0,41","0,55",-14%,ДОРОГИЙ,9,0,9,"0,00","1,00"
ADR-111,Хорватія... Мить насолоди. Острів Хвар  ,COMPETITOR,Adriatic,Хорватія,365,379,365,-15,0,"0,00%",5,211,"0,65","0,55",10%,РИНКОВА ЦІНА,9,0,9,"0,00","1,00"
ADR-112,"Амстердам від ""А"" до ""М"" або 4 дні в Нідерландах + парк Кекенхоф",COMPETITOR,Adriatic,Нідерланди,385,349,348,36,38,"10,79%",23,190,"0,72","0,70",2%,РИНКОВА ЦІНА,32,1,31,"0,03","0,97"
ADR-113,Вище хмар - Швейцарія..,COMPETITOR,Adriatic,Швейцарія,489,333,334,156,156,"46,63%",28,301,"0,61","0,74",-13%,ДОРОГИЙ,29,1,28,"0,03","0,97"
ADR-114,Країна гір і моря... Моя Чорногорія  ,COMPETITOR,Adriatic,Чорногорія,288,364,369,-77,-82,"-22,09%",2,37,"0,56","0,63",-7%,ДЕШЕВИЙ,13,1,12,"0,08","0,92"
ADR-115,"Казкові три дні на Лазурному березі! Ніцца, Канни та Монако  ",COMPETITOR,Adriatic,Франція,368,366,352,2,16,"4,55%",37,171,"0,71","0,70",1%,РИНКОВА ЦІНА,71,3,68,"0,04","0,96"
ADR-116,Канікули у Франції! Парки розваг + Нормандія!  ,COMPETITOR,Adriatic,Франція,400,366,352,34,48,"13,64%",47,203,"0,74","0,70",4%,РИНКОВА ЦІНА,71,3,68,"0,04","0,96"
ADR-117,"Вітаю, Montenegro!  ",COMPETITOR,Adriatic,Хорватія,263,379,365,-117,-102,"-27,98%",2,109,"0,53","0,55",-1%,ДЕШЕВИЙ,9,0,9,"0,00","1,00"
ADR-118,"Buona sera, Сицилія: Палермо, Катанія, Етна + морський круїз»  ",COMPETITOR,Adriatic,Італія,757,340,338,417,419,"123,98%",106,618,"0,27","0,63",-36%,ДОРОГИЙ,106,11,95,"0,10","0,90"
ADR-119,"Сонячна Апулія: Барі, Матера та Альберобелло  ",COMPETITOR,Adriatic,Італія,553,340,338,213,215,"63,73%",99,414,"0,57","0,63",-6%,ДОРОГИЙ,106,11,95,"0,10","0,90"
ADR-120,Мелодії Адріатичного моря  ,COMPETITOR,Adriatic,Італія,446,340,338,106,108,"31,90%",85,307,"0,56","0,63",-7%,ДОРОГИЙ,106,11,95,"0,10","0,90"
ADR-121,Італія - морська спокуса: 5 ночей на морі в Ріміні  ,COMPETITOR,Adriatic,Італія,362,340,338,22,24,"7,03%",68,223,"0,60","0,63",-3%,РИНКОВА ЦІНА,106,11,95,"0,10","0,90"
ADR-122,"Під одним небом, Рим та Париж! ",COMPETITOR,Adriatic,Франція,401,366,352,35,49,"13,92%",48,204,"0,69","0,70",-1%,РИНКОВА ЦІНА,71,3,68,"0,04","0,96"
ADR-123,Тур від кутюр: Париж та Мілан!  ,COMPETITOR,Adriatic,Франція,468,366,352,102,116,"32,95%",62,271,"0,67","0,70",-3%,ДОРОГИЙ,71,3,68,"0,04","0,96"
ADR-124,На хвилинку в Амстердам + парк Кекенхоф  ,COMPETITOR,Adriatic,Нідерланди,303,349,348,-46,-45,"-12,81%",9,108,"0,71","0,70",1%,РИНКОВА ЦІНА,32,1,31,"0,03","0,97"
ADR-125,Яскраві барви Адріатики: 6 ночей на морі в Ріміні  ,COMPETITOR,Adriatic,Італія,389,340,338,49,51,"15,17%",74,250,"0,57","0,63",-6%,ДОРОГИЙ,106,11,95,"0,10","0,90"
ADR-126,"Дивовижні канікули в Нідерландах + 4 парки: ""Fantasialand"", ""Efteling"", ""Keukenhof"" та ""Madurodam""  ",COMPETITOR,Adriatic,Нідерланди,479,349,348,130,132,"37,84%",31,284,"0,62","0,70",-8%,ДОРОГИЙ,32,1,31,"0,03","0,97"
ADR-127,Красуня Албанія  ,COMPETITOR,Adriatic,Албанія,587,514,523,73,65,"12,34%",7,272,"0,57","0,64",-7%,РИНКОВА ЦІНА,9,0,9,"0,00","1,00"
ADR-128,Дорогами казкової Німеччини: Мюнхен + замок Нойшванштайн  ,COMPETITOR,Adriatic,Німеччина,279,238,237,41,42,"17,60%",14,160,"0,70","0,70",-1%,ДОРОГИЙ,18,0,18,"0,00","1,00"
ADR-129,Європейський випускний: Краків - Прага - Відень - Будапешт,COMPETITOR,Adriatic,Австрія,185,210,199,-25,-14,"-7,04%",19,90,"0,73","0,63",9%,РИНКОВА ЦІНА,39,3,36,"0,08","0,92"
ADR-130,Дитячі пригоди в Італії + парки розваг Гардаленд та Леоландія  ,COMPETITOR,Adriatic,Італія,225,340,338,-115,-113,"-33,38%",21,86,"0,61","0,63",-2%,ДЕШЕВИЙ,106,11,95,"0,10","0,90"
ADR-131,Наша Хорватська відпустка  ,COMPETITOR,Adriatic,Хорватія,682,379,365,302,317,"86,97%",9,528,"0,23","0,55",-31%,ДОРОГИЙ,9,0,9,"0,00","1,00"
ADR-132,Італія серце Адріатики: 5 ночей на морі в Лідо ді Єзоло  ,COMPETITOR,Adriatic,Італія,454,340,338,114,116,"34,42%",87,315,"0,56","0,63",-7%,ДОРОГИЙ,106,11,95,"0,10","0,90"
ADR-133,"Марципанові канікули в Угорщині: Будапешт, Сентендре + аквапарк Aquasziget, зоопарк Шошто  ",COMPETITOR,Adriatic,Угорщина,172,162,159,10,13,"8,01%",8,83,"0,72","0,63",9%,РИНКОВА ЦІНА,12,2,10,"0,17","0,83"
ADR-134,Барселона - серце Каталонії  ,COMPETITOR,Adriatic,Іспанія,415,538,505,-123,-90,"-17,74%",7,73,"0,64","0,64",1%,ДЕШЕВИЙ,22,2,20,"0,09","0,91"
ADR-135,Літня відпустка в Албанії  ,COMPETITOR,Adriatic,Албанія,610,514,523,96,87,"16,65%",8,295,"0,55","0,64",-9%,ДОРОГИЙ,9,0,9,"0,00","1,00"
ADR-136,"Рандеву в Парижі + Ельзас = 5 днів у Франції (Нормандія, Замки Луари, Мон-Сен-Мішель + 2 парки розваг) ",COMPETITOR,Adriatic,Франція,457,366,352,91,105,"29,83%",60,260,"0,71","0,70",1%,ДОРОГИЙ,71,3,68,"0,04","0,96"
DAV-1,Празький вікенд з Києва,COMPETITOR,DavClub,Чехія,199,204,199,-5,0,"0,00%",11,104,"0,64","0,68",-4%,РИНКОВА ЦІНА,22,3,19,"0,14","0,86"
DAV-2,Європейський вікенд,COMPETITOR,DavClub,Чехія,229,204,199,25,30,"15,08%",15,134,"0,62","0,68",-6%,ДОРОГИЙ,22,3,19,"0,14","0,86"
DAV-3,Грецькі Канікули (Олімпійська Рив'єра) 2025,COMPETITOR,DavClub,Греція,342,420,407,-78,-65,"-15,87%",11,137,"0,58","0,54",4%,ДЕШЕВИЙ,28,2,26,"0,07","0,93"
DAV-4,Bella Італія - відпочинок на морі,COMPETITOR,DavClub,Італія,595,340,338,255,257,"76,17%",104,456,"0,28","0,63",-35%,ДОРОГИЙ,106,11,95,"0,10","0,90"
DAV-5,Грецькі Канікули (Олімпійська Рив'єра) 2025,COMPETITOR,DavClub,Греція,394,420,407,-26,-13,"-3,08%",14,189,"0,63","0,54",8%,РИНКОВА ЦІНА,28,2,26,"0,07","0,93"
DAV-6,Молодіжний центр Orfeas Olympic Camp у Греції 2025,COMPETITOR,DavClub,Греція,700,420,407,280,294,"72,20%",27,495,"0,31","0,54",-23%,ДОРОГИЙ,28,2,26,"0,07","0,93"
DAV-7,Чарівна Італія з Одеси,COMPETITOR,DavClub,Італія,478,340,338,138,140,"41,38%",90,339,"0,48","0,63",-15%,ДОРОГИЙ,106,11,95,"0,10","0,90"
DAV-8,Альпійський вікенд,COMPETITOR,DavClub,Австрія,289,210,199,79,90,"45,23%",33,194,"0,47","0,63",-16%,ДОРОГИЙ,39,3,36,"0,08","0,92"
DAV-9,Казкова Угорщина + Відень,COMPETITOR,DavClub,Італія,219,340,338,-121,-119,"-35,16%",16,80,"0,55","0,63",-8%,ДЕШЕВИЙ,106,11,95,"0,10","0,90"
DAV-10,"Мріючи про нього: Амстердам, Брюссель, Париж, Люксембург, Прага і Берлін!",COMPETITOR,DavClub,Франція,452,366,352,86,100,"28,41%",58,255,"0,77","0,70",7%,ДОРОГИЙ,71,3,68,"0,04","0,96"
DAV-11,Казкова Угорщина + Відень,COMPETITOR,DavClub,Угорщина,219,162,159,57,60,"37,52%",10,130,"0,54","0,63",-9%,ДОРОГИЙ,12,2,10,"0,17","0,83"
ITR-1,Неповторна Баварія + Прага та Відень,COMPETITOR,ITravel,Австрія,169,210,199,-41,-30,"-15,08%",15,74,"0,71","0,63",8%,ДЕШЕВИЙ,39,3,36,"0,08","0,92"
ITR-2,"VIVA Італія! Венеція, Мілан, озера Гарда та Комо",COMPETITOR,ITravel,Італія,189,340,338,-151,-149,"-44,04%",10,50,"0,59","0,63",-4%,ДЕШЕВИЙ,106,11,95,"0,10","0,90"
ITR-3,Баварська мрія,COMPETITOR,ITravel,Австрія,269,210,199,59,70,"35,18%",31,174,"0,63","0,63",-1%,ДОРОГИЙ,39,3,36,"0,08","0,92"
ITR-4,Париж та голуби: 3 дні в Парижі (без нічних переїздів),COMPETITOR,ITravel,Франція,389,366,352,23,37,"10,51%",41,192,"0,79","0,70",9%,РИНКОВА ЦІНА,71,3,68,"0,04","0,96"
ITR-5,"Три бажання: Краків, Прага та Відень",COMPETITOR,ITravel,Австрія,120,210,199,-90,-79,"-39,70%",6,25,"0,59","0,63",-4%,ДЕШЕВИЙ,39,3,36,"0,08","0,92"
ITR-6,Амстердамський експрес,COMPETITOR,ITravel,Німеччина,239,238,237,1,2,"0,74%",10,120,"0,74","0,70",3%,РИНКОВА ЦІНА,18,0,18,"0,00","1,00"
ITR-7,Круасани і тюльпани: Амстердам + Париж,COMPETITOR,ITravel,Бельгія,369,376,367,-7,3,"0,68%",3,40,"0,72","0,75",-3%,РИНКОВА ЦІНА,4,0,4,"0,00","1,00"
ITR-8,Голландський калейдоскоп,COMPETITOR,ITravel,Німеччина,329,238,237,91,92,"38,67%",17,210,"0,56","0,70",-15%,ДОРОГИЙ,18,0,18,"0,00","1,00"
ITR-9,"Столичні пригоди: Будапешт, Відень, Прага + Краків!",COMPETITOR,ITravel,Австрія,179,210,199,-31,-20,"-10,05%",18,84,"0,72","0,63",8%,РИНКОВА ЦІНА,39,3,36,"0,08","0,92"
ITR-10,Словацька мелодія з Віденським шармом!,COMPETITOR,ITravel,Австрія,239,210,199,29,40,"20,10%",27,144,"0,70","0,63",7%,ДОРОГИЙ,39,3,36,"0,08","0,92"
ITR-11,Кураж столицями,COMPETITOR,ITravel,Австрія,159,210,199,-51,-40,"-20,10%",10,64,"0,65","0,63",1%,ДЕШЕВИЙ,39,3,36,"0,08","0,92"
ITR-12,Угорський танок: Будапешт і Відень,COMPETITOR,ITravel,Австрія,139,210,199,-71,-60,"-30,15%",7,44,"0,61","0,63",-3%,ДЕШЕВИЙ,39,3,36,"0,08","0,92"
ITR-13,"Європейська розкіш – Ніцца, Монако, Портофіно…",COMPETITOR,ITravel,Італія,219,340,338,-121,-119,"-35,16%",16,80,"0,64","0,63",1%,ДЕШЕВИЙ,106,11,95,"0,10","0,90"
ITR-14,Лазурний МЕГАтур,COMPETITOR,ITravel,Італія,399,340,338,59,61,"18,13%",79,260,"0,71","0,63",8%,ДОРОГИЙ,106,11,95,"0,10","0,90"
ITR-15,Лазурний шик: 2 дні на Рив'єрі,COMPETITOR,ITravel,Італія,329,340,338,-11,-9,"-2,59%",50,190,"0,73","0,63",10%,РИНКОВА ЦІНА,106,11,95,"0,10","0,90"
ITR-16,Джульєтта і гондоли,COMPETITOR,ITravel,Італія,139,340,338,-201,-199,"-58,85%",1,0,"0,41","0,63",-22%,ДЕШЕВИЙ,106,11,95,"0,10","0,90"
ITR-17,"Спокусливе тріо: Венеція, Ніцца, Барселона",COMPETITOR,ITravel,Іспанія,469,538,505,-69,-36,"-7,04%",10,127,"0,72","0,64",8%,РИНКОВА ЦІНА,22,2,20,"0,09","0,91"
ITR-18,"Тисячі лайків: Венеція, Рим, Флоренцію, Піза",COMPETITOR,ITravel,Італія,239,340,338,-101,-99,"-29,24%",26,100,"0,63","0,63",-1%,ДЕШЕВИЙ,106,11,95,"0,10","0,90"
ITR-19,Італійська симфонія: Венеція + Доломітові Альпи,COMPETITOR,ITravel,Австрія,214,210,199,4,15,"7,54%",23,119,"0,75","0,63",12%,РИНКОВА ЦІНА,39,3,36,"0,08","0,92"
ITR-20,Доломітові Альпи - мандрівка серед величі вершин,COMPETITOR,ITravel,Австрія,349,210,199,139,150,"75,38%",37,254,"0,51","0,63",-12%,ДОРОГИЙ,39,3,36,"0,08","0,92"
ITR-21,Альпійський експрес: Швейцарія + Австрія,COMPETITOR,ITravel,Австрія,319,210,199,109,120,"60,30%",34,224,"0,58","0,63",-5%,ДОРОГИЙ,39,3,36,"0,08","0,92"
ITR-22,"Тур-де-Круасан: Париж (4 дні), Нормандія, замки Луари",COMPETITOR,ITravel,Австрія,359,210,199,149,160,"80,40%",38,264,"0,41","0,63",-23%,ДОРОГИЙ,39,3,36,"0,08","0,92"
ITR-23,"Їж.Люби.Подорожуй: Венеція, Рим 2 ночі, Флоренцію, Піза",COMPETITOR,ITravel,Італія,343,340,338,3,5,"1,55%",56,204,"0,74","0,63",11%,РИНКОВА ЦІНА,106,11,95,"0,10","0,90"
ITR-24,Альпійська красуня – Швейцарія,COMPETITOR,ITravel,Австрія,279,210,199,69,80,"40,20%",32,184,"0,57","0,63",-6%,ДОРОГИЙ,39,3,36,"0,08","0,92"
ITR-25,"Романтичний мікс: Кельн, Люксембург, Страсбург",COMPETITOR,ITravel,Німеччина,299,238,237,61,62,"26,03%",16,180,"0,67","0,70",-3%,ДОРОГИЙ,18,0,18,"0,00","1,00"
ITR-26,"VIVA Італія! Венеція, Мілан, озера Гарда та Комо",COMPETITOR,ITravel,Італія,189,340,338,-151,-149,"-44,04%",10,50,"0,59","0,63",-4%,ДЕШЕВИЙ,106,11,95,"0,10","0,90"
ITR-27,Benelux - таємниці трьох країн,COMPETITOR,ITravel,Бельгія,329,376,367,-47,-38,"-10,23%",1,0,"0,78","0,75",3%,РИНКОВА ЦІНА,4,0,4,"0,00","1,00"
ITR-28,Європейська відпустка у Europa Park,COMPETITOR,ITravel,Австрія,339,210,199,129,140,"70,35%",36,244,"0,56","0,63",-7%,ДОРОГИЙ,39,3,36,"0,08","0,92"
ITR-29,Берлінський експресс,COMPETITOR,ITravel,Німеччина,119,238,237,-119,-118,"-49,84%",1,0,"0,51","0,70",-19%,ДЕШЕВИЙ,18,0,18,"0,00","1,00"
ITR-30,Лазурний шик: 2 дні на Рив’єрі,COMPETITOR,ITravel,Італія,329,340,338,-11,-9,"-2,59%",50,190,"0,73","0,63",10%,РИНКОВА ЦІНА,106,11,95,"0,10","0,90"
ITR-31,"Кава та круасан: Відень, Париж, Зальцбург",COMPETITOR,ITravel,Франція,249,366,352,-117,-103,"-29,26%",8,52,"0,62","0,70",-8%,ДЕШЕВИЙ,71,3,68,"0,04","0,96"
ITR-32,"Європейські канікули – Прага, Париж, Берлін",COMPETITOR,ITravel,Франція,219,366,352,-147,-133,"-37,78%",2,22,"0,63","0,70",-7%,ДЕШЕВИЙ,71,3,68,"0,04","0,96"
ITR-33,Італійська симфонія: Венеція + Доломітові Альпи,COMPETITOR,ITravel,Італія,214,340,338,-126,-124,"-36,64%",15,75,"0,63","0,63",0%,ДЕШЕВИЙ,106,11,95,"0,10","0,90"
ITR-34,Канікули у Данії: Legoland,COMPETITOR,ITravel,Німеччина,269,238,237,31,32,"13,38%",13,150,"0,71","0,70",1%,РИНКОВА ЦІНА,18,0,18,"0,00","1,00"
ITR-35,Паризька мрія – 3 дні в Парижі!,COMPETITOR,ITravel,Франція,269,366,352,-97,-83,"-23,58%",14,72,"0,63","0,70",-7%,ДЕШЕВИЙ,71,3,68,"0,04","0,96"
ITR-36,"Смак Франції: Париж, Нормандія, Ельзас",COMPETITOR,ITravel,Франція,319,366,352,-47,-33,"-9,38%",24,122,"0,73","0,70",3%,РИНКОВА ЦІНА,71,3,68,"0,04","0,96"
ITR-37,МЕГАтур до Чорногорії,COMPETITOR,ITravel,Болгарія,429,387,387,42,42,"10,78%",2,84,"0,63","0,70",-7%,РИНКОВА ЦІНА,2,0,2,"0,00","1,00"
ITR-38,Джульєтта і гондоли,COMPETITOR,ITravel,Італія,139,340,338,-201,-199,"-58,85%",1,0,"0,46","0,63",-17%,ДЕШЕВИЙ,106,11,95,"0,10","0,90"
ITR-39,"Тисячі лайків: Венеція, Рим, Піза Флоренція",COMPETITOR,ITravel,Італія,239,340,338,-101,-99,"-29,24%",26,100,"0,63","0,63",-1%,ДЕШЕВИЙ,106,11,95,"0,10","0,90"
ITR-40,На вікенд до двох сестер: Латвія-Литва,COMPETITOR,ITravel,Литва,160,152,160,8,0,"0,00%",2,40,"0,74","0,69",4%,РИНКОВА ЦІНА,3,0,3,"0,00","1,00"
ITR-41,Балтійські пригоди,COMPETITOR,ITravel,Литва,175,152,160,23,15,"9,38%",3,55,"0,73","0,69",4%,РИНКОВА ЦІНА,3,0,3,"0,00","1,00"
ITR-42,"Балтійські Скарби + круїз до Стокгольму : Таллін, Стокгольм, Рига",COMPETITOR,ITravel,Швеція,300,336,290,-36,11,"3,63%",5,135,"0,67","0,58",9%,РИНКОВА ЦІНА,8,0,8,"0,00","1,00"
ITR-43,"Європейська розкіш – Ніцца, Монако, Портофіно…",COMPETITOR,ITravel,Італія,219,340,338,-121,-119,"-35,16%",16,80,"0,64","0,63",1%,ДЕШЕВИЙ,106,11,95,"0,10","0,90"
ITR-44,Чудовий мікс - Чорногорія+Албанія з відпочинком на морі,COMPETITOR,ITravel,Чорногорія,409,364,369,45,40,"10,84%",10,158,"0,59","0,63",-3%,РИНКОВА ЦІНА,13,1,12,"0,08","0,92"
ITR-45,Румунський експрес,COMPETITOR,ITravel,Румунія,155,167,160,-12,-5,"-3,13%",9,56,"0,77","0,68",9%,РИНКОВА ЦІНА,21,3,18,"0,14","0,86"
ITR-46,"Їж.Люби.Подорожуй: Любляна, Венеція, Рим 2 дні, Флоренція",COMPETITOR,ITravel,Італія,343,340,338,3,5,"1,55%",56,204,"0,77","0,63",14%,РИНКОВА ЦІНА,106,11,95,"0,10","0,90"
ITR-47,Релакс у Чехії та Угорщині,COMPETITOR,ITravel,Австрія,169,210,199,-41,-30,"-15,08%",15,74,"0,67","0,63",3%,ДЕШЕВИЙ,39,3,36,"0,08","0,92"
ITR-48,Зеленими берегами Корфу,COMPETITOR,ITravel,Греція,538,420,407,118,131,"32,23%",23,333,"0,49","0,54",-5%,ДОРОГИЙ,28,2,26,"0,07","0,93"
ITR-49,Містична Трансільванія та Трансфагараш,COMPETITOR,ITravel,Румунія,200,167,160,33,40,"25,00%",18,101,"0,58","0,68",-10%,ДОРОГИЙ,21,3,18,"0,14","0,86"
ITR-50,Казки старої Німеччини,COMPETITOR,ITravel,Німеччина,339,238,237,101,102,"42,89%",18,220,"0,60","0,70",-10%,ДОРОГИЙ,18,0,18,"0,00","1,00"
ITR-51,Лавандове серце Франції – Валансоль + Лазурове узбережжя,COMPETITOR,ITravel,Франція,329,366,352,-37,-23,"-6,53%",26,132,"0,71","0,70",1%,РИНКОВА ЦІНА,71,3,68,"0,04","0,96"
ITR-52,Доломітові Альпи – мандрівка серед величі вершин,COMPETITOR,ITravel,Італія,349,340,338,9,11,"3,33%",58,210,"0,80","0,63",17%,РИНКОВА ЦІНА,106,11,95,"0,10","0,90"
ITR-53,На зустріч до Афродіти,COMPETITOR,ITravel,Греція,732,420,407,312,326,"80,07%",28,527,"0,25","0,54",-29%,ДОРОГИЙ,28,2,26,"0,07","0,93"
ITR-54,Халкідіки. Ідеальна грецька відпустка,COMPETITOR,ITravel,Греція,552,420,407,132,145,"35,67%",24,347,"0,46","0,54",-8%,ДОРОГИЙ,28,2,26,"0,07","0,93"
RIC-1,Дивовижна Хорватія,COMPETITOR,Rich Tour,Хорватія,274,379,365,-105,-91,"-24,83%",3,120,"0,60","0,55",6%,ДЕШЕВИЙ,9,0,9,"0,00","1,00"
RIC-2,ПІВДЕНЬ ІТАЛІЇ - ТІРРЕНСЬКЕ МОРЕ,COMPETITOR,Rich Tour,Італія,484,340,338,144,146,"43,30%",92,345,"0,45","0,63",-18%,ДОРОГИЙ,106,11,95,"0,10","0,90"
RIC-3,Сонячні пляжі Ріміні - Італія,COMPETITOR,Rich Tour,Італія,435,340,338,95,97,"28,65%",82,296,"0,52","0,63",-11%,ДОРОГИЙ,106,11,95,"0,10","0,90"
RIC-4,МОРЕ ГРЕЦІЇ,COMPETITOR,Rich Tour,Греція,477,420,407,57,71,"17,34%",18,272,"0,55","0,54",1%,ДОРОГИЙ,28,2,26,"0,07","0,93"
RIC-5,Подих Адріатики – Чорногорія,COMPETITOR,Rich Tour,Чорногорія,384,364,369,19,15,"3,93%",8,133,"0,63","0,63",0%,РИНКОВА ЦІНА,13,1,12,"0,08","0,92"
RIC-6,Під небом ПАРИЖУ + Прага і Дрезден,COMPETITOR,Rich Tour,Франція,440,366,352,73,88,"24,86%",54,242,"0,60","0,70",-10%,ДОРОГИЙ,71,3,68,"0,04","0,96"
RIC-7,В гостях у Нідерландської корони,COMPETITOR,Rich Tour,Нідерланди,439,349,348,90,92,"26,33%",27,244,"0,65","0,70",-5%,ДОРОГИЙ,32,1,31,"0,03","0,97"
RIC-8,Мрія блогерів: Венеція + Альпи,COMPETITOR,Rich Tour,Італія,357,340,338,17,19,"5,70%",64,218,"0,67","0,63",4%,РИНКОВА ЦІНА,106,11,95,"0,10","0,90"
RIC-9,Від Провансу до Швейцарських вершин,COMPETITOR,Rich Tour,Швейцарія,385,333,334,52,52,"15,44%",22,197,"0,72","0,74",-3%,ДОРОГИЙ,29,1,28,"0,03","0,97"
RIC-10,Скандинавська сага,COMPETITOR,Rich Tour,Польща,685,189,147,496,538,"365,99%",16,586,"-0,89","0,60",-149%,ДОРОГИЙ,16,4,12,"0,25","0,75"
TAN-1,Відень та Прага - імперії королів,COMPETITOR,Tango Travel,Австрія,95,210,199,-115,-104,"-52,26%",1,0,"0,51","0,63",-12%,ДЕШЕВИЙ,39,3,36,"0,08","0,92"
TAN-2,"Театр вражень - Венеція, Верона та Мілан!",COMPETITOR,Tango Travel,Італія,168,340,338,-172,-170,"-50,26%",7,29,"0,53","0,63",-10%,ДЕШЕВИЙ,106,11,95,"0,10","0,90"
TAN-3,Будапешт - мій найкращий вікенд! ,COMPETITOR,Tango Travel,Угорщина,110,162,159,-52,-49,"-30,93%",4,21,"0,59","0,63",-4%,ДЕШЕВИЙ,12,2,10,"0,17","0,83"
TAN-4,Ключ в Європу : Будапешт + Відень,COMPETITOR,Tango Travel,Австрія,115,210,199,-95,-84,"-42,21%",5,20,"0,59","0,63",-4%,ДЕШЕВИЙ,39,3,36,"0,08","0,92"
TAN-5,Прага та Дрезден #нашілюдивсюди,COMPETITOR,Tango Travel,Чехія,95,204,199,-109,-104,"-52,26%",1,0,"0,51","0,68",-16%,ДЕШЕВИЙ,22,3,19,"0,14","0,86"
TAN-6,"Quattro Formaggi. Венеція, Флоренція і Рим",COMPETITOR,Tango Travel,Італія,188,340,338,-152,-150,"-44,34%",9,49,"0,51","0,63",-12%,ДЕШЕВИЙ,106,11,95,"0,10","0,90"
TAN-7,Відень неперевершений!,COMPETITOR,Tango Travel,Австрія,167,210,199,-43,-32,"-16,08%",13,72,"0,62","0,63",-1%,ДЕШЕВИЙ,39,3,36,"0,08","0,92"
TAN-8,Мої голландські тюльпанчики,COMPETITOR,Tango Travel,Нідерланди,195,349,348,-154,-153,"-43,88%",1,0,"0,50","0,70",-19%,ДЕШЕВИЙ,32,1,31,"0,03","0,97"
TAN-9,"L'amour en trois: ти, я і Париж!",COMPETITOR,Tango Travel,Франція,268,366,352,-98,-84,"-23,86%",13,71,"0,63","0,70",-7%,ДЕШЕВИЙ,71,3,68,"0,04","0,96"
TAN-10,Румунія - любов з першого погляду. Бухарест і замки,COMPETITOR,Tango Travel,Румунія,145,167,160,-22,-15,"-9,38%",7,46,"0,71","0,68",3%,РИНКОВА ЦІНА,21,3,18,"0,14","0,86"
TAN-11,"Стихія моря: Таллінн, Стокгольм, Рига",COMPETITOR,Tango Travel,Швеція,165,336,290,-171,-125,"-43,01%",1,0,"0,52","0,58",-6%,ДЕШЕВИЙ,8,0,8,"0,00","1,00"
TAN-12,Магія Балтійського моря. Круїз Таллінн-Стокгольм,COMPETITOR,Tango Travel,Швеція,238,336,290,-98,-52,"-17,79%",2,73,"0,67","0,58",9%,ДЕШЕВИЙ,8,0,8,"0,00","1,00"
TAN-13,Нідерланди. I♥Аmsterdam,COMPETITOR,Tango Travel,Нідерланди,265,349,348,-84,-83,"-23,74%",6,70,"0,60","0,70",-10%,ДЕШЕВИЙ,32,1,31,"0,03","0,97"
TAN-14,"50 відтінків літа! Італія, Адріатичне море",COMPETITOR,Tango Travel,Італія,249,340,338,-91,-89,"-26,28%",31,110,"0,56","0,63",-7%,ДЕШЕВИЙ,106,11,95,"0,10","0,90"
TAN-15,Подорож у серце Трансільванії,COMPETITOR,Tango Travel,Румунія,120,167,160,-47,-40,"-25,00%",2,21,"0,61","0,68",-7%,ДЕШЕВИЙ,21,3,18,"0,14","0,86"
TAN-16,"Північний круїз: Таллінн, Гельсінкі, Стокгольм",COMPETITOR,Tango Travel,Швеція,279,336,290,-57,-11,"-3,63%",4,114,"0,64","0,58",6%,РИНКОВА ЦІНА,8,0,8,"0,00","1,00"
TAN-17,Містичний вікенд в Трансильванії,COMPETITOR,Tango Travel,Румунія,160,167,160,-7,0,"0,00%",11,61,"0,69","0,68",1%,РИНКОВА ЦІНА,21,3,18,"0,14","0,86"
TAN-18,Мелодії Парижа,COMPETITOR,Tango Travel,Франція,257,366,352,-109,-95,"-26,99%",10,60,"0,59","0,70",-11%,ДЕШЕВИЙ,71,3,68,"0,04","0,96"
TAN-19,"Ідеальна четвірка: Краків, Прага, Відень, Будапешт",COMPETITOR,Tango Travel,Чехія,173,204,199,-31,-26,"-13,07%",8,78,"0,71","0,68",3%,РИНКОВА ЦІНА,22,3,19,"0,14","0,86"
TAN-20,"Загадка Австрії: Відень, Зальцбург, Гальштат",COMPETITOR,Tango Travel,Австрія,203,210,199,-7,4,"2,01%",22,108,"0,71","0,63",7%,РИНКОВА ЦІНА,39,3,36,"0,08","0,92"
TAN-21,Австрійські панорами: Відень та Гальштат,COMPETITOR,Tango Travel,Австрія,232,210,199,22,33,"16,58%",25,137,"0,60","0,63",-4%,ДОРОГИЙ,39,3,36,"0,08","0,92"
TAN-22,"Край Тоскани - Флоренція, Піза, Рим",COMPETITOR,Tango Travel,Італія,299,340,338,-41,-39,"-11,47%",43,160,"0,75","0,63",12%,РИНКОВА ЦІНА,106,11,95,"0,10","0,90"
TAN-23,Вікенд для душі: Угорщина + Словаччина,COMPETITOR,Tango Travel,Угорщина,115,162,159,-47,-44,"-27,79%",5,26,"0,55","0,63",-8%,ДЕШЕВИЙ,12,2,10,"0,17","0,83"
TAN-24,У пошуках дива - Македонія!,COMPETITOR,Tango Travel,Північна Македонія,110,110,110,0,0,"0,00%",1,0,"0,71","0,71",0%,РИНКОВА ЦІНА,1,0,1,"0,00","1,00"
TAN-25,"Тільки Італія: Венеція, Мілан, Рим, Неаполь та Флоренція",COMPETITOR,Tango Travel,Італія,378,340,338,38,40,"11,92%",72,239,"0,65","0,63",2%,РИНКОВА ЦІНА,106,11,95,"0,10","0,90"
TAN-26,"Альпійський експрес: Венеція, Цюрих, Зальцбург",COMPETITOR,Tango Travel,Швейцарія,269,333,334,-64,-65,"-19,34%",7,81,"0,65","0,74",-9%,ДЕШЕВИЙ,29,1,28,"0,03","0,97"
TAN-27,Париж на десерт,COMPETITOR,Tango Travel,Франція,449,366,352,83,97,"27,56%",56,252,"0,65","0,70",-5%,ДОРОГИЙ,71,3,68,"0,04","0,96"
TAN-28,"Каталонський експрес: Монако, Ніцца, Барселона",COMPETITOR,Tango Travel,Іспанія,377,538,505,-161,-128,"-25,27%",3,35,"0,57","0,64",-7%,ДЕШЕВИЙ,22,2,20,"0,09","0,91"
TAN-29,Вихідні у Кракові + Енерджіландія,COMPETITOR,Tango Travel,Польща,137,189,147,-52,-10,"-6,80%",6,38,"0,71","0,60",11%,РИНКОВА ЦІНА,16,4,12,"0,25","0,75"
TAN-30,Незвіданий край - Боснія і Герцеґовина,COMPETITOR,Tango Travel,Боснія і Герцеговина,183,183,183,0,0,"0,00%",1,0,"0,69","0,69",0%,РИНКОВА ЦІНА,1,0,1,"0,00","1,00"
TAN-31,"В цьому році в моді лазурний:  Ніцца, Монако, Портофіно",COMPETITOR,Tango Travel,Франція,233,366,352,-134,-120,"-33,95%",3,35,"0,60","0,70",-10%,ДЕШЕВИЙ,71,3,68,"0,04","0,96"
TAN-32,Албанія - морська пригода,COMPETITOR,Tango Travel,Албанія,315,514,523,-199,-208,"-39,71%",1,0,"0,48","0,64",-16%,ДЕШЕВИЙ,9,0,9,"0,00","1,00"
TAN-33,Словенія - альпійські термали,COMPETITOR,Tango Travel,Словенія,135,135,135,0,0,"0,00%",1,0,"0,65","0,65",0%,РИНКОВА ЦІНА,1,0,1,"0,00","1,00"
TAN-34,"Литовські вихідні: Вільнюс, Тракай, Друскінінкай",COMPETITOR,Tango Travel,Литва,120,152,160,-32,-40,"-25,00%",1,0,"0,61","0,69",-8%,ДЕШЕВИЙ,3,0,3,"0,00","1,00"
TAN-35,Зірки півночі: Рига та Норвезькі фіорди!,COMPETITOR,Tango Travel,Норвегія,385,527,538,-142,-153,"-28,44%",1,0,"0,52","0,69",-17%,ДЕШЕВИЙ,9,1,8,"0,11","0,89"
TAN-36,Греція. Між небом та землею,COMPETITOR,Tango Travel,Греція,330,420,407,-90,-77,"-18,94%",9,125,"0,58","0,54",3%,ДЕШЕВИЙ,28,2,26,"0,07","0,93"
TAN-37,Карнавальна мандрівка,COMPETITOR,Tango Travel,Італія,318,340,338,-22,-20,"-5,85%",49,179,"0,73","0,63",10%,РИНКОВА ЦІНА,106,11,95,"0,10","0,90"
TAN-38,"Нові горизонти: Таллінн, Стокгольм, Копенгаген, Амстердам",COMPETITOR,Tango Travel,Швеція,560,336,290,225,271,"93,44%",8,395,"0,33","0,58",-25%,ДОРОГИЙ,8,0,8,"0,00","1,00"
TAN-39,Зимові розваги - Закопане!,COMPETITOR,Tango Travel,Польща,229,189,147,40,82,"55,78%",14,130,"0,44","0,60",-15%,ДОРОГИЙ,16,4,12,"0,25","0,75"
TAN-40,Скандинавія. Вся правда про Вікінгів,COMPETITOR,Tango Travel,Норвегія,565,527,538,38,27,"5,02%",6,180,"0,81","0,69",12%,РИНКОВА ЦІНА,9,1,8,"0,11","0,89"
TAN-41,Мої швейцарські вихідні,COMPETITOR,Tango Travel,Швейцарія,189,333,334,-144,-145,"-43,33%",2,1,"0,51","0,74",-23%,ДЕШЕВИЙ,29,1,28,"0,03","0,97"
TAN-42,Випускний в Греції,COMPETITOR,Tango Travel,Греція,498,420,407,78,92,"22,51%",21,293,"0,48","0,54",-6%,ДОРОГИЙ,28,2,26,"0,07","0,93"
TAN-43,Халкідіки. Вихідні на морі,COMPETITOR,Tango Travel,Греція,210,420,407,-210,-197,"-48,34%",2,5,"0,44","0,54",-10%,ДЕШЕВИЙ,28,2,26,"0,07","0,93"
TRM-1,"Французький вояж (Париж, Мон-Сен-Мішель + 3 дні з океаном)",COMPETITOR,Travel Room,Франція,550,366,352,184,198,"56,25%",69,353,"0,53","0,70",-17%,ДОРОГИЙ,71,3,68,"0,04","0,96"
TRM-2,Формула краси по-італійськи,COMPETITOR,Travel Room,Італія,370,340,338,30,32,"9,55%",70,231,"0,74","0,63",11%,РИНКОВА ЦІНА,106,11,95,"0,10","0,90"
TRM-3,Париж - місто мрії!,COMPETITOR,Travel Room,Франція,420,366,352,54,68,"19,32%",52,223,"0,69","0,70",-2%,ДОРОГИЙ,71,3,68,"0,04","0,96"
TRM-4,Весна на острові Майнау,COMPETITOR,Travel Room,Німеччина,280,238,237,42,43,"18,02%",15,161,"0,69","0,70",-1%,ДОРОГИЙ,18,0,18,"0,00","1,00"
TRM-5,Формула краси + три узбережжя Італії,COMPETITOR,Travel Room,Італія,490,340,338,150,152,"45,08%",94,351,"0,66","0,63",3%,ДОРОГИЙ,106,11,95,"0,10","0,90"
TRM-6,Вічне літо Сицилії,COMPETITOR,Travel Room,Італія,590,340,338,250,252,"74,69%",103,451,"0,46","0,63",-17%,ДОРОГИЙ,106,11,95,"0,10","0,90"
TRM-7,Альпійська мелодія!+ Лазурове узбережжя Франції,COMPETITOR,Travel Room,Швейцарія,480,333,334,147,147,"43,93%",27,292,"0,63","0,74",-12%,ДОРОГИЙ,29,1,28,"0,03","0,97"
TRM-8,"Зимова казка: Закопане, Відень, терми",COMPETITOR,Travel Room,Польща,180,189,147,-9,33,"22,45%",12,81,"0,72","0,60",12%,ДОРОГИЙ,16,4,12,"0,25","0,75"
TRM-9,"Легкість Амстердама, романтика Парижа + парк тюльпанів Койкенхоф",COMPETITOR,Travel Room,Нідерланди,450,349,348,101,103,"29,50%",28,255,"0,69","0,70",-1%,ДОРОГИЙ,32,1,31,"0,03","0,97"
TRM-10,Белла Італія,COMPETITOR,Travel Room,Італія,250,340,338,-90,-88,"-25,98%",32,111,"0,63","0,63",0%,ДЕШЕВИЙ,106,11,95,"0,10","0,90"
TRM-11,Італія - моє натхнення + Венеційський Карнавал,COMPETITOR,Travel Room,Італія,290,340,338,-50,-48,"-14,14%",39,151,"0,79","0,63",15%,РИНКОВА ЦІНА,106,11,95,"0,10","0,90"
TRM-12,Тур на VI етап Кубка світу 2024/25 з біатлону в Італії (Антгольц-Антерсельва),COMPETITOR,Travel Room,Італія,390,340,338,50,52,"15,47%",75,251,"0,50","0,63",-13%,ДОРОГИЙ,106,11,95,"0,10","0,90"
TRM-13,Белла Італія + два Карнавали,COMPETITOR,Travel Room,Італія,250,340,338,-90,-88,"-25,98%",32,111,"0,63","0,63",0%,ДЕШЕВИЙ,106,11,95,"0,10","0,90"