ID ТУРУ,ОПЕРАТОР,ЦІНОВА КАТЕГОРІЯ,ОЦІНКА ЦІННОСТІ,СЕЗОННІСТЬ,РІВЕНЬ КОМФОРТУ,АРХЕТИП
EUR-1,EUROTRIPS,СТАНДАРТ,СЕРЕДНЯ ЦІННІСТЬ,СЕЗОННИЙ,СЕРЕДНІЙ КОМФОРТ,СТАНДАРТ | СЕРЕДНЯ ЦІННІСТЬ | СЕЗОННИЙ | СЕРЕДНІЙ КОМФОРТ
EUR-2,EUROTRIPS,СТАНДАРТ,ВИСОКА ЦІННІСТЬ,ПІВРІЧНИЙ,СЕРЕДНІЙ КОМФОРТ,СТАНДАРТ | ВИСОКА ЦІННІСТЬ | ПІВРІЧНИЙ | СЕРЕДНІЙ КОМФОРТ
EUR-3,EUROTRIPS,СТАНДАРТ,ВИСОКА ЦІННІСТЬ,СЕЗОННИЙ,ВИСОКИЙ КОМФОРТ,СТАНДАРТ | ВИСОКА ЦІННІСТЬ | СЕЗОННИЙ | ВИСОКИЙ КОМФОРТ
EUR-4,EUROTRIPS,ПРЕМІУМ,ВИСОКА ЦІННІСТЬ,ПІВРІЧНИЙ,ВИСОКИЙ КОМФОРТ,ПРЕМІУМ | ВИСОКА ЦІННІСТЬ | ПІВРІЧНИЙ | ВИСОКИЙ КОМФОРТ
EUR-5,EUROTRIPS,СТАНДАРТ,ВИСОКА ЦІННІСТЬ,ПІВРІЧНИЙ,ВИСОКИЙ КОМФОРТ,СТАНДАРТ | ВИСОКА ЦІННІСТЬ | ПІВРІЧНИЙ | ВИСОКИЙ КОМФОРТ
EUR-6,EUROTRIPS,БЮДЖЕТ,ВИСОКА ЦІННІСТЬ,СЕЗОННИЙ,СЕРЕДНІЙ КОМФОРТ,БЮДЖЕТ | ВИСОКА ЦІННІСТЬ | СЕЗОННИЙ | СЕРЕДНІЙ КОМФОРТ
EUR-7,EUROTRIPS,БЮДЖЕТ,СЕРЕДНЯ ЦІННІСТЬ,СЕЗОННИЙ,СЕРЕДНІЙ КОМФОРТ,БЮДЖЕТ | СЕРЕДНЯ ЦІННІСТЬ | СЕЗОННИЙ | СЕРЕДНІЙ КОМФОРТ
EUR-8,EUROTRIPS,БЮДЖЕТ,СЕРЕДНЯ ЦІННІСТЬ,ПІВРІЧНИЙ,СЕРЕДНІЙ КОМФОРТ,БЮДЖЕТ | СЕРЕДНЯ ЦІННІСТЬ | ПІВРІЧНИЙ | СЕРЕДНІЙ КОМФОРТ
EUR-9,EUROTRIPS,БЮДЖЕТ,СЕРЕДНЯ ЦІННІСТЬ,ПІВРІЧНИЙ,СЕРЕДНІЙ КОМФОРТ,БЮДЖЕТ | СЕРЕДНЯ ЦІННІСТЬ | ПІВРІЧНИЙ | СЕРЕДНІЙ КОМФОРТ
EUR-10,EUROTRIPS,СТАНДАРТ,ВИСОКА ЦІННІСТЬ,ПІВРІЧНИЙ,ВИСОКИЙ КОМФОРТ,СТАНДАРТ | ВИСОКА ЦІННІСТЬ | ПІВРІЧНИЙ | ВИСОКИЙ КОМФОРТ
EUR-11,EUROTRIPS,СТАНДАРТ,ВИСОКА ЦІННІСТЬ,СЕЗОННИЙ,СЕРЕДНІЙ КОМФОРТ,СТАНДАРТ | ВИСОКА ЦІННІСТЬ | СЕЗОННИЙ | СЕРЕДНІЙ КОМФОРТ
EUR-12,EUROTRIPS,СТАНДАРТ,СЕРЕДНЯ ЦІННІСТЬ,СЕЗОННИЙ,СЕРЕДНІЙ КОМФОРТ,СТАНДАРТ | СЕРЕДНЯ ЦІННІСТЬ | СЕЗОННИЙ | СЕРЕДНІЙ КОМФОРТ
EUR-13,EUROTRIPS,ПРЕМІУМ,СЕРЕДНЯ ЦІННІСТЬ,РІДКІСНИЙ,СЕРЕДНІЙ КОМФОРТ,ПРЕМІУМ | СЕРЕДНЯ ЦІННІСТЬ | РІДКІСНИЙ | СЕРЕДНІЙ КОМФОРТ
EUR-14,EUROTRIPS,БЮДЖЕТ,ВИСОКА ЦІННІСТЬ,РІДКІСНИЙ,ВИСОКИЙ КОМФОРТ,БЮДЖЕТ | ВИСОКА ЦІННІСТЬ | РІДКІСНИЙ | ВИСОКИЙ КОМФОРТ
EUR-15,EUROTRIPS,БЮДЖЕТ,ВИСОКА ЦІННІСТЬ,ПІВРІЧНИЙ,ВИСОКИЙ КОМФОРТ,БЮДЖЕТ | ВИСОКА ЦІННІСТЬ | ПІВРІЧНИЙ | ВИСОКИЙ КОМФОРТ
EUR-16,EUROTRIPS,ПРЕМІУМ,ВИСОКА ЦІННІСТЬ,СЕЗОННИЙ,ВИСОКИЙ КОМФОРТ,ПРЕМІУМ | ВИСОКА ЦІННІСТЬ | СЕЗОННИЙ | ВИСОКИЙ КОМФОРТ
EUR-17,EUROTRIPS,СТАНДАРТ,ВИСОКА ЦІННІСТЬ,ЦІЛИЙ РІК,СЕРЕДНІЙ КОМФОРТ,СТАНДАРТ | ВИСОКА ЦІННІСТЬ | ЦІЛИЙ РІК | СЕРЕДНІЙ КОМФОРТ
EUR-18,EUROTRIPS,ЛЮКС,СЕРЕДНЯ ЦІННІСТЬ,СЕЗОННИЙ,ВИСОКИЙ КОМФОРТ,ЛЮКС | СЕРЕДНЯ ЦІННІСТЬ | СЕЗОННИЙ | ВИСОКИЙ КОМФОРТ
EUR-19,EUROTRIPS,БЮДЖЕТ,ВИСОКА ЦІННІСТЬ,РІДКІСНИЙ,ВИСОКИЙ КОМФОРТ,БЮДЖЕТ | ВИСОКА ЦІННІСТЬ | РІДКІСНИЙ | ВИСОКИЙ КОМФОРТ
EUR-20,EUROTRIPS,СТАНДАРТ,СЕРЕДНЯ ЦІННІСТЬ,РІДКІСНИЙ,СЕРЕДНІЙ КОМФОРТ,СТАНДАРТ | СЕРЕДНЯ ЦІННІСТЬ | РІДКІСНИЙ | СЕРЕДНІЙ КОМФОРТ
EUR-21,EUROTRIPS,БЮДЖЕТ,ВИСОКА ЦІННІСТЬ,ЦІЛИЙ РІК,СЕРЕДНІЙ КОМФОРТ,БЮДЖЕТ | ВИСОКА ЦІННІСТЬ | ЦІЛИЙ РІК | СЕРЕДНІЙ КОМФОРТ
EUR-22,EUROTRIPS,ПРЕМІУМ,ВИСОКА ЦІННІСТЬ,РІДКІСНИЙ,ВИСОКИЙ КОМФОРТ,ПРЕМІУМ | ВИСОКА ЦІННІСТЬ | РІДКІСНИЙ | ВИСОКИЙ КОМФОРТ
EUR-23,EUROTRIPS,ПРЕМІУМ,ВИСОКА ЦІННІСТЬ,РІДКІСНИЙ,СЕРЕДНІЙ КОМФОРТ,ПРЕМІУМ | ВИСОКА ЦІННІСТЬ | РІДКІСНИЙ | СЕРЕДНІЙ КОМФОРТ
EUR-24,EUROTRIPS,ПРЕМІУМ,ВИСОКА ЦІННІСТЬ,ЦІЛИЙ РІК,СЕРЕДНІЙ КОМФОРТ,ПРЕМІУМ | ВИСОКА ЦІННІСТЬ | ЦІЛИЙ РІК | СЕРЕДНІЙ КОМФОРТ
EUR-25,EUROTRIPS,ПРЕМІУМ,ВИСОКА ЦІННІСТЬ,СЕЗОННИЙ,СЕРЕДНІЙ КОМФОРТ,ПРЕМІУМ | ВИСОКА ЦІННІСТЬ | СЕЗОННИЙ | СЕРЕДНІЙ КОМФОРТ
EUR-26,EUROTRIPS,ПРЕМІУМ,ВИСОКА ЦІННІСТЬ,ПІВРІЧНИЙ,СЕРЕДНІЙ КОМФОРТ,ПРЕМІУМ | ВИСОКА ЦІННІСТЬ | ПІВРІЧНИЙ | СЕРЕДНІЙ КОМФОРТ
EUR-27,EUROTRIPS,СТАНДАРТ,ВИСОКА ЦІННІСТЬ,ПІВРІЧНИЙ,СЕРЕДНІЙ КОМФОРТ,СТАНДАРТ | ВИСОКА ЦІННІСТЬ | ПІВРІЧНИЙ | СЕРЕДНІЙ КОМФОРТ
EUR-28,EUROTRIPS,СТАНДАРТ,ВИСОКА ЦІННІСТЬ,ПІВРІЧНИЙ,СЕРЕДНІЙ КОМФОРТ,СТАНДАРТ | ВИСОКА ЦІННІСТЬ | ПІВРІЧНИЙ | СЕРЕДНІЙ КОМФОРТ
EUR-29,EUROTRIPS,СТАНДАРТ,ВИСОКА ЦІННІСТЬ,ПІВРІЧНИЙ,СЕРЕДНІЙ КОМФОРТ,СТАНДАРТ | ВИСОКА ЦІННІСТЬ | ПІВРІЧНИЙ | СЕРЕДНІЙ КОМФОРТ
EUR-30,EUROTRIPS,БЮДЖЕТ,ВИСОКА ЦІННІСТЬ,СЕЗОННИЙ,ВИСОКИЙ КОМФОРТ,БЮДЖЕТ | ВИСОКА ЦІННІСТЬ | СЕЗОННИЙ | ВИСОКИЙ КОМФОРТ
EUR-31,EUROTRIPS,ЛЮКС,ВИСОКА ЦІННІСТЬ,СЕЗОННИЙ,ВИСОКИЙ КОМФОРТ,ЛЮКС | ВИСОКА ЦІННІСТЬ | СЕЗОННИЙ | ВИСОКИЙ КОМФОРТ
EUR-32,EUROTRIPS,ЛЮКС,СЕРЕДНЯ ЦІННІСТЬ,ПІВРІЧНИЙ,ВИСОКИЙ КОМФОРТ,ЛЮКС | СЕРЕДНЯ ЦІННІСТЬ | ПІВРІЧНИЙ | ВИСОКИЙ КОМФОРТ
EUR-33,EUROTRIPS,ЛЮКС,СЕРЕДНЯ ЦІННІСТЬ,ЦІЛИЙ РІК,ВИСОКИЙ КОМФОРТ,ЛЮКС | СЕРЕДНЯ ЦІННІСТЬ | ЦІЛИЙ РІК | ВИСОКИЙ КОМФОРТ
EUR-34,EUROTRIPS,ПРЕМІУМ,ВИСОКА ЦІННІСТЬ,ЦІЛИЙ РІК,ВИСОКИЙ КОМФОРТ,ПРЕМІУМ | ВИСОКА ЦІННІСТЬ | ЦІЛИЙ РІК | ВИСОКИЙ КОМФОРТ
EUR-35,EUROTRIPS,СТАНДАРТ,ВИСОКА ЦІННІСТЬ,ЦІЛИЙ РІК,СЕРЕДНІЙ КОМФОРТ,СТАНДАРТ | ВИСОКА ЦІННІСТЬ | ЦІЛИЙ РІК | СЕРЕДНІЙ КОМФОРТ
EUR-36,EUROTRIPS,БЮДЖЕТ,СЕРЕДНЯ ЦІННІСТЬ,ЦІЛИЙ РІК,СЕРЕДНІЙ КОМФОРТ,БЮДЖЕТ | СЕРЕДНЯ ЦІННІСТЬ | ЦІЛИЙ РІК | СЕРЕДНІЙ КОМФОРТ
EUR-37,EUROTRIPS,БЮДЖЕТ,ВИСОКА ЦІННІСТЬ,РІДКІСНИЙ,СЕРЕДНІЙ КОМФОРТ,БЮДЖЕТ | ВИСОКА ЦІННІСТЬ | РІДКІСНИЙ | СЕРЕДНІЙ КОМФОРТ
EUR-38,EUROTRIPS,ПРЕМІУМ,СЕРЕДНЯ ЦІННІСТЬ,ЦІЛИЙ РІК,ВИСОКИЙ КОМФОРТ,ПРЕМІУМ | СЕРЕДНЯ ЦІННІСТЬ | ЦІЛИЙ РІК | ВИСОКИЙ КОМФОРТ
EUR-39,EUROTRIPS,СТАНДАРТ,ВИСОКА ЦІННІСТЬ,ЦІЛИЙ РІК,ВИСОКИЙ КОМФОРТ,СТАНДАРТ | ВИСОКА ЦІННІСТЬ | ЦІЛИЙ РІК | ВИСОКИЙ КОМФОРТ
ACC-1,COMPETITOR,ПРЕМІУМ,ВИСОКА ЦІННІСТЬ,ЦІЛИЙ РІК,ВИСОКИЙ КОМФОРТ,ПРЕМІУМ | ВИСОКА ЦІННІСТЬ | ЦІЛИЙ РІК | ВИСОКИЙ КОМФОРТ
ACC-2,COMPETITOR,ЛЮКС,СЕРЕДНЯ ЦІННІСТЬ,ЦІЛИЙ РІК,СЕРЕДНІЙ КОМФОРТ,ЛЮКС | СЕРЕДНЯ ЦІННІСТЬ | ЦІЛИЙ РІК | СЕРЕДНІЙ КОМФОРТ
ACC-3,COMPETITOR,ЛЮКС,ВИСОКА ЦІННІСТЬ,ЦІЛИЙ РІК,ВИСОКИЙ КОМФОРТ,ЛЮКС | ВИСОКА ЦІННІСТЬ | ЦІЛИЙ РІК | ВИСОКИЙ КОМФОРТ
ACC-4,COMPETITOR,ПРЕМІУМ,ВИСОКА ЦІННІСТЬ,ЦІЛИЙ РІК,ВИСОКИЙ КОМФОРТ,ПРЕМІУМ | ВИСОКА ЦІННІСТЬ | ЦІЛИЙ РІК | ВИСОКИЙ КОМФОРТ
ACC-5,COMPETITOR,ЛЮКС,СЕРЕДНЯ ЦІННІСТЬ,ЦІЛИЙ РІК,ВИСОКИЙ КОМФОРТ,ЛЮКС | СЕРЕДНЯ ЦІННІСТЬ | ЦІЛИЙ РІК | ВИСОКИЙ КОМФОРТ
ACC-6,COMPETITOR,СТАНДАРТ,ВИСОКА ЦІННІСТЬ,ЦІЛИЙ РІК,СЕРЕДНІЙ КОМФОРТ,СТАНДАРТ | ВИСОКА ЦІННІСТЬ | ЦІЛИЙ РІК | СЕРЕДНІЙ КОМФОРТ
ACC-7,COMPETITOR,ПРЕМІУМ,ВИСОКА ЦІННІСТЬ,ЦІЛИЙ РІК,ВИСОКИЙ КОМФОРТ,ПРЕМІУМ | ВИСОКА ЦІННІСТЬ | ЦІЛИЙ РІК | ВИСОКИЙ КОМФОРТ
ACC-8,COMPETITOR,ПРЕМІУМ,ВИСОКА ЦІННІСТЬ,ЦІЛИЙ РІК,СЕРЕДНІЙ КОМФОРТ,ПРЕМІУМ | ВИСОКА ЦІННІСТЬ | ЦІЛИЙ РІК | СЕРЕДНІЙ КОМФОРТ
ACC-9,COMPETITOR,ПРЕМІУМ,ВИСОКА ЦІННІСТЬ,ЦІЛИЙ РІК,ВИСОКИЙ КОМФОРТ,ПРЕМІУМ | ВИСОКА ЦІННІСТЬ | ЦІЛИЙ РІК | ВИСОКИЙ КОМФОРТ
ACC-10,COMPETITOR,ПРЕМІУМ,ВИСОКА ЦІННІСТЬ,ЦІЛИЙ РІК,ВИСОКИЙ КОМФОРТ,ПРЕМІУМ | ВИСОКА ЦІННІСТЬ | ЦІЛИЙ РІК | ВИСОКИЙ КОМФОРТ
ACC-11,COMPETITOR,ПРЕМІУМ,ВИСОКА ЦІННІСТЬ,ЦІЛИЙ РІК,ВИСОКИЙ КОМФОРТ,ПРЕМІУМ | ВИСОКА ЦІННІСТЬ | ЦІЛИЙ РІК | ВИСОКИЙ КОМФОРТ
ACC-12,COMPETITOR,ПРЕМІУМ,ВИСОКА ЦІННІСТЬ,ЦІЛИЙ РІК,ВИСОКИЙ КОМФОРТ,ПРЕМІУМ | ВИСОКА ЦІННІСТЬ | ЦІЛИЙ РІК | ВИСОКИЙ КОМФОРТ
ACC-13,COMPETITOR,СТАНДАРТ,ВИСОКА ЦІННІСТЬ,ЦІЛИЙ РІК,ВИСОКИЙ КОМФОРТ,СТАНДАРТ | ВИСОКА ЦІННІСТЬ | ЦІЛИЙ РІК | ВИСОКИЙ КОМФОРТ
ACC-14,COMPETITOR,ПРЕМІУМ,ВИСОКА ЦІННІСТЬ,ЦІЛИЙ РІК,ВИСОКИЙ КОМФОРТ,ПРЕМІУМ | ВИСОКА ЦІННІСТЬ | ЦІЛИЙ РІК | ВИСОКИЙ КОМФОРТ
ACC-15,COMPETITOR,ПРЕМІУМ,ВИСОКА ЦІННІСТЬ,ЦІЛИЙ РІК,ВИСОКИЙ КОМФОРТ,ПРЕМІУМ | ВИСОКА ЦІННІСТЬ | ЦІЛИЙ РІК | ВИСОКИЙ КОМФОРТ
ACC-16,COMPETITOR,СТАНДАРТ,ВИСОКА ЦІННІСТЬ,ЦІЛИЙ РІК,ВИСОКИЙ КОМФОРТ,СТАНДАРТ | ВИСОКА ЦІННІСТЬ | ЦІЛИЙ РІК | ВИСОКИЙ КОМФОРТ
ACC-17,COMPETITOR,СТАНДАРТ,ВИСОКА ЦІННІСТЬ,ЦІЛИЙ РІК,ВИСОКИЙ КОМФОРТ,СТАНДАРТ | ВИСОКА ЦІННІСТЬ | ЦІЛИЙ РІК | ВИСОКИЙ КОМФОРТ
ACC-18,COMPETITOR,СТАНДАРТ,ВИСОКА ЦІННІСТЬ,ЦІЛИЙ РІК,ВИСОКИЙ КОМФОРТ,СТАНДАРТ | ВИСОКА ЦІННІСТЬ | ЦІЛИЙ РІК | ВИСОКИЙ КОМФОРТ
ACC-19,COMPETITOR,СТАНДАРТ,ВИСОКА ЦІННІСТЬ,ЦІЛИЙ РІК,ВИСОКИЙ КОМФОРТ,СТАНДАРТ | ВИСОКА ЦІННІСТЬ | ЦІЛИЙ РІК | ВИСОКИЙ КОМФОРТ
ACC-20,COMPETITOR,СТАНДАРТ,ВИСОКА ЦІННІСТЬ,ЦІЛИЙ РІК,ВИСОКИЙ КОМФОРТ,СТАНДАРТ | ВИСОКА ЦІННІСТЬ | ЦІЛИЙ РІК | ВИСОКИЙ КОМФОРТ
ACC-21,COMPETITOR,СТАНДАРТ,ВИСОКА ЦІННІСТЬ,ЦІЛИЙ РІК,СЕРЕДНІЙ КОМФОРТ,СТАНДАРТ | ВИСОКА ЦІННІСТЬ | ЦІЛИЙ РІК | СЕРЕДНІЙ КОМФОРТ
ACC-22,COMPETITOR,СТАНДАРТ,ВИСОКА ЦІННІСТЬ,ЦІЛИЙ РІК,ВИСОКИЙ КОМФОРТ,СТАНДАРТ | ВИСОКА ЦІННІСТЬ | ЦІЛИЙ РІК | ВИСОКИЙ КОМФОРТ
ACC-23,COMPETITOR,ПРЕМІУМ,ВИСОКА ЦІННІСТЬ,ЦІЛИЙ РІК,ВИСОКИЙ КОМФОРТ,ПРЕМІУМ | ВИСОКА ЦІННІСТЬ | ЦІЛИЙ РІК | ВИСОКИЙ КОМФОРТ
ACC-24,COMPETITOR,ПРЕМІУМ,ВИСОКА ЦІННІСТЬ,ЦІЛИЙ РІК,ВИСОКИЙ КОМФОРТ,ПРЕМІУМ | ВИСОКА ЦІННІСТЬ | ЦІЛИЙ РІК | ВИСОКИЙ КОМФОРТ
ACC-25,COMPETITOR,ПРЕМІУМ,ВИСОКА ЦІННІСТЬ,ПІВРІЧНИЙ,ВИСОКИЙ КОМФОРТ,ПРЕМІУМ | ВИСОКА ЦІННІСТЬ | ПІВРІЧНИЙ | ВИСОКИЙ КОМФОРТ
ACC-26,COMPETITOR,СТАНДАРТ,ВИСОКА ЦІННІСТЬ,ЦІЛИЙ РІК,ВИСОКИЙ КОМФОРТ,СТАНДАРТ | ВИСОКА ЦІННІСТЬ | ЦІЛИЙ РІК | ВИСОКИЙ КОМФОРТ
ACC-27,COMPETITOR,БЮДЖЕТ,ВИСОКА ЦІННІСТЬ,ЦІЛИЙ РІК,ВИСОКИЙ КОМФОРТ,БЮДЖЕТ | ВИСОКА ЦІННІСТЬ | ЦІЛИЙ РІК | ВИСОКИЙ КОМФОРТ
ACC-28,COMPETITOR,ПРЕМІУМ,ВИСОКА ЦІННІСТЬ,ЦІЛИЙ РІК,СЕРЕДНІЙ КОМФОРТ,ПРЕМІУМ | ВИСОКА ЦІННІСТЬ | ЦІЛИЙ РІК | СЕРЕДНІЙ КОМФОРТ
ACC-29,COMPETITOR,ПРЕМІУМ,ВИСОКА ЦІННІСТЬ,ЦІЛИЙ РІК,СЕРЕДНІЙ КОМФОРТ,ПРЕМІУМ | ВИСОКА ЦІННІСТЬ | ЦІЛИЙ РІК | СЕРЕДНІЙ КОМФОРТ
ACC-30,COMPETITOR,ПРЕМІУМ,ВИСОКА ЦІННІСТЬ,ЦІЛИЙ РІК,ВИСОКИЙ КОМФОРТ,ПРЕМІУМ | ВИСОКА ЦІННІСТЬ | ЦІЛИЙ РІК | ВИСОКИЙ КОМФОРТ
ACC-31,COMPETITOR,ЛЮКС,ВИСОКА ЦІННІСТЬ,ЦІЛИЙ РІК,ВИСОКИЙ КОМФОРТ,ЛЮКС | ВИСОКА ЦІННІСТЬ | ЦІЛИЙ РІК | ВИСОКИЙ КОМФОРТ
ACC-32,COMPETITOR,БЮДЖЕТ,ВИСОКА ЦІННІСТЬ,ЦІЛИЙ РІК,ВИСОКИЙ КОМФОРТ,БЮДЖЕТ | ВИСОКА ЦІННІСТЬ | ЦІЛИЙ РІК | ВИСОКИЙ КОМФОРТ
ACC-33,COMPETITOR,БЮДЖЕТ,СЕРЕДНЯ ЦІННІСТЬ,ЦІЛИЙ РІК,СЕРЕДНІЙ КОМФОРТ,БЮДЖЕТ | СЕРЕДНЯ ЦІННІСТЬ | ЦІЛИЙ РІК | СЕРЕДНІЙ КОМФОРТ
ACC-34,COMPETITOR,ЛЮКС,ВИСОКА ЦІННІСТЬ,ЦІЛИЙ РІК,ВИСОКИЙ КОМФОРТ,ЛЮКС | ВИСОКА ЦІННІСТЬ | ЦІЛИЙ РІК | ВИСОКИЙ КОМФОРТ
ACC-35,COMPETITOR,СТАНДАРТ,ВИСОКА ЦІННІСТЬ,ЦІЛИЙ РІК,СЕРЕДНІЙ КОМФОРТ,СТАНДАРТ | ВИСОКА ЦІННІСТЬ | ЦІЛИЙ РІК | СЕРЕДНІЙ КОМФОРТ
ACC-36,COMPETITOR,ЛЮКС,ВИСОКА ЦІННІСТЬ,ЦІЛИЙ РІК,СЕРЕДНІЙ КОМФОРТ,ЛЮКС | ВИСОКА ЦІННІСТЬ | ЦІЛИЙ РІК | СЕРЕДНІЙ КОМФОРТ
ACC-37,COMPETITOR,ЛЮКС,ВИСОКА ЦІННІСТЬ,ЦІЛИЙ РІК,ВИСОКИЙ КОМФОРТ,ЛЮКС | ВИСОКА ЦІННІСТЬ | ЦІЛИЙ РІК | ВИСОКИЙ КОМФОРТ
ACC-38,COMPETITOR,ПРЕМІУМ,ВИСОКА ЦІННІСТЬ,ЦІЛИЙ РІК,ВИСОКИЙ КОМФОРТ,ПРЕМІУМ | ВИСОКА ЦІННІСТЬ | ЦІЛИЙ РІК | ВИСОКИЙ КОМФОРТ
ACC-39,COMPETITOR,ПРЕМІУМ,ВИСОКА ЦІННІСТЬ,ЦІЛИЙ РІК,ВИСОКИЙ КОМФОРТ,ПРЕМІУМ | ВИСОКА ЦІННІСТЬ | ЦІЛИЙ РІК | ВИСОКИЙ КОМФОРТ
ACC-40,COMPETITOR,ПРЕМІУМ,ВИСОКА ЦІННІСТЬ,ЦІЛИЙ РІК,ВИСОКИЙ КОМФОРТ,ПРЕМІУМ | ВИСОКА ЦІННІСТЬ | ЦІЛИЙ РІК | ВИСОКИЙ КОМФОРТ
ACC-41,COMPETITOR,ЛЮКС,ВИСОКА ЦІННІСТЬ,ЦІЛИЙ РІК,ВИСОКИЙ КОМФОРТ,ЛЮКС | ВИСОКА ЦІННІСТЬ | ЦІЛИЙ РІК | ВИСОКИЙ КОМФОРТ
ACC-42,COMPETITOR,ПРЕМІУМ,ВИСОКА ЦІННІСТЬ,ЦІЛИЙ РІК,ВИСОКИЙ КОМФОРТ,ПРЕМІУМ | ВИСОКА ЦІННІСТЬ | ЦІЛИЙ РІК | ВИСОКИЙ КОМФОРТ
ACC-43,COMPETITOR,СТАНДАРТ,ВИСОКА ЦІННІСТЬ,ЦІЛИЙ РІК,СЕРЕДНІЙ КОМФОРТ,СТАНДАРТ | ВИСОКА ЦІННІСТЬ | ЦІЛИЙ РІК | СЕРЕДНІЙ КОМФОРТ
ACC-44,COMPETITOR,СТАНДАРТ,ВИСОКА ЦІННІСТЬ,ЦІЛИЙ РІК,СЕРЕДНІЙ КОМФОРТ,СТАНДАРТ | ВИСОКА ЦІННІСТЬ | ЦІЛИЙ РІК | СЕРЕДНІЙ КОМФОРТ
ACC-45,COMPETITOR,СТАНДАРТ,ВИСОКА ЦІННІСТЬ,ЦІЛИЙ РІК,СЕРЕДНІЙ КОМФОРТ,СТАНДАРТ | ВИСОКА ЦІННІСТЬ | ЦІЛИЙ РІК | СЕРЕДНІЙ КОМФОРТ
ACC-46,COMPETITOR,СТАНДАРТ,ВИСОКА ЦІННІСТЬ,ЦІЛИЙ РІК,СЕРЕДНІЙ КОМФОРТ,СТАНДАРТ | ВИСОКА ЦІННІСТЬ | ЦІЛИЙ РІК | СЕРЕДНІЙ КОМФОРТ
ACC-47,COMPETITOR,ПРЕМІУМ,ВИСОКА ЦІННІСТЬ,ЦІЛИЙ РІК,ВИСОКИЙ КОМФОРТ,ПРЕМІУМ | ВИСОКА ЦІННІСТЬ | ЦІЛИЙ РІК | ВИСОКИЙ КОМФОРТ
ACC-48,COMPETITOR,СТАНДАРТ,ВИСОКА ЦІННІСТЬ,ЦІЛИЙ РІК,СЕРЕДНІЙ КОМФОРТ,СТАНДАРТ | ВИСОКА ЦІННІСТЬ | ЦІЛИЙ РІК | СЕРЕДНІЙ КОМФОРТ
ACC-49,COMPETITOR,ПРЕМІУМ,ВИСОКА ЦІННІСТЬ,ЦІЛИЙ РІК,ВИСОКИЙ КОМФОРТ,ПРЕМІУМ | ВИСОКА ЦІННІСТЬ | ЦІЛИЙ РІК | ВИСОКИЙ КОМФОРТ
ACC-50,COMPETITOR,ПРЕМІУМ,ВИСОКА ЦІННІСТЬ,ЦІЛИЙ РІК,ВИСОКИЙ КОМФОРТ,ПРЕМІУМ | ВИСОКА ЦІННІСТЬ | ЦІЛИЙ РІК | ВИСОКИЙ КОМФОРТ
ACC-51,COMPETITOR,СТАНДАРТ,СЕРЕДНЯ ЦІННІСТЬ,ЦІЛИЙ РІК,СЕРЕДНІЙ КОМФОРТ,СТАНДАРТ | СЕРЕДНЯ ЦІННІСТЬ | ЦІЛИЙ РІК | СЕРЕДНІЙ КОМФОРТ
ACC-52,COMPETITOR,ПРЕМІУМ,ВИСОКА ЦІННІСТЬ,ЦІЛИЙ РІК,ВИСОКИЙ КОМФОРТ,ПРЕМІУМ | ВИСОКА ЦІННІСТЬ | ЦІЛИЙ РІК | ВИСОКИЙ КОМФОРТ
ACC-53,COMPETITOR,ПРЕМІУМ,ВИСОКА ЦІННІСТЬ,ЦІЛИЙ РІК,ВИСОКИЙ КОМФОРТ,ПРЕМІУМ | ВИСОКА ЦІННІСТЬ | ЦІЛИЙ РІК | ВИСОКИЙ КОМФОРТ
ACC-54,COMPETITOR,ПРЕМІУМ,ВИСОКА ЦІННІСТЬ,ЦІЛИЙ РІК,СЕРЕДНІЙ КОМФОРТ,ПРЕМІУМ | ВИСОКА ЦІННІСТЬ | ЦІЛИЙ РІК | СЕРЕДНІЙ КОМФОРТ
ACC-55,COMPETITOR,СТАНДАРТ,ВИСОКА ЦІННІСТЬ,РІДКІСНИЙ,ВИСОКИЙ КОМФОРТ,СТАНДАРТ | ВИСОКА ЦІННІСТЬ | РІДКІСНИЙ | ВИСОКИЙ КОМФОРТ
ACC-56,COMPETITOR,ПРЕМІУМ,ВИСОКА ЦІННІСТЬ,ЦІЛИЙ РІК,ВИСОКИЙ КОМФОРТ,ПРЕМІУМ | ВИСОКА ЦІННІСТЬ | ЦІЛИЙ РІК | ВИСОКИЙ КОМФОРТ
ACC-57,COMPETITOR,ПРЕМІУМ,ВИСОКА ЦІННІСТЬ,ЦІЛИЙ РІК,ВИСОКИЙ КОМФОРТ,ПРЕМІУМ | ВИСОКА ЦІННІСТЬ | ЦІЛИЙ РІК | ВИСОКИЙ КОМФОРТ
ACC-58,COMPETITOR,СТАНДАРТ,ВИСОКА ЦІННІСТЬ,ЦІЛИЙ РІК,СЕРЕДНІЙ КОМФОРТ,СТАНДАРТ | ВИСОКА ЦІННІСТЬ | ЦІЛИЙ РІК | СЕРЕДНІЙ КОМФОРТ
ACC-59,COMPETITOR,СТАНДАРТ,ВИСОКА ЦІННІСТЬ,ЦІЛИЙ РІК,ВИСОКИЙ КОМФОРТ,СТАНДАРТ | ВИСОКА ЦІННІСТЬ | ЦІЛИЙ РІК | ВИСОКИЙ КОМФОРТ
ACC-60,COMPETITOR,ПРЕМІУМ,ВИСОКА ЦІННІСТЬ,ЦІЛИЙ РІК,ВИСОКИЙ КОМФОРТ,ПРЕМІУМ | ВИСОКА ЦІННІСТЬ | ЦІЛИЙ РІК | ВИСОКИЙ КОМФОРТ
ACC-61,COMPETITOR,СТАНДАРТ,ВИСОКА ЦІННІСТЬ,ЦІЛИЙ РІК,СЕРЕДНІЙ КОМФОРТ,СТАНДАРТ | ВИСОКА ЦІННІСТЬ | ЦІЛИЙ РІК | СЕРЕДНІЙ КОМФОРТ
ACC-62,COMPETITOR,СТАНДАРТ,ВИСОКА ЦІННІСТЬ,ЦІЛИЙ РІК,ВИСОКИЙ КОМФОРТ,СТАНДАРТ | ВИСОКА ЦІННІСТЬ | ЦІЛИЙ РІК | ВИСОКИЙ КОМФОРТ
ACC-63,COMPETITOR,ЛЮКС,СЕРЕДНЯ ЦІННІСТЬ,ЦІЛИЙ РІК,ВИСОКИЙ КОМФОРТ,ЛЮКС | СЕРЕДНЯ ЦІННІСТЬ | ЦІЛИЙ РІК | ВИСОКИЙ КОМФОРТ
ACC-64,COMPETITOR,СТАНДАРТ,ВИСОКА ЦІННІСТЬ,ЦІЛИЙ РІК,СЕРЕДНІЙ КОМФОРТ,СТАНДАРТ | ВИСОКА ЦІННІСТЬ | ЦІЛИЙ РІК | СЕРЕДНІЙ КОМФОРТ
ACC-65,COMPETITOR,ЛЮКС,ВИСОКА ЦІННІСТЬ,ЦІЛИЙ РІК,ВИСОКИЙ КОМФОРТ,ЛЮКС | ВИСОКА ЦІННІСТЬ | ЦІЛИЙ РІК | ВИСОКИЙ КОМФОРТ
ACC-66,COMPETITOR,ЛЮКС,СЕРЕДНЯ ЦІННІСТЬ,ЦІЛИЙ РІК,СЕРЕДНІЙ КОМФОРТ,ЛЮКС | СЕРЕДНЯ ЦІННІСТЬ | ЦІЛИЙ РІК | СЕРЕДНІЙ КОМФОРТ
ACC-67,COMPETITOR,СТАНДАРТ,СЕРЕДНЯ ЦІННІСТЬ,ЦІЛИЙ РІК,СЕРЕДНІЙ КОМФОРТ,СТАНДАРТ | СЕРЕДНЯ ЦІННІСТЬ | ЦІЛИЙ РІК | СЕРЕДНІЙ КОМФОРТ
ACC-68,COMPETITOR,СТАНДАРТ,СЕРЕДНЯ ЦІННІСТЬ,ЦІЛИЙ РІК,СЕРЕДНІЙ КОМФОРТ,СТАНДАРТ | СЕРЕДНЯ ЦІННІСТЬ | ЦІЛИЙ РІК | СЕРЕДНІЙ КОМФОРТ
ACC-69,COMPETITOR,СТАНДАРТ,ВИСОКА ЦІННІСТЬ,ЦІЛИЙ РІК,ВИСОКИЙ КОМФОРТ,СТАНДАРТ | ВИСОКА ЦІННІСТЬ | ЦІЛИЙ РІК | ВИСОКИЙ КОМФОРТ
ACC-70,COMPETITOR,ПРЕМІУМ,ВИСОКА ЦІННІСТЬ,ЦІЛИЙ РІК,ВИСОКИЙ КОМФОРТ,ПРЕМІУМ | ВИСОКА ЦІННІСТЬ | ЦІЛИЙ РІК | ВИСОКИЙ КОМФОРТ
ACC-71,COMPETITOR,СТАНДАРТ,ВИСОКА ЦІННІСТЬ,ЦІЛИЙ РІК,ВИСОКИЙ КОМФОРТ,СТАНДАРТ | ВИСОКА ЦІННІСТЬ | ЦІЛИЙ РІК | ВИСОКИЙ КОМФОРТ
ACC-72,COMPETITOR,СТАНДАРТ,ВИСОКА ЦІННІСТЬ,ЦІЛИЙ РІК,ВИСОКИЙ КОМФОРТ,СТАНДАРТ | ВИСОКА ЦІННІСТЬ | ЦІЛИЙ РІК | ВИСОКИЙ КОМФОРТ
ACC-73,COMPETITOR,СТАНДАРТ,ВИСОКА ЦІННІСТЬ,ЦІЛИЙ РІК,СЕРЕДНІЙ КОМФОРТ,СТАНДАРТ | ВИСОКА ЦІННІСТЬ | ЦІЛИЙ РІК | СЕРЕДНІЙ КОМФОРТ
ACC-74,COMPETITOR,СТАНДАРТ,ВИСОКА ЦІННІСТЬ,ЦІЛИЙ РІК,ВИСОКИЙ КОМФОРТ,СТАНДАРТ | ВИСОКА ЦІННІСТЬ | ЦІЛИЙ РІК | ВИСОКИЙ КОМФОРТ
ACC-75,COMPETITOR,СТАНДАРТ,ВИСОКА ЦІННІСТЬ,ЦІЛИЙ РІК,СЕРЕДНІЙ КОМФОРТ,СТАНДАРТ | ВИСОКА ЦІННІСТЬ | ЦІЛИЙ РІК | СЕРЕДНІЙ КОМФОРТ
ACC-76,COMPETITOR,ЛЮКС,ВИСОКА ЦІННІСТЬ,ЦІЛИЙ РІК,ВИСОКИЙ КОМФОРТ,ЛЮКС | ВИСОКА ЦІННІСТЬ | ЦІЛИЙ РІК | ВИСОКИЙ КОМФОРТ
ACC-77,COMPETITOR,СТАНДАРТ,ВИСОКА ЦІННІСТЬ,ЦІЛИЙ РІК,ВИСОКИЙ КОМФОРТ,СТАНДАРТ | ВИСОКА ЦІННІСТЬ | ЦІЛИЙ РІК | ВИСОКИЙ КОМФОРТ
ACC-78,COMPETITOR,СТАНДАРТ,ВИСОКА ЦІННІСТЬ,ЦІЛИЙ РІК,ВИСОКИЙ КОМФОРТ,СТАНДАРТ | ВИСОКА ЦІННІСТЬ | ЦІЛИЙ РІК | ВИСОКИЙ КОМФОРТ
ACC-79,COMPETITOR,ПРЕМІУМ,ВИСОКА ЦІННІСТЬ,ЦІЛИЙ РІК,ВИСОКИЙ КОМФОРТ,ПРЕМІУМ | ВИСОКА ЦІННІСТЬ | ЦІЛИЙ РІК | ВИСОКИЙ КОМФОРТ
ACC-80,COMPETITOR,ПРЕМІУМ,ВИСОКА ЦІННІСТЬ,ЦІЛИЙ РІК,СЕРЕДНІЙ КОМФОРТ,ПРЕМІУМ | ВИСОКА ЦІННІСТЬ | ЦІЛИЙ РІК | СЕРЕДНІЙ КОМФОРТ
ACC-81,COMPETITOR,ПРЕМІУМ,ВИСОКА ЦІННІСТЬ,ЦІЛИЙ РІК,СЕРЕДНІЙ КОМФОРТ,ПРЕМІУМ | ВИСОКА ЦІННІСТЬ | ЦІЛИЙ РІК | СЕРЕДНІЙ КОМФОРТ
ACC-82,COMPETITOR,ПРЕМІУМ,ВИСОКА ЦІННІСТЬ,ЦІЛИЙ РІК,ВИСОКИЙ КОМФОРТ,ПРЕМІУМ | ВИСОКА ЦІННІСТЬ | ЦІЛИЙ РІК | ВИСОКИЙ КОМФОРТ
ACC-83,COMPETITOR,ПРЕМІУМ,ВИСОКА ЦІННІСТЬ,ЦІЛИЙ РІК,ВИСОКИЙ КОМФОРТ,ПРЕМІУМ | ВИСОКА ЦІННІСТЬ | ЦІЛИЙ РІК | ВИСОКИЙ КОМФОРТ
ACC-84,COMPETITOR,ЛЮКС,ВИСОКА ЦІННІСТЬ,ЦІЛИЙ РІК,ВИСОКИЙ КОМФОРТ,ЛЮКС | ВИСОКА ЦІННІСТЬ | ЦІЛИЙ РІК | ВИСОКИЙ КОМФОРТ
ACC-85,COMPETITOR,ЛЮКС,СЕРЕДНЯ ЦІННІСТЬ,ЦІЛИЙ РІК,ВИСОКИЙ КОМФОРТ,ЛЮКС | СЕРЕДНЯ ЦІННІСТЬ | ЦІЛИЙ РІК | ВИСОКИЙ КОМФОРТ
ACC-86,COMPETITOR,ПРЕМІУМ,ВИСОКА ЦІННІСТЬ,ЦІЛИЙ РІК,ВИСОКИЙ КОМФОРТ,ПРЕМІУМ | ВИСОКА ЦІННІСТЬ | ЦІЛИЙ РІК | ВИСОКИЙ КОМФОРТ
ACC-87,COMPETITOR,ПРЕМІУМ,ВИСОКА ЦІННІСТЬ,ЦІЛИЙ РІК,ВИСОКИЙ КОМФОРТ,ПРЕМІУМ | ВИСОКА ЦІННІСТЬ | ЦІЛИЙ РІК | ВИСОКИЙ КОМФОРТ
ACC-88,COMPETITOR,СТАНДАРТ,ВИСОКА ЦІННІСТЬ,ЦІЛИЙ РІК,ВИСОКИЙ КОМФОРТ,СТАНДАРТ | ВИСОКА ЦІННІСТЬ | ЦІЛИЙ РІК | ВИСОКИЙ КОМФОРТ
ACC-89,COMPETITOR,СТАНДАРТ,ВИСОКА ЦІННІСТЬ,ЦІЛИЙ РІК,ВИСОКИЙ КОМФОРТ,СТАНДАРТ | ВИСОКА ЦІННІСТЬ | ЦІЛИЙ РІК | ВИСОКИЙ КОМФОРТ
ACC-90,COMPETITOR,ПРЕМІУМ,ВИСОКА ЦІННІСТЬ,ЦІЛИЙ РІК,ВИСОКИЙ КОМФОРТ,ПРЕМІУМ | ВИСОКА ЦІННІСТЬ | ЦІЛИЙ РІК | ВИСОКИЙ КОМФОРТ
ACC-91,COMPETITOR,СТАНДАРТ,ВИСОКА ЦІННІСТЬ,ЦІЛИЙ РІК,ВИСОКИЙ КОМФОРТ,СТАНДАРТ | ВИСОКА ЦІННІСТЬ | ЦІЛИЙ РІК | ВИСОКИЙ КОМФОРТ
ACC-92,COMPETITOR,ЛЮКС,ВИСОКА ЦІННІСТЬ,ЦІЛИЙ РІК,ВИСОКИЙ КОМФОРТ,ЛЮКС | ВИСОКА ЦІННІСТЬ | ЦІЛИЙ РІК | ВИСОКИЙ КОМФОРТ
ACC-93,COMPETITOR,ЛЮКС,ВИСОКА ЦІННІСТЬ,ЦІЛИЙ РІК,ВИСОКИЙ КОМФОРТ,ЛЮКС | ВИСОКА ЦІННІСТЬ | ЦІЛИЙ РІК | ВИСОКИЙ КОМФОРТ
ACC-94,COMPETITOR,СТАНДАРТ,ВИСОКА ЦІННІСТЬ,ЦІЛИЙ РІК,ВИСОКИЙ КОМФОРТ,СТАНДАРТ | ВИСОКА ЦІННІСТЬ | ЦІЛИЙ РІК | ВИСОКИЙ КОМФОРТ
ACC-95,COMPETITOR,СТАНДАРТ,ВИСОКА ЦІННІСТЬ,ЦІЛИЙ РІК,СЕРЕДНІЙ КОМФОРТ,СТАНДАРТ | ВИСОКА ЦІННІСТЬ | ЦІЛИЙ РІК | СЕРЕДНІЙ КОМФОРТ
ACC-96,COMPETITOR,СТАНДАРТ,ВИСОКА ЦІННІСТЬ,ЦІЛИЙ РІК,ВИСОКИЙ КОМФОРТ,СТАНДАРТ | ВИСОКА ЦІННІСТЬ | ЦІЛИЙ РІК | ВИСОКИЙ КОМФОРТ
ACC-97,COMPETITOR,СТАНДАРТ,ВИСОКА ЦІННІСТЬ,ЦІЛИЙ РІК,СЕРЕДНІЙ КОМФОРТ,СТАНДАРТ | ВИСОКА ЦІННІСТЬ | ЦІЛИЙ РІК | СЕРЕДНІЙ КОМФОРТ
ACC-98,COMPETITOR,СТАНДАРТ,СЕРЕДНЯ ЦІННІСТЬ,ЦІЛИЙ РІК,СЕРЕДНІЙ КОМФОРТ,СТАНДАРТ | СЕРЕДНЯ ЦІННІСТЬ | ЦІЛИЙ РІК | СЕРЕДНІЙ КОМФОРТ
ACC-99,COMPETITOR,СТАНДАРТ,СЕРЕДНЯ ЦІННІСТЬ,ЦІЛИЙ РІК,СЕРЕДНІЙ КОМФОРТ,СТАНДАРТ | СЕРЕДНЯ ЦІННІСТЬ | ЦІЛИЙ РІК | СЕРЕДНІЙ КОМФОРТ
ACC-100,COMPETITOR,СТАНДАРТ,ВИСОКА ЦІННІСТЬ,ЦІЛИЙ РІК,ВИСОКИЙ КОМФОРТ,СТАНДАРТ | ВИСОКА ЦІННІСТЬ | ЦІЛИЙ РІК | ВИСОКИЙ КОМФОРТ
ACC-101,COMPETITOR,ПРЕМІУМ,ВИСОКА ЦІННІСТЬ,ЦІЛИЙ РІК,ВИСОКИЙ КОМФОРТ,ПРЕМІУМ | ВИСОКА ЦІННІСТЬ | ЦІЛИЙ РІК | ВИСОКИЙ КОМФОРТ
ACC-102,COMPETITOR,ПРЕМІУМ,ВИСОКА ЦІННІСТЬ,ЦІЛИЙ РІК,СЕРЕДНІЙ КОМФОРТ,ПРЕМІУМ | ВИСОКА ЦІННІСТЬ | ЦІЛИЙ РІК | СЕРЕДНІЙ КОМФОРТ
ACC-103,COMPETITOR,ПРЕМІУМ,СЕРЕДНЯ ЦІННІСТЬ,ЦІЛИЙ РІК,СЕРЕДНІЙ КОМФОРТ,ПРЕМІУМ | СЕРЕДНЯ ЦІННІСТЬ | ЦІЛИЙ РІК | СЕРЕДНІЙ КОМФОРТ
ACC-104,COMPETITOR,ПРЕМІУМ,ВИСОКА ЦІННІСТЬ,ЦІЛИЙ РІК,СЕРЕДНІЙ КОМФОРТ,ПРЕМІУМ | ВИСОКА ЦІННІСТЬ | ЦІЛИЙ РІК | СЕРЕДНІЙ КОМФОРТ
ACC-105,COMPETITOR,ЛЮКС,ВИСОКА ЦІННІСТЬ,ЦІЛИЙ РІК,ВИСОКИЙ КОМФОРТ,ЛЮКС | ВИСОКА ЦІННІСТЬ | ЦІЛИЙ РІК | ВИСОКИЙ КОМФОРТ
ACC-106,COMPETITOR,ПРЕМІУМ,ВИСОКА ЦІННІСТЬ,ЦІЛИЙ РІК,СЕРЕДНІЙ КОМФОРТ,ПРЕМІУМ | ВИСОКА ЦІННІСТЬ | ЦІЛИЙ РІК | СЕРЕДНІЙ КОМФОРТ
ACC-107,COMPETITOR,ПРЕМІУМ,ВИСОКА ЦІННІСТЬ,ЦІЛИЙ РІК,ВИСОКИЙ КОМФОРТ,ПРЕМІУМ | ВИСОКА ЦІННІСТЬ | ЦІЛИЙ РІК | ВИСОКИЙ КОМФОРТ
ACC-108,COMPETITOR,ПРЕМІУМ,ВИСОКА ЦІННІСТЬ,ЦІЛИЙ РІК,ВИСОКИЙ КОМФОРТ,ПРЕМІУМ | ВИСОКА ЦІННІСТЬ | ЦІЛИЙ РІК | ВИСОКИЙ КОМФОРТ
ACC-109,COMPETITOR,ПРЕМІУМ,ВИСОКА ЦІННІСТЬ,ЦІЛИЙ РІК,ВИСОКИЙ КОМФОРТ,ПРЕМІУМ | ВИСОКА ЦІННІСТЬ | ЦІЛИЙ РІК | ВИСОКИЙ КОМФОРТ
ACC-110,COMPETITOR,БЮДЖЕТ,ВИСОКА ЦІННІСТЬ,ЦІЛИЙ РІК,СЕРЕДНІЙ КОМФОРТ,БЮДЖЕТ | ВИСОКА ЦІННІСТЬ | ЦІЛИЙ РІК | СЕРЕДНІЙ КОМФОРТ
ACC-111,COMPETITOR,СТАНДАРТ,СЕРЕДНЯ ЦІННІСТЬ,ЦІЛИЙ РІК,СЕРЕДНІЙ КОМФОРТ,СТАНДАРТ | СЕРЕДНЯ ЦІННІСТЬ | ЦІЛИЙ РІК | СЕРЕДНІЙ КОМФОРТ
ACC-112,COMPETITOR,СТАНДАРТ,СЕРЕДНЯ ЦІННІСТЬ,ЦІЛИЙ РІК,СЕРЕДНІЙ КОМФОРТ,СТАНДАРТ | СЕРЕДНЯ ЦІННІСТЬ | ЦІЛИЙ РІК | СЕРЕДНІЙ КОМФОРТ
ACC-113,COMPETITOR,СТАНДАРТ,ВИСОКА ЦІННІСТЬ,ЦІЛИЙ РІК,ВИСОКИЙ КОМФОРТ,СТАНДАРТ | ВИСОКА ЦІННІСТЬ | ЦІЛИЙ РІК | ВИСОКИЙ КОМФОРТ
ACC-114,COMPETITOR,ПРЕМІУМ,ВИСОКА ЦІННІСТЬ,ЦІЛИЙ РІК,СЕРЕДНІЙ КОМФОРТ,ПРЕМІУМ | ВИСОКА ЦІННІСТЬ | ЦІЛИЙ РІК | СЕРЕДНІЙ КОМФОРТ
ACC-115,COMPETITOR,ЛЮКС,ВИСОКА ЦІННІСТЬ,ЦІЛИЙ РІК,ВИСОКИЙ КОМФОРТ,ЛЮКС | ВИСОКА ЦІННІСТЬ | ЦІЛИЙ РІК | ВИСОКИЙ КОМФОРТ
ACC-116,COMPETITOR,ПРЕМІУМ,ВИСОКА ЦІННІСТЬ,ЦІЛИЙ РІК,ВИСОКИЙ КОМФОРТ,ПРЕМІУМ | ВИСОКА ЦІННІСТЬ | ЦІЛИЙ РІК | ВИСОКИЙ КОМФОРТ
ACC-117,COMPETITOR,ПРЕМІУМ,ВИСОКА ЦІННІСТЬ,ЦІЛИЙ РІК,ВИСОКИЙ КОМФОРТ,ПРЕМІУМ | ВИСОКА ЦІННІСТЬ | ЦІЛИЙ РІК | ВИСОКИЙ КОМФОРТ
ACC-118,COMPETITOR,ПРЕМІУМ,ВИСОКА ЦІННІСТЬ,ЦІЛИЙ РІК,СЕРЕДНІЙ КОМФОРТ,ПРЕМІУМ | ВИСОКА ЦІННІСТЬ | ЦІЛИЙ РІК | СЕРЕДНІЙ КОМФОРТ
ACC-119,COMPETITOR,СТАНДАРТ,ВИСОКА ЦІННІСТЬ,ЦІЛИЙ РІК,ВИСОКИЙ КОМФОРТ,СТАНДАРТ | ВИСОКА ЦІННІСТЬ | ЦІЛИЙ РІК | ВИСОКИЙ КОМФОРТ
ACC-120,COMPETITOR,ЛЮКС,СЕРЕДНЯ ЦІННІСТЬ,ЦІЛИЙ РІК,ВИСОКИЙ КОМФОРТ,ЛЮКС | СЕРЕДНЯ ЦІННІСТЬ | ЦІЛИЙ РІК | ВИСОКИЙ КОМФОРТ
ACC-121,COMPETITOR,ПРЕМІУМ,ВИСОКА ЦІННІСТЬ,ЦІЛИЙ РІК,СЕРЕДНІЙ КОМФОРТ,ПРЕМІУМ | ВИСОКА ЦІННІСТЬ | ЦІЛИЙ РІК | СЕРЕДНІЙ КОМФОРТ
ACC-122,COMPETITOR,СТАНДАРТ,ВИСОКА ЦІННІСТЬ,ЦІЛИЙ РІК,СЕРЕДНІЙ КОМФОРТ,СТАНДАРТ | ВИСОКА ЦІННІСТЬ | ЦІЛИЙ РІК | СЕРЕДНІЙ КОМФОРТ
ACC-123,COMPETITOR,ПРЕМІУМ,ВИСОКА ЦІННІСТЬ,ЦІЛИЙ РІК,СЕРЕДНІЙ КОМФОРТ,ПРЕМІУМ | ВИСОКА ЦІННІСТЬ | ЦІЛИЙ РІК | СЕРЕДНІЙ КОМФОРТ
ACC-124,COMPETITOR,ПРЕМІУМ,ВИСОКА ЦІННІСТЬ,ЦІЛИЙ РІК,ВИСОКИЙ КОМФОРТ,ПРЕМІУМ | ВИСОКА ЦІННІСТЬ | ЦІЛИЙ РІК | ВИСОКИЙ КОМФОРТ
ACC-125,COMPETITOR,ЛЮКС,ВИСОКА ЦІННІСТЬ,ЦІЛИЙ РІК,ВИСОКИЙ КОМФОРТ,ЛЮКС | ВИСОКА ЦІННІСТЬ | ЦІЛИЙ РІК | ВИСОКИЙ КОМФОРТ
ACC-126,COMPETITOR,ПРЕМІУМ,ВИСОКА ЦІННІСТЬ,ЦІЛИЙ РІК,СЕРЕДНІЙ КОМФОРТ,ПРЕМІУМ | ВИСОКА ЦІННІСТЬ | ЦІЛИЙ РІК | СЕРЕДНІЙ КОМФОРТ
ACC-127,COMPETITOR,ЛЮКС,СЕРЕДНЯ ЦІННІСТЬ,ЦІЛИЙ РІК,ВИСОКИЙ КОМФОРТ,ЛЮКС | СЕРЕДНЯ ЦІННІСТЬ | ЦІЛИЙ РІК | ВИСОКИЙ КОМФОРТ
ACC-128,COMPETITOR,ЛЮКС,СЕРЕДНЯ ЦІННІСТЬ,ЦІЛИЙ РІК,ВИСОКИЙ КОМФОРТ,ЛЮКС | СЕРЕДНЯ ЦІННІСТЬ | ЦІЛИЙ РІК | ВИСОКИЙ КОМФОРТ
ACC-129,COMPETITOR,ЛЮКС,СЕРЕДНЯ ЦІННІСТЬ,ЦІЛИЙ РІК,ВИСОКИЙ КОМФОРТ,ЛЮКС | СЕРЕДНЯ ЦІННІСТЬ | ЦІЛИЙ РІК | ВИСОКИЙ КОМФОРТ
ACC-130,COMPETITOR,СТАНДАРТ,СЕРЕДНЯ ЦІННІСТЬ,ЦІЛИЙ РІК,СЕРЕДНІЙ КОМФОРТ,СТАНДАРТ | СЕРЕДНЯ ЦІННІСТЬ | ЦІЛИЙ РІК | СЕРЕДНІЙ КОМФОРТ
ACC-131,COMPETITOR,ЛЮКС,ВИСОКА ЦІННІСТЬ,ЦІЛИЙ РІК,ВИСОКИЙ КОМФОРТ,ЛЮКС | ВИСОКА ЦІННІСТЬ | ЦІЛИЙ РІК | ВИСОКИЙ КОМФОРТ
ACC-132,COMPETITOR,ЛЮКС,СЕРЕДНЯ ЦІННІСТЬ,ЦІЛИЙ РІК,ВИСОКИЙ КОМФОРТ,ЛЮКС | СЕРЕДНЯ ЦІННІСТЬ | ЦІЛИЙ РІК | ВИСОКИЙ КОМФОРТ
ACC-133,COMPETITOR,СТАНДАРТ,ВИСОКА ЦІННІСТЬ,ЦІЛИЙ РІК,ВИСОКИЙ КОМФОРТ,СТАНДАРТ | ВИСОКА ЦІННІСТЬ | ЦІЛИЙ РІК | ВИСОКИЙ КОМФОРТ
ACC-134,COMPETITOR,ПРЕМІУМ,ВИСОКА ЦІННІСТЬ,ЦІЛИЙ РІК,ВИСОКИЙ КОМФОРТ,ПРЕМІУМ | ВИСОКА ЦІННІСТЬ | ЦІЛИЙ РІК | ВИСОКИЙ КОМФОРТ
ACC-135,COMPETITOR,СТАНДАРТ,СЕРЕДНЯ ЦІННІСТЬ,ЦІЛИЙ РІК,СЕРЕДНІЙ КОМФОРТ,СТАНДАРТ | СЕРЕДНЯ ЦІННІСТЬ | ЦІЛИЙ РІК | СЕРЕДНІЙ КОМФОРТ
ACC-136,COMPETITOR,ЛЮКС,ВИСОКА ЦІННІСТЬ,ЦІЛИЙ РІК,ВИСОКИЙ КОМФОРТ,ЛЮКС | ВИСОКА ЦІННІСТЬ | ЦІЛИЙ РІК | ВИСОКИЙ КОМФОРТ
ACC-137,COMPETITOR,ЛЮКС,СЕРЕДНЯ ЦІННІСТЬ,ЦІЛИЙ РІК,ВИСОКИЙ КОМФОРТ,ЛЮКС | СЕРЕДНЯ ЦІННІСТЬ | ЦІЛИЙ РІК | ВИСОКИЙ КОМФОРТ
ACC-138,COMPETITOR,СТАНДАРТ,ВИСОКА ЦІННІСТЬ,ЦІЛИЙ РІК,ВИСОКИЙ КОМФОРТ,СТАНДАРТ | ВИСОКА ЦІННІСТЬ | ЦІЛИЙ РІК | ВИСОКИЙ КОМФОРТ
ACC-139,COMPETITOR,СТАНДАРТ,СЕРЕДНЯ ЦІННІСТЬ,ЦІЛИЙ РІК,ВИСОКИЙ КОМФОРТ,СТАНДАРТ | СЕРЕДНЯ ЦІННІСТЬ | ЦІЛИЙ РІК | ВИСОКИЙ КОМФОРТ
ACC-140,COMPETITOR,ЛЮКС,ВИСОКА ЦІННІСТЬ,ЦІЛИЙ РІК,ВИСОКИЙ КОМФОРТ,ЛЮКС | ВИСОКА ЦІННІСТЬ | ЦІЛИЙ РІК | ВИСОКИЙ КОМФОРТ
ACC-141,COMPETITOR,ЛЮКС,СЕРЕДНЯ ЦІННІСТЬ,ЦІЛИЙ РІК,ВИСОКИЙ КОМФОРТ,ЛЮКС | СЕРЕДНЯ ЦІННІСТЬ | ЦІЛИЙ РІК | ВИСОКИЙ КОМФОРТ
ACC-142,COMPETITOR,ЛЮКС,СЕРЕДНЯ ЦІННІСТЬ,ЦІЛИЙ РІК,ВИСОКИЙ КОМФОРТ,ЛЮКС | СЕРЕДНЯ ЦІННІСТЬ | ЦІЛИЙ РІК | ВИСОКИЙ КОМФОРТ
ACC-143,COMPETITOR,БЮДЖЕТ,СЕРЕДНЯ ЦІННІСТЬ,ЦІЛИЙ РІК,СЕРЕДНІЙ КОМФОРТ,БЮДЖЕТ | СЕРЕДНЯ ЦІННІСТЬ | ЦІЛИЙ РІК | СЕРЕДНІЙ КОМФОРТ
ACC-144,COMPETITOR,ПРЕМІУМ,ВИСОКА ЦІННІСТЬ,ЦІЛИЙ РІК,СЕРЕДНІЙ КОМФОРТ,ПРЕМІУМ | ВИСОКА ЦІННІСТЬ | ЦІЛИЙ РІК | СЕРЕДНІЙ КОМФОРТ
ACC-145,COMPETITOR,ПРЕМІУМ,ВИСОКА ЦІННІСТЬ,ЦІЛИЙ РІК,ВИСОКИЙ КОМФОРТ,ПРЕМІУМ | ВИСОКА ЦІННІСТЬ | ЦІЛИЙ РІК | ВИСОКИЙ КОМФОРТ
ACC-146,COMPETITOR,СТАНДАРТ,СЕРЕДНЯ ЦІННІСТЬ,ЦІЛИЙ РІК,СЕРЕДНІЙ КОМФОРТ,СТАНДАРТ | СЕРЕДНЯ ЦІННІСТЬ | ЦІЛИЙ РІК | СЕРЕДНІЙ КОМФОРТ
ACC-147,COMPETITOR,ПРЕМІУМ,ВИСОКА ЦІННІСТЬ,ЦІЛИЙ РІК,ВИСОКИЙ КОМФОРТ,ПРЕМІУМ | ВИСОКА ЦІННІСТЬ | ЦІЛИЙ РІК | ВИСОКИЙ КОМФОРТ
ACC-148,COMPETITOR,СТАНДАРТ,ВИСОКА ЦІННІСТЬ,ЦІЛИЙ РІК,ВИСОКИЙ КОМФОРТ,СТАНДАРТ | ВИСОКА ЦІННІСТЬ | ЦІЛИЙ РІК | ВИСОКИЙ КОМФОРТ
ACC-149,COMPETITOR,БЮДЖЕТ,ВИСОКА ЦІННІСТЬ,ЦІЛИЙ РІК,СЕРЕДНІЙ КОМФОРТ,БЮДЖЕТ | ВИСОКА ЦІННІСТЬ | ЦІЛИЙ РІК | СЕРЕДНІЙ КОМФОРТ
ACC-150,COMPETITOR,СТАНДАРТ,СЕРЕДНЯ ЦІННІСТЬ,ЦІЛИЙ РІК,ВИСОКИЙ КОМФОРТ,СТАНДАРТ | СЕРЕДНЯ ЦІННІСТЬ | ЦІЛИЙ РІК | ВИСОКИЙ КОМФОРТ
ACC-151,COMPETITOR,СТАНДАРТ,ВИСОКА ЦІННІСТЬ,ЦІЛИЙ РІК,ВИСОКИЙ КОМФОРТ,СТАНДАРТ | ВИСОКА ЦІННІСТЬ | ЦІЛИЙ РІК | ВИСОКИЙ КОМФОРТ
ACC-152,COMPETITOR,СТАНДАРТ,СЕРЕДНЯ ЦІННІСТЬ,ЦІЛИЙ РІК,СЕРЕДНІЙ КОМФОРТ,СТАНДАРТ | СЕРЕДНЯ ЦІННІСТЬ | ЦІЛИЙ РІК | СЕРЕДНІЙ КОМФОРТ
ACC-153,COMPETITOR,ПРЕМІУМ,ВИСОКА ЦІННІСТЬ,ЦІЛИЙ РІК,СЕРЕДНІЙ КОМФОРТ,ПРЕМІУМ | ВИСОКА ЦІННІСТЬ | ЦІЛИЙ РІК | СЕРЕДНІЙ КОМФОРТ
ACC-154,COMPETITOR,ПРЕМІУМ,ВИСОКА ЦІННІСТЬ,ЦІЛИЙ РІК,ВИСОКИЙ КОМФОРТ,ПРЕМІУМ | ВИСОКА ЦІННІСТЬ | ЦІЛИЙ РІК | ВИСОКИЙ КОМФОРТ
ACC-155,COMPETITOR,СТАНДАРТ,СЕРЕДНЯ ЦІННІСТЬ,ЦІЛИЙ РІК,ВИСОКИЙ КОМФОРТ,СТАНДАРТ | СЕРЕДНЯ ЦІННІСТЬ | ЦІЛИЙ РІК | ВИСОКИЙ КОМФОРТ
ACC-156,COMPETITOR,ПРЕМІУМ,ВИСОКА ЦІННІСТЬ,ЦІЛИЙ РІК,ВИСОКИЙ КОМФОРТ,ПРЕМІУМ | ВИСОКА ЦІННІСТЬ | ЦІЛИЙ РІК | ВИСОКИЙ КОМФОРТ
ACC-157,COMPETITOR,ПРЕМІУМ,ВИСОКА ЦІННІСТЬ,ЦІЛИЙ РІК,ВИСОКИЙ КОМФОРТ,ПРЕМІУМ | ВИСОКА ЦІННІСТЬ | ЦІЛИЙ РІК | ВИСОКИЙ КОМФОРТ
ACC-158,COMPETITOR,БЮДЖЕТ,ВИСОКА ЦІННІСТЬ,ЦІЛИЙ РІК,СЕРЕДНІЙ КОМФОРТ,БЮДЖЕТ | ВИСОКА ЦІННІСТЬ | ЦІЛИЙ РІК | СЕРЕДНІЙ КОМФОРТ
ACC-159,COMPETITOR,БЮДЖЕТ,ВИСОКА ЦІННІСТЬ,ЦІЛИЙ РІК,СЕРЕДНІЙ КОМФОРТ,БЮДЖЕТ | ВИСОКА ЦІННІСТЬ | ЦІЛИЙ РІК | СЕРЕДНІЙ КОМФОРТ
ACC-160,COMPETITOR,ЛЮКС,ВИСОКА ЦІННІСТЬ,СЕЗОННИЙ,ВИСОКИЙ КОМФОРТ,ЛЮКС | ВИСОКА ЦІННІСТЬ | СЕЗОННИЙ | ВИСОКИЙ КОМФОРТ
ACC-161,COMPETITOR,БЮДЖЕТ,ВИСОКА ЦІННІСТЬ,ЦІЛИЙ РІК,СЕРЕДНІЙ КОМФОРТ,БЮДЖЕТ | ВИСОКА ЦІННІСТЬ | ЦІЛИЙ РІК | СЕРЕДНІЙ КОМФОРТ
ACC-162,COMPETITOR,СТАНДАРТ,СЕРЕДНЯ ЦІННІСТЬ,ЦІЛИЙ РІК,ВИСОКИЙ КОМФОРТ,СТАНДАРТ | СЕРЕДНЯ ЦІННІСТЬ | ЦІЛИЙ РІК | ВИСОКИЙ КОМФОРТ
ACC-163,COMPETITOR,СТАНДАРТ,ВИСОКА ЦІННІСТЬ,ЦІЛИЙ РІК,ВИСОКИЙ КОМФОРТ,СТАНДАРТ | ВИСОКА ЦІННІСТЬ | ЦІЛИЙ РІК | ВИСОКИЙ КОМФОРТ
ACC-164,COMPETITOR,ПРЕМІУМ,СЕРЕДНЯ ЦІННІСТЬ,ЦІЛИЙ РІК,ВИСОКИЙ КОМФОРТ,ПРЕМІУМ | СЕРЕДНЯ ЦІННІСТЬ | ЦІЛИЙ РІК | ВИСОКИЙ КОМФОРТ
ACC-165,COMPETITOR,СТАНДАРТ,ВИСОКА ЦІННІСТЬ,ЦІЛИЙ РІК,СЕРЕДНІЙ КОМФОРТ,СТАНДАРТ | ВИСОКА ЦІННІСТЬ | ЦІЛИЙ РІК | СЕРЕДНІЙ КОМФОРТ
ACC-166,COMPETITOR,ПРЕМІУМ,ВИСОКА ЦІННІСТЬ,ЦІЛИЙ РІК,ВИСОКИЙ КОМФОРТ,ПРЕМІУМ | ВИСОКА ЦІННІСТЬ | ЦІЛИЙ РІК | ВИСОКИЙ КОМФОРТ
ACC-167,COMPETITOR,БЮДЖЕТ,ВИСОКА ЦІННІСТЬ,ЦІЛИЙ РІК,СЕРЕДНІЙ КОМФОРТ,БЮДЖЕТ | ВИСОКА ЦІННІСТЬ | ЦІЛИЙ РІК | СЕРЕДНІЙ КОМФОРТ
ACC-168,COMPETITOR,ЛЮКС,ВИСОКА ЦІННІСТЬ,ЦІЛИЙ РІК,ВИСОКИЙ КОМФОРТ,ЛЮКС | ВИСОКА ЦІННІСТЬ | ЦІЛИЙ РІК | ВИСОКИЙ КОМФОРТ
ACC-169,COMPETITOR,ЛЮКС,ВИСОКА ЦІННІСТЬ,ЦІЛИЙ РІК,ВИСОКИЙ КОМФОРТ,ЛЮКС | ВИСОКА ЦІННІСТЬ | ЦІЛИЙ РІК | ВИСОКИЙ КОМФОРТ
ACC-170,COMPETITOR,ПРЕМІУМ,ВИСОКА ЦІННІСТЬ,ЦІЛИЙ РІК,ВИСОКИЙ КОМФОРТ,ПРЕМІУМ | ВИСОКА ЦІННІСТЬ | ЦІЛИЙ РІК | ВИСОКИЙ КОМФОРТ
ACC-171,COMPETITOR,БЮДЖЕТ,ВИСОКА ЦІННІСТЬ,ЦІЛИЙ РІК,СЕРЕДНІЙ КОМФОРТ,БЮДЖЕТ | ВИСОКА ЦІННІСТЬ | ЦІЛИЙ РІК | СЕРЕДНІЙ КОМФОРТ
ACC-172,COMPETITOR,ПРЕМІУМ,ВИСОКА ЦІННІСТЬ,ЦІЛИЙ РІК,ВИСОКИЙ КОМФОРТ,ПРЕМІУМ | ВИСОКА ЦІННІСТЬ | ЦІЛИЙ РІК | ВИСОКИЙ КОМФОРТ
ACC-173,COMPETITOR,ПРЕМІУМ,СЕРЕДНЯ ЦІННІСТЬ,ЦІЛИЙ РІК,СЕРЕДНІЙ КОМФОРТ,ПРЕМІУМ | СЕРЕДНЯ ЦІННІСТЬ | ЦІЛИЙ РІК | СЕРЕДНІЙ КОМФОРТ
ACC-174,COMPETITOR,ЛЮКС,ВИСОКА ЦІННІСТЬ,ЦІЛИЙ РІК,ВИСОКИЙ КОМФОРТ,ЛЮКС | ВИСОКА ЦІННІСТЬ | ЦІЛИЙ РІК | ВИСОКИЙ КОМФОРТ
ACC-175,COMPETITOR,ЛЮКС,ВИСОКА ЦІННІСТЬ,ЦІЛИЙ РІК,ВИСОКИЙ КОМФОРТ,ЛЮКС | ВИСОКА ЦІННІСТЬ | ЦІЛИЙ РІК | ВИСОКИЙ КОМФОРТ
ACC-176,COMPETITOR,ЛЮКС,ВИСОКА ЦІННІСТЬ,ПІВРІЧНИЙ,ВИСОКИЙ КОМФОРТ,ЛЮКС | ВИСОКА ЦІННІСТЬ | ПІВРІЧНИЙ | ВИСОКИЙ КОМФОРТ
ACC-177,COMPETITOR,ЛЮКС,ВИСОКА ЦІННІСТЬ,ПІВРІЧНИЙ,ВИСОКИЙ КОМФОРТ,ЛЮКС | ВИСОКА ЦІННІСТЬ | ПІВРІЧНИЙ | ВИСОКИЙ КОМФОРТ
ACC-178,COMPETITOR,ПРЕМІУМ,ВИСОКА ЦІННІСТЬ,ЦІЛИЙ РІК,ВИСОКИЙ КОМФОРТ,ПРЕМІУМ | ВИСОКА ЦІННІСТЬ | ЦІЛИЙ РІК | ВИСОКИЙ КОМФОРТ
ACC-179,COMPETITOR,ЛЮКС,ВИСОКА ЦІННІСТЬ,ПІВРІЧНИЙ,ВИСОКИЙ КОМФОРТ,ЛЮКС | ВИСОКА ЦІННІСТЬ | ПІВРІЧНИЙ | ВИСОКИЙ КОМФОРТ
ACC-180,COMPETITOR,ЛЮКС,ВИСОКА ЦІННІСТЬ,ЦІЛИЙ РІК,ВИСОКИЙ КОМФОРТ,ЛЮКС | ВИСОКА ЦІННІСТЬ | ЦІЛИЙ РІК | ВИСОКИЙ КОМФОРТ
ACC-181,COMPETITOR,ПРЕМІУМ,ВИСОКА ЦІННІСТЬ,ПІВРІЧНИЙ,ВИСОКИЙ КОМФОРТ,ПРЕМІУМ | ВИСОКА ЦІННІСТЬ | ПІВРІЧНИЙ | ВИСОКИЙ КОМФОРТ
ACC-182,COMPETITOR,СТАНДАРТ,ВИСОКА ЦІННІСТЬ,ПІВРІЧНИЙ,ВИСОКИЙ КОМФОРТ,СТАНДАРТ | ВИСОКА ЦІННІСТЬ | ПІВРІЧНИЙ | ВИСОКИЙ КОМФОРТ
ACC-183,COMPETITOR,СТАНДАРТ,ВИСОКА ЦІННІСТЬ,ЦІЛИЙ РІК,СЕРЕДНІЙ КОМФОРТ,СТАНДАРТ | ВИСОКА ЦІННІСТЬ | ЦІЛИЙ РІК | СЕРЕДНІЙ КОМФОРТ
ADR-1,COMPETITOR,СТАНДАРТ,ВИСОКА ЦІННІСТЬ,ЦІЛИЙ РІК,ВИСОКИЙ КОМФОРТ,СТАНДАРТ | ВИСОКА ЦІННІСТЬ | ЦІЛИЙ РІК | ВИСОКИЙ КОМФОРТ
ADR-2,COMPETITOR,СТАНДАРТ,ВИСОКА ЦІННІСТЬ,ЦІЛИЙ РІК,СЕРЕДНІЙ КОМФОРТ,СТАНДАРТ | ВИСОКА ЦІННІСТЬ | ЦІЛИЙ РІК | СЕРЕДНІЙ КОМФОРТ
ADR-3,COMPETITOR,СТАНДАРТ,ВИСОКА ЦІННІСТЬ,ЦІЛИЙ РІК,ВИСОКИЙ КОМФОРТ,СТАНДАРТ | ВИСОКА ЦІННІСТЬ | ЦІЛИЙ РІК | ВИСОКИЙ КОМФОРТ
ADR-4,COMPETITOR,СТАНДАРТ,ВИСОКА ЦІННІСТЬ,ЦІЛИЙ РІК,ВИСОКИЙ КОМФОРТ,СТАНДАРТ | ВИСОКА ЦІННІСТЬ | ЦІЛИЙ РІК | ВИСОКИЙ КОМФОРТ
ADR-5,COMPETITOR,СТАНДАРТ,ВИСОКА ЦІННІСТЬ,ЦІЛИЙ РІК,СЕРЕДНІЙ КОМФОРТ,СТАНДАРТ | ВИСОКА ЦІННІСТЬ | ЦІЛИЙ РІК | СЕРЕДНІЙ КОМФОРТ
ADR-6,COMPETITOR,СТАНДАРТ,ВИСОКА ЦІННІСТЬ,ЦІЛИЙ РІК,СЕРЕДНІЙ КОМФОРТ,СТАНДАРТ | ВИСОКА ЦІННІСТЬ | ЦІЛИЙ РІК | СЕРЕДНІЙ КОМФОРТ
ADR-7,COMPETITOR,БЮДЖЕТ,ВИСОКА ЦІННІСТЬ,ЦІЛИЙ РІК,СЕРЕДНІЙ КОМФОРТ,БЮДЖЕТ | ВИСОКА ЦІННІСТЬ | ЦІЛИЙ РІК | СЕРЕДНІЙ КОМФОРТ
ADR-8,COMPETITOR,СТАНДАРТ,ВИСОКА ЦІННІСТЬ,ЦІЛИЙ РІК,ВИСОКИЙ КОМФОРТ,СТАНДАРТ | ВИСОКА ЦІННІСТЬ | ЦІЛИЙ РІК | ВИСОКИЙ КОМФОРТ
ADR-9,COMPETITOR,БЮДЖЕТ,СЕРЕДНЯ ЦІННІСТЬ,ЦІЛИЙ РІК,СЕРЕДНІЙ КОМФОРТ,БЮДЖЕТ | СЕРЕДНЯ ЦІННІСТЬ | ЦІЛИЙ РІК | СЕРЕДНІЙ КОМФОРТ
ADR-10,COMPETITOR,ЛЮКС,ВИСОКА ЦІННІСТЬ,ЦІЛИЙ РІК,ВИСОКИЙ КОМФОРТ,ЛЮКС | ВИСОКА ЦІННІСТЬ | ЦІЛИЙ РІК | ВИСОКИЙ КОМФОРТ
ADR-11,COMPETITOR,СТАНДАРТ,ВИСОКА ЦІННІСТЬ,ЦІЛИЙ РІК,ВИСОКИЙ КОМФОРТ,СТАНДАРТ | ВИСОКА ЦІННІСТЬ | ЦІЛИЙ РІК | ВИСОКИЙ КОМФОРТ
ADR-12,COMPETITOR,СТАНДАРТ,ВИСОКА ЦІННІСТЬ,ЦІЛИЙ РІК,ВИСОКИЙ КОМФОРТ,СТАНДАРТ | ВИСОКА ЦІННІСТЬ | ЦІЛИЙ РІК | ВИСОКИЙ КОМФОРТ
ADR-13,COMPETITOR,БЮДЖЕТ,СЕРЕДНЯ ЦІННІСТЬ,ЦІЛИЙ РІК,СЕРЕДНІЙ КОМФОРТ,БЮДЖЕТ | СЕРЕДНЯ ЦІННІСТЬ | ЦІЛИЙ РІК | СЕРЕДНІЙ КОМФОРТ
ADR-14,COMPETITOR,СТАНДАРТ,ВИСОКА ЦІННІСТЬ,ЦІЛИЙ РІК,СЕРЕДНІЙ КОМФОРТ,СТАНДАРТ | ВИСОКА ЦІННІСТЬ | ЦІЛИЙ РІК | СЕРЕДНІЙ КОМФОРТ
ADR-15,COMPETITOR,ПРЕМІУМ,ВИСОКА ЦІННІСТЬ,ЦІЛИЙ РІК,ВИСОКИЙ КОМФОРТ,ПРЕМІУМ | ВИСОКА ЦІННІСТЬ | ЦІЛИЙ РІК | ВИСОКИЙ КОМФОРТ
ADR-16,COMPETITOR,БЮДЖЕТ,ВИСОКА ЦІННІСТЬ,ЦІЛИЙ РІК,ВИСОКИЙ КОМФОРТ,БЮДЖЕТ | ВИСОКА ЦІННІСТЬ | ЦІЛИЙ РІК | ВИСОКИЙ КОМФОРТ
ADR-17,COMPETITOR,СТАНДАРТ,ВИСОКА ЦІННІСТЬ,ЦІЛИЙ РІК,СЕРЕДНІЙ КОМФОРТ,СТАНДАРТ | ВИСОКА ЦІННІСТЬ | ЦІЛИЙ РІК | СЕРЕДНІЙ КОМФОРТ
ADR-18,COMPETITOR,ПРЕМІУМ,ВИСОКА ЦІННІСТЬ,ЦІЛИЙ РІК,ВИСОКИЙ КОМФОРТ,ПРЕМІУМ | ВИСОКА ЦІННІСТЬ | ЦІЛИЙ РІК | ВИСОКИЙ КОМФОРТ
ADR-19,COMPETITOR,ПРЕМІУМ,ВИСОКА ЦІННІСТЬ,ЦІЛИЙ РІК,ВИСОКИЙ КОМФОРТ,ПРЕМІУМ | ВИСОКА ЦІННІСТЬ | ЦІЛИЙ РІК | ВИСОКИЙ КОМФОРТ
ADR-20,COMPETITOR,ПРЕМІУМ,ВИСОКА ЦІННІСТЬ,ЦІЛИЙ РІК,СЕРЕДНІЙ КОМФОРТ,ПРЕМІУМ | ВИСОКА ЦІННІСТЬ | ЦІЛИЙ РІК | СЕРЕДНІЙ КОМФОРТ
ADR-21,COMPETITOR,СТАНДАРТ,ВИСОКА ЦІННІСТЬ,ЦІЛИЙ РІК,СЕРЕДНІЙ КОМФОРТ,СТАНДАРТ | ВИСОКА ЦІННІСТЬ | ЦІЛИЙ РІК | СЕРЕДНІЙ КОМФОРТ
ADR-22,COMPETITOR,СТАНДАРТ,СЕРЕДНЯ ЦІННІСТЬ,ЦІЛИЙ РІК,ВИСОКИЙ КОМФОРТ,СТАНДАРТ | СЕРЕДНЯ ЦІННІСТЬ | ЦІЛИЙ РІК | ВИСОКИЙ КОМФОРТ
ADR-23,COMPETITOR,СТАНДАРТ,ВИСОКА ЦІННІСТЬ,ЦІЛИЙ РІК,ВИСОКИЙ КОМФОРТ,СТАНДАРТ | ВИСОКА ЦІННІСТЬ | ЦІЛИЙ РІК | ВИСОКИЙ КОМФОРТ
ADR-24,COMPETITOR,БЮДЖЕТ,ВИСОКА ЦІННІСТЬ,ЦІЛИЙ РІК,ВИСОКИЙ КОМФОРТ,БЮДЖЕТ | ВИСОКА ЦІННІСТЬ | ЦІЛИЙ РІК | ВИСОКИЙ КОМФОРТ
ADR-25,COMPETITOR,СТАНДАРТ,СЕРЕДНЯ ЦІННІСТЬ,ЦІЛИЙ РІК,СЕРЕДНІЙ КОМФОРТ,СТАНДАРТ | СЕРЕДНЯ ЦІННІСТЬ | ЦІЛИЙ РІК | СЕРЕДНІЙ КОМФОРТ
ADR-26,COMPETITOR,ПРЕМІУМ,ВИСОКА ЦІННІСТЬ,ЦІЛИЙ РІК,СЕРЕДНІЙ КОМФОРТ,ПРЕМІУМ | ВИСОКА ЦІННІСТЬ | ЦІЛИЙ РІК | СЕРЕДНІЙ КОМФОРТ
ADR-27,COMPETITOR,ПРЕМІУМ,ВИСОКА ЦІННІСТЬ,ЦІЛИЙ РІК,ВИСОКИЙ КОМФОРТ,ПРЕМІУМ | ВИСОКА ЦІННІСТЬ | ЦІЛИЙ РІК | ВИСОКИЙ КОМФОРТ
ADR-28,COMPETITOR,СТАНДАРТ,ВИСОКА ЦІННІСТЬ,ЦІЛИЙ РІК,ВИСОКИЙ КОМФОРТ,СТАНДАРТ | ВИСОКА ЦІННІСТЬ | ЦІЛИЙ РІК | ВИСОКИЙ КОМФОРТ
ADR-29,COMPETITOR,ПРЕМІУМ,ВИСОКА ЦІННІСТЬ,ЦІЛИЙ РІК,СЕРЕДНІЙ КОМФОРТ,ПРЕМІУМ | ВИСОКА ЦІННІСТЬ | ЦІЛИЙ РІК | СЕРЕДНІЙ КОМФОРТ
ADR-30,COMPETITOR,ПРЕМІУМ,ВИСОКА ЦІННІСТЬ,ЦІЛИЙ РІК,ВИСОКИЙ КОМФОРТ,ПРЕМІУМ | ВИСОКА ЦІННІСТЬ | ЦІЛИЙ РІК | ВИСОКИЙ КОМФОРТ
ADR-31,COMPETITOR,ПРЕМІУМ,ВИСОКА ЦІННІСТЬ,ЦІЛИЙ РІК,ВИСОКИЙ КОМФОРТ,ПРЕМІУМ | ВИСОКА ЦІННІСТЬ | ЦІЛИЙ РІК | ВИСОКИЙ КОМФОРТ
ADR-32,COMPETITOR,ПРЕМІУМ,ВИСОКА ЦІННІСТЬ,ЦІЛИЙ РІК,ВИСОКИЙ КОМФОРТ,ПРЕМІУМ | ВИСОКА ЦІННІСТЬ | ЦІЛИЙ РІК | ВИСОКИЙ КОМФОРТ
ADR-33,COMPETITOR,ПРЕМІУМ,ВИСОКА ЦІННІСТЬ,ЦІЛИЙ РІК,ВИСОКИЙ КОМФОРТ,ПРЕМІУМ | ВИСОКА ЦІННІСТЬ | ЦІЛИЙ РІК | ВИСОКИЙ КОМФОРТ
ADR-34,COMPETITOR,СТАНДАРТ,ВИСОКА ЦІННІСТЬ,ЦІЛИЙ РІК,ВИСОКИЙ КОМФОРТ,СТАНДАРТ | ВИСОКА ЦІННІСТЬ | ЦІЛИЙ РІК | ВИСОКИЙ КОМФОРТ
ADR-35,COMPETITOR,СТАНДАРТ,СЕРЕДНЯ ЦІННІСТЬ,ЦІЛИЙ РІК,СЕРЕДНІЙ КОМФОРТ,СТАНДАРТ | СЕРЕДНЯ ЦІННІСТЬ | ЦІЛИЙ РІК | СЕРЕДНІЙ КОМФОРТ
ADR-36,COMPETITOR,ПРЕМІУМ,ВИСОКА ЦІННІСТЬ,ПІВРІЧНИЙ,ВИСОКИЙ КОМФОРТ,ПРЕМІУМ | ВИСОКА ЦІННІСТЬ | ПІВРІЧНИЙ | ВИСОКИЙ КОМФОРТ
ADR-37,COMPETITOR,ПРЕМІУМ,ВИСОКА ЦІННІСТЬ,ЦІЛИЙ РІК,СЕРЕДНІЙ КОМФОРТ,ПРЕМІУМ | ВИСОКА ЦІННІСТЬ | ЦІЛИЙ РІК | СЕРЕДНІЙ КОМФОРТ
ADR-38,COMPETITOR,СТАНДАРТ,ВИСОКА ЦІННІСТЬ,ЦІЛИЙ РІК,ВИСОКИЙ КОМФОРТ,СТАНДАРТ | ВИСОКА ЦІННІСТЬ | ЦІЛИЙ РІК | ВИСОКИЙ КОМФОРТ
ADR-39,COMPETITOR,СТАНДАРТ,ВИСОКА ЦІННІСТЬ,ЦІЛИЙ РІК,ВИСОКИЙ КОМФОРТ,СТАНДАРТ | ВИСОКА ЦІННІСТЬ | ЦІЛИЙ РІК | ВИСОКИЙ КОМФОРТ
ADR-40,COMPETITOR,ПРЕМІУМ,СЕРЕДНЯ ЦІННІСТЬ,ЦІЛИЙ РІК,ВИСОКИЙ КОМФОРТ,ПРЕМІУМ | СЕРЕДНЯ ЦІННІСТЬ | ЦІЛИЙ РІК | ВИСОКИЙ КОМФОРТ
ADR-41,COMPETITOR,ПРЕМІУМ,ВИСОКА ЦІННІСТЬ,ЦІЛИЙ РІК,ВИСОКИЙ КОМФОРТ,ПРЕМІУМ | ВИСОКА ЦІННІСТЬ | ЦІЛИЙ РІК | ВИСОКИЙ КОМФОРТ
ADR-42,COMPETITOR,СТАНДАРТ,ВИСОКА ЦІННІСТЬ,ЦІЛИЙ РІК,ВИСОКИЙ КОМФОРТ,СТАНДАРТ | ВИСОКА ЦІННІСТЬ | ЦІЛИЙ РІК | ВИСОКИЙ КОМФОРТ
ADR-43,COMPETITOR,ПРЕМІУМ,ВИСОКА ЦІННІСТЬ,ЦІЛИЙ РІК,ВИСОКИЙ КОМФОРТ,ПРЕМІУМ | ВИСОКА ЦІННІСТЬ | ЦІЛИЙ РІК | ВИСОКИЙ КОМФОРТ
ADR-44,COMPETITOR,СТАНДАРТ,СЕРЕДНЯ ЦІННІСТЬ,ЦІЛИЙ РІК,СЕРЕДНІЙ КОМФОРТ,СТАНДАРТ | СЕРЕДНЯ ЦІННІСТЬ | ЦІЛИЙ РІК | СЕРЕДНІЙ КОМФОРТ
ADR-45,COMPETITOR,ЛЮКС,СЕРЕДНЯ ЦІННІСТЬ,ЦІЛИЙ РІК,СЕРЕДНІЙ КОМФОРТ,ЛЮКС | СЕРЕДНЯ ЦІННІСТЬ | ЦІЛИЙ РІК | СЕРЕДНІЙ КОМФОРТ
ADR-46,COMPETITOR,ПРЕМІУМ,СЕРЕДНЯ ЦІННІСТЬ,ЦІЛИЙ РІК,ВИСОКИЙ КОМФОРТ,ПРЕМІУМ | СЕРЕДНЯ ЦІННІСТЬ | ЦІЛИЙ РІК | ВИСОКИЙ КОМФОРТ
ADR-47,COMPETITOR,СТАНДАРТ,СЕРЕДНЯ ЦІННІСТЬ,ЦІЛИЙ РІК,ВИСОКИЙ КОМФОРТ,СТАНДАРТ | СЕРЕДНЯ ЦІННІСТЬ | ЦІЛИЙ РІК | ВИСОКИЙ КОМФОРТ
ADR-48,COMPETITOR,ПРЕМІУМ,ВИСОКА ЦІННІСТЬ,ЦІЛИЙ РІК,СЕРЕДНІЙ КОМФОРТ,ПРЕМІУМ | ВИСОКА ЦІННІСТЬ | ЦІЛИЙ РІК | СЕРЕДНІЙ КОМФОРТ
ADR-49,COMPETITOR,ПРЕМІУМ,ВИСОКА ЦІННІСТЬ,ЦІЛИЙ РІК,СЕРЕДНІЙ КОМФОРТ,ПРЕМІУМ | ВИСОКА ЦІННІСТЬ | ЦІЛИЙ РІК | СЕРЕДНІЙ КОМФОРТ
ADR-50,COMPETITOR,СТАНДАРТ,ВИСОКА ЦІННІСТЬ,ЦІЛИЙ РІК,СЕРЕДНІЙ КОМФОРТ,СТАНДАРТ | ВИСОКА ЦІННІСТЬ | ЦІЛИЙ РІК | СЕРЕДНІЙ КОМФОРТ
ADR-51,COMPETITOR,ЛЮКС,ВИСОКА ЦІННІСТЬ,ЦІЛИЙ РІК,ВИСОКИЙ КОМФОРТ,ЛЮКС | ВИСОКА ЦІННІСТЬ | ЦІЛИЙ РІК | ВИСОКИЙ КОМФОРТ
ADR-52,COMPETITOR,ПРЕМІУМ,ВИСОКА ЦІННІСТЬ,ЦІЛИЙ РІК,ВИСОКИЙ КОМФОРТ,ПРЕМІУМ | ВИСОКА ЦІННІСТЬ | ЦІЛИЙ РІК | ВИСОКИЙ КОМФОРТ
ADR-53,COMPETITOR,ПРЕМІУМ,ВИСОКА ЦІННІСТЬ,ЦІЛИЙ РІК,ВИСОКИЙ КОМФОРТ,ПРЕМІУМ | ВИСОКА ЦІННІСТЬ | ЦІЛИЙ РІК | ВИСОКИЙ КОМФОРТ
ADR-54,COMPETITOR,ПРЕМІУМ,ВИСОКА ЦІННІСТЬ,ЦІЛИЙ РІК,ВИСОКИЙ КОМФОРТ,ПРЕМІУМ | ВИСОКА ЦІННІСТЬ | ЦІЛИЙ РІК | ВИСОКИЙ КОМФОРТ
ADR-55,COMPETITOR,ЛЮКС,ВИСОКА ЦІННІСТЬ,ЦІЛИЙ РІК,ВИСОКИЙ КОМФОРТ,ЛЮКС | ВИСОКА ЦІННІСТЬ | ЦІЛИЙ РІК | ВИСОКИЙ КОМФОРТ
ADR-56,COMPETITOR,ЛЮКС,СЕРЕДНЯ ЦІННІСТЬ,ЦІЛИЙ РІК,СЕРЕДНІЙ КОМФОРТ,ЛЮКС | СЕРЕДНЯ ЦІННІСТЬ | ЦІЛИЙ РІК | СЕРЕДНІЙ КОМФОРТ
ADR-57,COMPETITOR,ПРЕМІУМ,СЕРЕДНЯ ЦІННІСТЬ,ЦІЛИЙ РІК,ВИСОКИЙ КОМФОРТ,ПРЕМІУМ | СЕРЕДНЯ ЦІННІСТЬ | ЦІЛИЙ РІК | ВИСОКИЙ КОМФОРТ
ADR-58,COMPETITOR,ПРЕМІУМ,ВИСОКА ЦІННІСТЬ,ЦІЛИЙ РІК,ВИСОКИЙ КОМФОРТ,ПРЕМІУМ | ВИСОКА ЦІННІСТЬ | ЦІЛИЙ РІК | ВИСОКИЙ КОМФОРТ
ADR-59,COMPETITOR,ЛЮКС,ВИСОКА ЦІННІСТЬ,ЦІЛИЙ РІК,ВИСОКИЙ КОМФОРТ,ЛЮКС | ВИСОКА ЦІННІСТЬ | ЦІЛИЙ РІК | ВИСОКИЙ КОМФОРТ
ADR-60,COMPETITOR,ЛЮКС,ВИСОКА ЦІННІСТЬ,ЦІЛИЙ РІК,ВИСОКИЙ КОМФОРТ,ЛЮКС | ВИСОКА ЦІННІСТЬ | ЦІЛИЙ РІК | ВИСОКИЙ КОМФОРТ
ADR-61,COMPETITOR,СТАНДАРТ,ВИСОКА ЦІННІСТЬ,ЦІЛИЙ РІК,СЕРЕДНІЙ КОМФОРТ,СТАНДАРТ | ВИСОКА ЦІННІСТЬ | ЦІЛИЙ РІК | СЕРЕДНІЙ КОМФОРТ
ADR-62,COMPETITOR,СТАНДАРТ,ВИСОКА ЦІННІСТЬ,ЦІЛИЙ РІК,ВИСОКИЙ КОМФОРТ,СТАНДАРТ | ВИСОКА ЦІННІСТЬ | ЦІЛИЙ РІК | ВИСОКИЙ КОМФОРТ
ADR-63,COMPETITOR,СТАНДАРТ,ВИСОКА ЦІННІСТЬ,ЦІЛИЙ РІК,ВИСОКИЙ КОМФОРТ,СТАНДАРТ | ВИСОКА ЦІННІСТЬ | ЦІЛИЙ РІК | ВИСОКИЙ КОМФОРТ
ADR-64,COMPETITOR,ЛЮКС,СЕРЕДНЯ ЦІННІСТЬ,ЦІЛИЙ РІК,ВИСОКИЙ КОМФОРТ,ЛЮКС | СЕРЕДНЯ ЦІННІСТЬ | ЦІЛИЙ РІК | ВИСОКИЙ КОМФОРТ
ADR-65,COMPETITOR,СТАНДАРТ,ВИСОКА ЦІННІСТЬ,ЦІЛИЙ РІК,ВИСОКИЙ КОМФОРТ,СТАНДАРТ | ВИСОКА ЦІННІСТЬ | ЦІЛИЙ РІК | ВИСОКИЙ КОМФОРТ
ADR-66,COMPETITOR,СТАНДАРТ,ВИСОКА ЦІННІСТЬ,ЦІЛИЙ РІК,ВИСОКИЙ КОМФОРТ,СТАНДАРТ | ВИСОКА ЦІННІСТЬ | ЦІЛИЙ РІК | ВИСОКИЙ КОМФОРТ
ADR-67,COMPETITOR,СТАНДАРТ,ВИСОКА ЦІННІСТЬ,ЦІЛИЙ РІК,СЕРЕДНІЙ КОМФОРТ,СТАНДАРТ | ВИСОКА ЦІННІСТЬ | ЦІЛИЙ РІК | СЕРЕДНІЙ КОМФОРТ
ADR-68,COMPETITOR,СТАНДАРТ,ВИСОКА ЦІННІСТЬ,ЦІЛИЙ РІК,ВИСОКИЙ КОМФОРТ,СТАНДАРТ | ВИСОКА ЦІННІСТЬ | ЦІЛИЙ РІК | ВИСОКИЙ КОМФОРТ
ADR-69,COMPETITOR,ПРЕМІУМ,ВИСОКА ЦІННІСТЬ,ЦІЛИЙ РІК,ВИСОКИЙ КОМФОРТ,ПРЕМІУМ | ВИСОКА ЦІННІСТЬ | ЦІЛИЙ РІК | ВИСОКИЙ КОМФОРТ
ADR-70,COMPETITOR,ПРЕМІУМ,ВИСОКА ЦІННІСТЬ,ЦІЛИЙ РІК,ВИСОКИЙ КОМФОРТ,ПРЕМІУМ | ВИСОКА ЦІННІСТЬ | ЦІЛИЙ РІК | ВИСОКИЙ КОМФОРТ
ADR-71,COMPETITOR,СТАНДАРТ,ВИСОКА ЦІННІСТЬ,ЦІЛИЙ РІК,СЕРЕДНІЙ КОМФОРТ,СТАНДАРТ | ВИСОКА ЦІННІСТЬ | ЦІЛИЙ РІК | СЕРЕДНІЙ КОМФОРТ
ADR-72,COMPETITOR,ЛЮКС,ВИСОКА ЦІННІСТЬ,ЦІЛИЙ РІК,ВИСОКИЙ КОМФОРТ,ЛЮКС | ВИСОКА ЦІННІСТЬ | ЦІЛИЙ РІК | ВИСОКИЙ КОМФОРТ
ADR-73,COMPETITOR,ЛЮКС,ВИСОКА ЦІННІСТЬ,ЦІЛИЙ РІК,ВИСОКИЙ КОМФОРТ,ЛЮКС | ВИСОКА ЦІННІСТЬ | ЦІЛИЙ РІК | ВИСОКИЙ КОМФОРТ
ADR-74,COMPETITOR,ПРЕМІУМ,ВИСОКА ЦІННІСТЬ,ЦІЛИЙ РІК,ВИСОКИЙ КОМФОРТ,ПРЕМІУМ | ВИСОКА ЦІННІСТЬ | ЦІЛИЙ РІК | ВИСОКИЙ КОМФОРТ
ADR-75,COMPETITOR,ПРЕМІУМ,СЕРЕДНЯ ЦІННІСТЬ,ЦІЛИЙ РІК,ВИСОКИЙ КОМФОРТ,ПРЕМІУМ | СЕРЕДНЯ ЦІННІСТЬ | ЦІЛИЙ РІК | ВИСОКИЙ КОМФОРТ
ADR-76,COMPETITOR,ПРЕМІУМ,СЕРЕДНЯ ЦІННІСТЬ,ЦІЛИЙ РІК,ВИСОКИЙ КОМФОРТ,ПРЕМІУМ | СЕРЕДНЯ ЦІННІСТЬ | ЦІЛИЙ РІК | ВИСОКИЙ КОМФОРТ
ADR-77,COMPETITOR,ПРЕМІУМ,ВИСОКА ЦІННІСТЬ,ЦІЛИЙ РІК,ВИСОКИЙ КОМФОРТ,ПРЕМІУМ | ВИСОКА ЦІННІСТЬ | ЦІЛИЙ РІК | ВИСОКИЙ КОМФОРТ
ADR-78,COMPETITOR,ПРЕМІУМ,ВИСОКА ЦІННІСТЬ,ЦІЛИЙ РІК,СЕРЕДНІЙ КОМФОРТ,ПРЕМІУМ | ВИСОКА ЦІННІСТЬ | ЦІЛИЙ РІК | СЕРЕДНІЙ КОМФОРТ
ADR-79,COMPETITOR,ПРЕМІУМ,ВИСОКА ЦІННІСТЬ,СЕЗОННИЙ,СЕРЕДНІЙ КОМФОРТ,ПРЕМІУМ | ВИСОКА ЦІННІСТЬ | СЕЗОННИЙ | СЕРЕДНІЙ КОМФОРТ
ADR-80,COMPETITOR,ПРЕМІУМ,ВИСОКА ЦІННІСТЬ,ЦІЛИЙ РІК,ВИСОКИЙ КОМФОРТ,ПРЕМІУМ | ВИСОКА ЦІННІСТЬ | ЦІЛИЙ РІК | ВИСОКИЙ КОМФОРТ
ADR-81,COMPETITOR,ЛЮКС,СЕРЕДНЯ ЦІННІСТЬ,ЦІЛИЙ РІК,ВИСОКИЙ КОМФОРТ,ЛЮКС | СЕРЕДНЯ ЦІННІСТЬ | ЦІЛИЙ РІК | ВИСОКИЙ КОМФОРТ
ADR-82,COMPETITOR,СТАНДАРТ,СЕРЕДНЯ ЦІННІСТЬ,ЦІЛИЙ РІК,СЕРЕДНІЙ КОМФОРТ,СТАНДАРТ | СЕРЕДНЯ ЦІННІСТЬ | ЦІЛИЙ РІК | СЕРЕДНІЙ КОМФОРТ
ADR-83,COMPETITOR,ПРЕМІУМ,ВИСОКА ЦІННІСТЬ,ЦІЛИЙ РІК,ВИСОКИЙ КОМФОРТ,ПРЕМІУМ | ВИСОКА ЦІННІСТЬ | ЦІЛИЙ РІК | ВИСОКИЙ КОМФОРТ
ADR-84,COMPETITOR,ПРЕМІУМ,ВИСОКА ЦІННІСТЬ,ЦІЛИЙ РІК,СЕРЕДНІЙ КОМФОРТ,ПРЕМІУМ | ВИСОКА ЦІННІСТЬ | ЦІЛИЙ РІК | СЕРЕДНІЙ КОМФОРТ
ADR-85,COMPETITOR,ЛЮКС,СЕРЕДНЯ ЦІННІСТЬ,ЦІЛИЙ РІК,ВИСОКИЙ КОМФОРТ,ЛЮКС | СЕРЕДНЯ ЦІННІСТЬ | ЦІЛИЙ РІК | ВИСОКИЙ КОМФОРТ
ADR-86,COMPETITOR,ПРЕМІУМ,СЕРЕДНЯ ЦІННІСТЬ,ЦІЛИЙ РІК,ВИСОКИЙ КОМФОРТ,ПРЕМІУМ | СЕРЕДНЯ ЦІННІСТЬ | ЦІЛИЙ РІК | ВИСОКИЙ КОМФОРТ
ADR-87,COMPETITOR,ПРЕМІУМ,СЕРЕДНЯ ЦІННІСТЬ,ЦІЛИЙ РІК,ВИСОКИЙ КОМФОРТ,ПРЕМІУМ | СЕРЕДНЯ ЦІННІСТЬ | ЦІЛИЙ РІК | ВИСОКИЙ КОМФОРТ
ADR-88,COMPETITOR,ЛЮКС,ВИСОКА ЦІННІСТЬ,ЦІЛИЙ РІК,ВИСОКИЙ КОМФОРТ,ЛЮКС | ВИСОКА ЦІННІСТЬ | ЦІЛИЙ РІК | ВИСОКИЙ КОМФОРТ
ADR-89,COMPETITOR,ПРЕМІУМ,ВИСОКА ЦІННІСТЬ,ЦІЛИЙ РІК,ВИСОКИЙ КОМФОРТ,ПРЕМІУМ | ВИСОКА ЦІННІСТЬ | ЦІЛИЙ РІК | ВИСОКИЙ КОМФОРТ
ADR-90,COMPETITOR,СТАНДАРТ,ВИСОКА ЦІННІСТЬ,ЦІЛИЙ РІК,СЕРЕДНІЙ КОМФОРТ,СТАНДАРТ | ВИСОКА ЦІННІСТЬ | ЦІЛИЙ РІК | СЕРЕДНІЙ КОМФОРТ
ADR-91,COMPETITOR,ЛЮКС,СЕРЕДНЯ ЦІННІСТЬ,ЦІЛИЙ РІК,ВИСОКИЙ КОМФОРТ,ЛЮКС | СЕРЕДНЯ ЦІННІСТЬ | ЦІЛИЙ РІК | ВИСОКИЙ КОМФОРТ
ADR-92,COMPETITOR,ПРЕМІУМ,ВИСОКА ЦІННІСТЬ,ЦІЛИЙ РІК,ВИСОКИЙ КОМФОРТ,ПРЕМІУМ | ВИСОКА ЦІННІСТЬ | ЦІЛИЙ РІК | ВИСОКИЙ КОМФОРТ
ADR-93,COMPETITOR,ПРЕМІУМ,ВИСОКА ЦІННІСТЬ,ЦІЛИЙ РІК,ВИСОКИЙ КОМФОРТ,ПРЕМІУМ | ВИСОКА ЦІННІСТЬ | ЦІЛИЙ РІК | ВИСОКИЙ КОМФОРТ
ADR-94,COMPETITOR,СТАНДАРТ,СЕРЕДНЯ ЦІННІСТЬ,ЦІЛИЙ РІК,СЕРЕДНІЙ КОМФОРТ,СТАНДАРТ | СЕРЕДНЯ ЦІННІСТЬ | ЦІЛИЙ РІК | СЕРЕДНІЙ КОМФОРТ
ADR-95,COMPETITOR,ПРЕМІУМ,ВИСОКА ЦІННІСТЬ,ЦІЛИЙ РІК,ВИСОКИЙ КОМФОРТ,ПРЕМІУМ | ВИСОКА ЦІННІСТЬ | ЦІЛИЙ РІК | ВИСОКИЙ КОМФОРТ
ADR-96,COMPETITOR,СТАНДАРТ,ВИСОКА ЦІННІСТЬ,ЦІЛИЙ РІК,СЕРЕДНІЙ КОМФОРТ,СТАНДАРТ | ВИСОКА ЦІННІСТЬ | ЦІЛИЙ РІК | СЕРЕДНІЙ КОМФОРТ
ADR-97,COMPETITOR,ЛЮКС,ВИСОКА ЦІННІСТЬ,ЦІЛИЙ РІК,ВИСОКИЙ КОМФОРТ,ЛЮКС | ВИСОКА ЦІННІСТЬ | ЦІЛИЙ РІК | ВИСОКИЙ КОМФОРТ
ADR-98,COMPETITOR,ЛЮКС,ВИСОКА ЦІННІСТЬ,ЦІЛИЙ РІК,ВИСОКИЙ КОМФОРТ,ЛЮКС | ВИСОКА ЦІННІСТЬ | ЦІЛИЙ РІК | ВИСОКИЙ КОМФОРТ
ADR-99,COMPETITOR,СТАНДАРТ,СЕРЕДНЯ ЦІННІСТЬ,ЦІЛИЙ РІК,СЕРЕДНІЙ КОМФОРТ,СТАНДАРТ | СЕРЕДНЯ ЦІННІСТЬ | ЦІЛИЙ РІК | СЕРЕДНІЙ КОМФОРТ
ADR-100,COMPETITOR,СТАНДАРТ,ВИСОКА ЦІННІСТЬ,ЦІЛИЙ РІК,ВИСОКИЙ КОМФОРТ,СТАНДАРТ | ВИСОКА ЦІННІСТЬ | ЦІЛИЙ РІК | ВИСОКИЙ КОМФОРТ
ADR-101,COMPETITOR,ПРЕМІУМ,ВИСОКА ЦІННІСТЬ,ЦІЛИЙ РІК,ВИСОКИЙ КОМФОРТ,ПРЕМІУМ | ВИСОКА ЦІННІСТЬ | ЦІЛИЙ РІК | ВИСОКИЙ КОМФОРТ
ADR-102,COMPETITOR,СТАНДАРТ,ВИСОКА ЦІННІСТЬ,ЦІЛИЙ РІК,СЕРЕДНІЙ КОМФОРТ,СТАНДАРТ | ВИСОКА ЦІННІСТЬ | ЦІЛИЙ РІК | СЕРЕДНІЙ КОМФОРТ
ADR-103,COMPETITOR,ПРЕМІУМ,ВИСОКА ЦІННІСТЬ,ЦІЛИЙ РІК,ВИСОКИЙ КОМФОРТ,ПРЕМІУМ | ВИСОКА ЦІННІСТЬ | ЦІЛИЙ РІК | ВИСОКИЙ КОМФОРТ
ADR-104,COMPETITOR,ЛЮКС,СЕРЕДНЯ ЦІННІСТЬ,ЦІЛИЙ РІК,ВИСОКИЙ КОМФОРТ,ЛЮКС | СЕРЕДНЯ ЦІННІСТЬ | ЦІЛИЙ РІК | ВИСОКИЙ КОМФОРТ
ADR-105,COMPETITOR,ЛЮКС,СЕРЕДНЯ ЦІННІСТЬ,ЦІЛИЙ РІК,ВИСОКИЙ КОМФОРТ,ЛЮКС | СЕРЕДНЯ ЦІННІСТЬ | ЦІЛИЙ РІК | ВИСОКИЙ КОМФОРТ
ADR-106,COMPETITOR,ЛЮКС,СЕРЕДНЯ ЦІННІСТЬ,ЦІЛИЙ РІК,ВИСОКИЙ КОМФОРТ,ЛЮКС | СЕРЕДНЯ ЦІННІСТЬ | ЦІЛИЙ РІК | ВИСОКИЙ КОМФОРТ
ADR-107,COMPETITOR,ПРЕМІУМ,ВИСОКА ЦІННІСТЬ,ЦІЛИЙ РІК,ВИСОКИЙ КОМФОРТ,ПРЕМІУМ | ВИСОКА ЦІННІСТЬ | ЦІЛИЙ РІК | ВИСОКИЙ КОМФОРТ
ADR-108,COMPETITOR,ПРЕМІУМ,ВИСОКА ЦІННІСТЬ,ЦІЛИЙ РІК,ВИСОКИЙ КОМФОРТ,ПРЕМІУМ | ВИСОКА ЦІННІСТЬ | ЦІЛИЙ РІК | ВИСОКИЙ КОМФОРТ
ADR-109,COMPETITOR,СТАНДАРТ,ВИСОКА ЦІННІСТЬ,ЦІЛИЙ РІК,ВИСОКИЙ КОМФОРТ,СТАНДАРТ | ВИСОКА ЦІННІСТЬ | ЦІЛИЙ РІК | ВИСОКИЙ КОМФОРТ
ADR-110,COMPETITOR,ЛЮКС,СЕРЕДНЯ ЦІННІСТЬ,ЦІЛИЙ РІК,ВИСОКИЙ КОМФОРТ,ЛЮКС | СЕРЕДНЯ ЦІННІСТЬ | ЦІЛИЙ РІК | ВИСОКИЙ КОМФОРТ
ADR-111,COMPETITOR,ПРЕМІУМ,ВИСОКА ЦІННІСТЬ,ЦІЛИЙ РІК,ВИСОКИЙ КОМФОРТ,ПРЕМІУМ | ВИСОКА ЦІННІСТЬ | ЦІЛИЙ РІК | ВИСОКИЙ КОМФОРТ
ADR-112,COMPETITOR,ПРЕМІУМ,ВИСОКА ЦІННІСТЬ,ЦІЛИЙ РІК,ВИСОКИЙ КОМФОРТ,ПРЕМІУМ | ВИСОКА ЦІННІСТЬ | ЦІЛИЙ РІК | ВИСОКИЙ КОМФОРТ
ADR-113,COMPETITOR,ЛЮКС,ВИСОКА ЦІННІСТЬ,ЦІЛИЙ РІК,ВИСОКИЙ КОМФОРТ,ЛЮКС | ВИСОКА ЦІННІСТЬ | ЦІЛИЙ РІК | ВИСОКИЙ КОМФОРТ
ADR-114,COMPETITOR,СТАНДАРТ,СЕРЕДНЯ ЦІННІСТЬ,ЦІЛИЙ РІК,СЕРЕДНІЙ КОМФОРТ,СТАНДАРТ | СЕРЕДНЯ ЦІННІСТЬ | ЦІЛИЙ РІК | СЕРЕДНІЙ КОМФОРТ
ADR-115,COMPETITOR,ПРЕМІУМ,ВИСОКА ЦІННІСТЬ,ЦІЛИЙ РІК,СЕРЕДНІЙ КОМФОРТ,ПРЕМІУМ | ВИСОКА ЦІННІСТЬ | ЦІЛИЙ РІК | СЕРЕДНІЙ КОМФОРТ
ADR-116,COMPETITOR,ПРЕМІУМ,ВИСОКА ЦІННІСТЬ,ЦІЛИЙ РІК,ВИСОКИЙ КОМФОРТ,ПРЕМІУМ | ВИСОКА ЦІННІСТЬ | ЦІЛИЙ РІК | ВИСОКИЙ КОМФОРТ
ADR-117,COMPETITOR,СТАНДАРТ,СЕРЕДНЯ ЦІННІСТЬ,ЦІЛИЙ РІК,СЕРЕДНІЙ КОМФОРТ,СТАНДАРТ | СЕРЕДНЯ ЦІННІСТЬ | ЦІЛИЙ РІК | СЕРЕДНІЙ КОМФОРТ
ADR-118,COMPETITOR,ЛЮКС,НИЗЬКА ЦІННІСТЬ,ПІВРІЧНИЙ,ВИСОКИЙ КОМФОРТ,ЛЮКС | НИЗЬКА ЦІННІСТЬ | ПІВРІЧНИЙ | ВИСОКИЙ КОМФОРТ
ADR-119,COMPETITOR,ЛЮКС,СЕРЕДНЯ ЦІННІСТЬ,ПІВРІЧНИЙ,ВИСОКИЙ КОМФОРТ,ЛЮКС | СЕРЕДНЯ ЦІННІСТЬ | ПІВРІЧНИЙ | ВИСОКИЙ КОМФОРТ
ADR-120,COMPETITOR,ПРЕМІУМ,СЕРЕДНЯ ЦІННІСТЬ,ЦІЛИЙ РІК,ВИСОКИЙ КОМФОРТ,ПРЕМІУМ | СЕРЕДНЯ ЦІННІСТЬ | ЦІЛИЙ РІК | ВИСОКИЙ КОМФОРТ
ADR-121,COMPETITOR,ПРЕМІУМ,СЕРЕДНЯ ЦІННІСТЬ,ЦІЛИЙ РІК,СЕРЕДНІЙ КОМФОРТ,ПРЕМІУМ | СЕРЕДНЯ ЦІННІСТЬ | ЦІЛИЙ РІК | СЕРЕДНІЙ КОМФОРТ
ADR-122,COMPETITOR,ПРЕМІУМ,ВИСОКА ЦІННІСТЬ,ЦІЛИЙ РІК,СЕРЕДНІЙ КОМФОРТ,ПРЕМІУМ | ВИСОКА ЦІННІСТЬ | ЦІЛИЙ РІК | СЕРЕДНІЙ КОМФОРТ
ADR-123,COMPETITOR,ЛЮКС,ВИСОКА ЦІННІСТЬ,ЦІЛИЙ РІК,ВИСОКИЙ КОМФОРТ,ЛЮКС | ВИСОКА ЦІННІСТЬ | ЦІЛИЙ РІК | ВИСОКИЙ КОМФОРТ
ADR-124,COMPETITOR,ПРЕМІУМ,ВИСОКА ЦІННІСТЬ,ЦІЛИЙ РІК,ВИСОКИЙ КОМФОРТ,ПРЕМІУМ | ВИСОКА ЦІННІСТЬ | ЦІЛИЙ РІК | ВИСОКИЙ КОМФОРТ
ADR-125,COMPETITOR,ПРЕМІУМ,СЕРЕДНЯ ЦІННІСТЬ,ЦІЛИЙ РІК,СЕРЕДНІЙ КОМФОРТ,ПРЕМІУМ | СЕРЕДНЯ ЦІННІСТЬ | ЦІЛИЙ РІК | СЕРЕДНІЙ КОМФОРТ
ADR-126,COMPETITOR,ЛЮКС,ВИСОКА ЦІННІСТЬ,РІДКІСНИЙ,ВИСОКИЙ КОМФОРТ,ЛЮКС | ВИСОКА ЦІННІСТЬ | РІДКІСНИЙ | ВИСОКИЙ КОМФОРТ
ADR-127,COMPETITOR,ЛЮКС,СЕРЕДНЯ ЦІННІСТЬ,ЦІЛИЙ РІК,ВИСОКИЙ КОМФОРТ,ЛЮКС | СЕРЕДНЯ ЦІННІСТЬ | ЦІЛИЙ РІК | ВИСОКИЙ КОМФОРТ
ADR-128,COMPETITOR,СТАНДАРТ,ВИСОКА ЦІННІСТЬ,ЦІЛИЙ РІК,ВИСОКИЙ КОМФОРТ,СТАНДАРТ | ВИСОКА ЦІННІСТЬ | ЦІЛИЙ РІК | ВИСОКИЙ КОМФОРТ
ADR-129,COMPETITOR,СТАНДАРТ,ВИСОКА ЦІННІСТЬ,СЕЗОННИЙ,ВИСОКИЙ КОМФОРТ,СТАНДАРТ | ВИСОКА ЦІННІСТЬ | СЕЗОННИЙ | ВИСОКИЙ КОМФОРТ
ADR-130,COMPETITOR,СТАНДАРТ,ВИСОКА ЦІННІСТЬ,ЦІЛИЙ РІК,СЕРЕДНІЙ КОМФОРТ,СТАНДАРТ | ВИСОКА ЦІННІСТЬ | ЦІЛИЙ РІК | СЕРЕДНІЙ КОМФОРТ
ADR-131,COMPETITOR,ЛЮКС,НИЗЬКА ЦІННІСТЬ,СЕЗОННИЙ,ВИСОКИЙ КОМФОРТ,ЛЮКС | НИЗЬКА ЦІННІСТЬ | СЕЗОННИЙ | ВИСОКИЙ КОМФОРТ
ADR-132,COMPETITOR,ЛЮКС,СЕРЕДНЯ ЦІННІСТЬ,ЦІЛИЙ РІК,ВИСОКИЙ КОМФОРТ,ЛЮКС | СЕРЕДНЯ ЦІННІСТЬ | ЦІЛИЙ РІК | ВИСОКИЙ КОМФОРТ
ADR-133,COMPETITOR,СТАНДАРТ,ВИСОКА ЦІННІСТЬ,ЦІЛИЙ РІК,ВИСОКИЙ КОМФОРТ,СТАНДАРТ | ВИСОКА ЦІННІСТЬ | ЦІЛИЙ РІК | ВИСОКИЙ КОМФОРТ
ADR-134,COMPETITOR,ПРЕМІУМ,ВИСОКА ЦІННІСТЬ,ЦІЛИЙ РІК,СЕРЕДНІЙ КОМФОРТ,ПРЕМІУМ | ВИСОКА ЦІННІСТЬ | ЦІЛИЙ РІК | СЕРЕДНІЙ КОМФОРТ
ADR-135,COMPETITOR,ЛЮКС,СЕРЕДНЯ ЦІННІСТЬ,ЦІЛИЙ РІК,ВИСОКИЙ КОМФОРТ,ЛЮКС | СЕРЕДНЯ ЦІННІСТЬ | ЦІЛИЙ РІК | ВИСОКИЙ КОМФОРТ
ADR-136,COMPETITOR,ЛЮКС,ВИСОКА ЦІННІСТЬ,ЦІЛИЙ РІК,ВИСОКИЙ КОМФОРТ,ЛЮКС | ВИСОКА ЦІННІСТЬ | ЦІЛИЙ РІК | ВИСОКИЙ КОМФОРТ
DAV-1,COMPETITOR,СТАНДАРТ,ВИСОКА ЦІННІСТЬ,ПІВРІЧНИЙ,СЕРЕДНІЙ КОМФОРТ,СТАНДАРТ | ВИСОКА ЦІННІСТЬ | ПІВРІЧНИЙ | СЕРЕДНІЙ КОМФОРТ
DAV-2,COMPETITOR,СТАНДАРТ,ВИСОКА ЦІННІСТЬ,ПІВРІЧНИЙ,СЕРЕДНІЙ КОМФОРТ,СТАНДАРТ | ВИСОКА ЦІННІСТЬ | ПІВРІЧНИЙ | СЕРЕДНІЙ КОМФОРТ
DAV-3,COMPETITOR,ПРЕМІУМ,СЕРЕДНЯ ЦІННІСТЬ,ЦІЛИЙ РІК,СЕРЕДНІЙ КОМФОРТ,ПРЕМІУМ | СЕРЕДНЯ ЦІННІСТЬ | ЦІЛИЙ РІК | СЕРЕДНІЙ КОМФОРТ
DAV-4,COMPETITOR,ЛЮКС,НИЗЬКА ЦІННІСТЬ,СЕЗОННИЙ,СЕРЕДНІЙ КОМФОРТ,ЛЮКС | НИЗЬКА ЦІННІСТЬ | СЕЗОННИЙ | СЕРЕДНІЙ КОМФОРТ
DAV-5,COMPETITOR,ПРЕМІУМ,ВИСОКА ЦІННІСТЬ,ЦІЛИЙ РІК,ВИСОКИЙ КОМФОРТ,ПРЕМІУМ | ВИСОКА ЦІННІСТЬ | ЦІЛИЙ РІК | ВИСОКИЙ КОМФОРТ
DAV-6,COMPETITOR,ЛЮКС,СЕРЕДНЯ ЦІННІСТЬ,ЦІЛИЙ РІК,ВИСОКИЙ КОМФОРТ,ЛЮКС | СЕРЕДНЯ ЦІННІСТЬ | ЦІЛИЙ РІК | ВИСОКИЙ КОМФОРТ
DAV-7,COMPETITOR,ЛЮКС,СЕРЕДНЯ ЦІННІСТЬ,РІДКІСНИЙ,СЕРЕДНІЙ КОМФОРТ,ЛЮКС | СЕРЕДНЯ ЦІННІСТЬ | РІДКІСНИЙ | СЕРЕДНІЙ КОМФОРТ
DAV-8,COMPETITOR,СТАНДАРТ,СЕРЕДНЯ ЦІННІСТЬ,ПІВРІЧНИЙ,СЕРЕДНІЙ КОМФОРТ,СТАНДАРТ | СЕРЕДНЯ ЦІННІСТЬ | ПІВРІЧНИЙ | СЕРЕДНІЙ КОМФОРТ
DAV-9,COMPETITOR,СТАНДАРТ,СЕРЕДНЯ ЦІННІСТЬ,ПІВРІЧНИЙ,ВИСОКИЙ КОМФОРТ,СТАНДАРТ | СЕРЕДНЯ ЦІННІСТЬ | ПІВРІЧНИЙ | ВИСОКИЙ КОМФОРТ
DAV-10,COMPETITOR,ЛЮКС,ВИСОКА ЦІННІСТЬ,ЦІЛИЙ РІК,ВИСОКИЙ КОМФОРТ,ЛЮКС | ВИСОКА ЦІННІСТЬ | ЦІЛИЙ РІК | ВИСОКИЙ КОМФОРТ
DAV-11,COMPETITOR,СТАНДАРТ,СЕРЕДНЯ ЦІННІСТЬ,ПІВРІЧНИЙ,ВИСОКИЙ КОМФОРТ,СТАНДАРТ | СЕРЕДНЯ ЦІННІСТЬ | ПІВРІЧНИЙ | ВИСОКИЙ КОМФОРТ
ITR-1,COMPETITOR,СТАНДАРТ,ВИСОКА ЦІННІСТЬ,ЦІЛИЙ РІК,СЕРЕДНІЙ КОМФОРТ,СТАНДАРТ | ВИСОКА ЦІННІСТЬ | ЦІЛИЙ РІК | СЕРЕДНІЙ КОМФОРТ
ITR-2,COMPETITOR,СТАНДАРТ,СЕРЕДНЯ ЦІННІСТЬ,ЦІЛИЙ РІК,СЕРЕДНІЙ КОМФОРТ,СТАНДАРТ | СЕРЕДНЯ ЦІННІСТЬ | ЦІЛИЙ РІК | СЕРЕДНІЙ КОМФОРТ
ITR-3,COMPETITOR,СТАНДАРТ,ВИСОКА ЦІННІСТЬ,ЦІЛИЙ РІК,ВИСОКИЙ КОМФОРТ,СТАНДАРТ | ВИСОКА ЦІННІСТЬ | ЦІЛИЙ РІК | ВИСОКИЙ КОМФОРТ
ITR-4,COMPETITOR,ПРЕМІУМ,ВИСОКА ЦІННІСТЬ,ЦІЛИЙ РІК,ВИСОКИЙ КОМФОРТ,ПРЕМІУМ | ВИСОКА ЦІННІСТЬ | ЦІЛИЙ РІК | ВИСОКИЙ КОМФОРТ
ITR-5,COMPETITOR,БЮДЖЕТ,СЕРЕДНЯ ЦІННІСТЬ,ЦІЛИЙ РІК,СЕРЕДНІЙ КОМФОРТ,БЮДЖЕТ | СЕРЕДНЯ ЦІННІСТЬ | ЦІЛИЙ РІК | СЕРЕДНІЙ КОМФОРТ
ITR-6,COMPETITOR,СТАНДАРТ,ВИСОКА ЦІННІСТЬ,ЦІЛИЙ РІК,СЕРЕДНІЙ КОМФОРТ,СТАНДАРТ | ВИСОКА ЦІННІСТЬ | ЦІЛИЙ РІК | СЕРЕДНІЙ КОМФОРТ
ITR-7,COMPETITOR,ПРЕМІУМ,ВИСОКА ЦІННІСТЬ,ЦІЛИЙ РІК,СЕРЕДНІЙ КОМФОРТ,ПРЕМІУМ | ВИСОКА ЦІННІСТЬ | ЦІЛИЙ РІК | СЕРЕДНІЙ КОМФОРТ
ITR-8,COMPETITOR,ПРЕМІУМ,СЕРЕДНЯ ЦІННІСТЬ,ЦІЛИЙ РІК,СЕРЕДНІЙ КОМФОРТ,ПРЕМІУМ | СЕРЕДНЯ ЦІННІСТЬ | ЦІЛИЙ РІК | СЕРЕДНІЙ КОМФОРТ
ITR-9,COMPETITOR,СТАНДАРТ,ВИСОКА ЦІННІСТЬ,ЦІЛИЙ РІК,ВИСОКИЙ КОМФОРТ,СТАНДАРТ | ВИСОКА ЦІННІСТЬ | ЦІЛИЙ РІК | ВИСОКИЙ КОМФОРТ
ITR-10,COMPETITOR,СТАНДАРТ,ВИСОКА ЦІННІСТЬ,ЦІЛИЙ РІК,ВИСОКИЙ КОМФОРТ,СТАНДАРТ | ВИСОКА ЦІННІСТЬ | ЦІЛИЙ РІК | ВИСОКИЙ КОМФОРТ
ITR-11,COMPETITOR,СТАНДАРТ,ВИСОКА ЦІННІСТЬ,ЦІЛИЙ РІК,СЕРЕДНІЙ КОМФОРТ,СТАНДАРТ | ВИСОКА ЦІННІСТЬ | ЦІЛИЙ РІК | СЕРЕДНІЙ КОМФОРТ
ITR-12,COMPETITOR,БЮДЖЕТ,ВИСОКА ЦІННІСТЬ,ЦІЛИЙ РІК,ВИСОКИЙ КОМФОРТ,БЮДЖЕТ | ВИСОКА ЦІННІСТЬ | ЦІЛИЙ РІК | ВИСОКИЙ КОМФОРТ
ITR-13,COMPETITOR,СТАНДАРТ,ВИСОКА ЦІННІСТЬ,ЦІЛИЙ РІК,СЕРЕДНІЙ КОМФОРТ,СТАНДАРТ | ВИСОКА ЦІННІСТЬ | ЦІЛИЙ РІК | СЕРЕДНІЙ КОМФОРТ
ITR-14,COMPETITOR,ПРЕМІУМ,ВИСОКА ЦІННІСТЬ,ЦІЛИЙ РІК,ВИСОКИЙ КОМФОРТ,ПРЕМІУМ | ВИСОКА ЦІННІСТЬ | ЦІЛИЙ РІК | ВИСОКИЙ КОМФОРТ
ITR-15,COMPETITOR,ПРЕМІУМ,ВИСОКА ЦІННІСТЬ,ЦІЛИЙ РІК,СЕРЕДНІЙ КОМФОРТ,ПРЕМІУМ | ВИСОКА ЦІННІСТЬ | ЦІЛИЙ РІК | СЕРЕДНІЙ КОМФОРТ
ITR-16,COMPETITOR,БЮДЖЕТ,СЕРЕДНЯ ЦІННІСТЬ,ЦІЛИЙ РІК,СЕРЕДНІЙ КОМФОРТ,БЮДЖЕТ | СЕРЕДНЯ ЦІННІСТЬ | ЦІЛИЙ РІК | СЕРЕДНІЙ КОМФОРТ
ITR-17,COMPETITOR,ЛЮКС,ВИСОКА ЦІННІСТЬ,ЦІЛИЙ РІК,СЕРЕДНІЙ КОМФОРТ,ЛЮКС | ВИСОКА ЦІННІСТЬ | ЦІЛИЙ РІК | СЕРЕДНІЙ КОМФОРТ
ITR-18,COMPETITOR,СТАНДАРТ,ВИСОКА ЦІННІСТЬ,ЦІЛИЙ РІК,СЕРЕДНІЙ КОМФОРТ,СТАНДАРТ | ВИСОКА ЦІННІСТЬ | ЦІЛИЙ РІК | СЕРЕДНІЙ КОМФОРТ
ITR-19,COMPETITOR,СТАНДАРТ,ВИСОКА ЦІННІСТЬ,ЦІЛИЙ РІК,СЕРЕДНІЙ КОМФОРТ,СТАНДАРТ | ВИСОКА ЦІННІСТЬ | ЦІЛИЙ РІК | СЕРЕДНІЙ КОМФОРТ
ITR-20,COMPETITOR,ПРЕМІУМ,СЕРЕДНЯ ЦІННІСТЬ,ЦІЛИЙ РІК,ВИСОКИЙ КОМФОРТ,ПРЕМІУМ | СЕРЕДНЯ ЦІННІСТЬ | ЦІЛИЙ РІК | ВИСОКИЙ КОМФОРТ
ITR-21,COMPETITOR,ПРЕМІУМ,СЕРЕДНЯ ЦІННІСТЬ,ЦІЛИЙ РІК,ВИСОКИЙ КОМФОРТ,ПРЕМІУМ | СЕРЕДНЯ ЦІННІСТЬ | ЦІЛИЙ РІК | ВИСОКИЙ КОМФОРТ
ITR-22,COMPETITOR,ПРЕМІУМ,СЕРЕДНЯ ЦІННІСТЬ,ЦІЛИЙ РІК,СЕРЕДНІЙ КОМФОРТ,ПРЕМІУМ | СЕРЕДНЯ ЦІННІСТЬ | ЦІЛИЙ РІК | СЕРЕДНІЙ КОМФОРТ
ITR-23,COMPETITOR,ПРЕМІУМ,ВИСОКА ЦІННІСТЬ,ЦІЛИЙ РІК,ВИСОКИЙ КОМФОРТ,ПРЕМІУМ | ВИСОКА ЦІННІСТЬ | ЦІЛИЙ РІК | ВИСОКИЙ КОМФОРТ
ITR-24,COMPETITOR,СТАНДАРТ,СЕРЕДНЯ ЦІННІСТЬ,ЦІЛИЙ РІК,ВИСОКИЙ КОМФОРТ,СТАНДАРТ | СЕРЕДНЯ ЦІННІСТЬ | ЦІЛИЙ РІК | ВИСОКИЙ КОМФОРТ
ITR-25,COMPETITOR,СТАНДАРТ,ВИСОКА ЦІННІСТЬ,ЦІЛИЙ РІК,СЕРЕДНІЙ КОМФОРТ,СТАНДАРТ | ВИСОКА ЦІННІСТЬ | ЦІЛИЙ РІК | СЕРЕДНІЙ КОМФОРТ
ITR-26,COMPETITOR,СТАНДАРТ,СЕРЕДНЯ ЦІННІСТЬ,ЦІЛИЙ РІК,СЕРЕДНІЙ КОМФОРТ,СТАНДАРТ | СЕРЕДНЯ ЦІННІСТЬ | ЦІЛИЙ РІК | СЕРЕДНІЙ КОМФОРТ
ITR-27,COMPETITOR,ПРЕМІУМ,ВИСОКА ЦІННІСТЬ,ЦІЛИЙ РІК,ВИСОКИЙ КОМФОРТ,ПРЕМІУМ | ВИСОКА ЦІННІСТЬ | ЦІЛИЙ РІК | ВИСОКИЙ КОМФОРТ
ITR-28,COMPETITOR,ПРЕМІУМ,СЕРЕДНЯ ЦІННІСТЬ,ЦІЛИЙ РІК,ВИСОКИЙ КОМФОРТ,ПРЕМІУМ | СЕРЕДНЯ ЦІННІСТЬ | ЦІЛИЙ РІК | ВИСОКИЙ КОМФОРТ
ITR-29,COMPETITOR,БЮДЖЕТ,СЕРЕДНЯ ЦІННІСТЬ,ЦІЛИЙ РІК,СЕРЕДНІЙ КОМФОРТ,БЮДЖЕТ | СЕРЕДНЯ ЦІННІСТЬ | ЦІЛИЙ РІК | СЕРЕДНІЙ КОМФОРТ
ITR-30,COMPETITOR,ПРЕМІУМ,ВИСОКА ЦІННІСТЬ,ЦІЛИЙ РІК,СЕРЕДНІЙ КОМФОРТ,ПРЕМІУМ | ВИСОКА ЦІННІСТЬ | ЦІЛИЙ РІК | СЕРЕДНІЙ КОМФОРТ
ITR-31,COMPETITOR,СТАНДАРТ,ВИСОКА ЦІННІСТЬ,ЦІЛИЙ РІК,СЕРЕДНІЙ КОМФОРТ,СТАНДАРТ | ВИСОКА ЦІННІСТЬ | ЦІЛИЙ РІК | СЕРЕДНІЙ КОМФОРТ
ITR-32,COMPETITOR,СТАНДАРТ,ВИСОКА ЦІННІСТЬ,ЦІЛИЙ РІК,СЕРЕДНІЙ КОМФОРТ,СТАНДАРТ | ВИСОКА ЦІННІСТЬ | ЦІЛИЙ РІК | СЕРЕДНІЙ КОМФОРТ
ITR-33,COMPETITOR,СТАНДАРТ,ВИСОКА ЦІННІСТЬ,ЦІЛИЙ РІК,СЕРЕДНІЙ КОМФОРТ,СТАНДАРТ | ВИСОКА ЦІННІСТЬ | ЦІЛИЙ РІК | СЕРЕДНІЙ КОМФОРТ
ITR-34,COMPETITOR,СТАНДАРТ,ВИСОКА ЦІННІСТЬ,ЦІЛИЙ РІК,ВИСОКИЙ КОМФОРТ,СТАНДАРТ | ВИСОКА ЦІННІСТЬ | ЦІЛИЙ РІК | ВИСОКИЙ КОМФОРТ
ITR-35,COMPETITOR,СТАНДАРТ,ВИСОКА ЦІННІСТЬ,ЦІЛИЙ РІК,СЕРЕДНІЙ КОМФОРТ,СТАНДАРТ | ВИСОКА ЦІННІСТЬ | ЦІЛИЙ РІК | СЕРЕДНІЙ КОМФОРТ
ITR-36,COMPETITOR,ПРЕМІУМ,ВИСОКА ЦІННІСТЬ,ЦІЛИЙ РІК,СЕРЕДНІЙ КОМФОРТ,ПРЕМІУМ | ВИСОКА ЦІННІСТЬ | ЦІЛИЙ РІК | СЕРЕДНІЙ КОМФОРТ
ITR-37,COMPETITOR,ПРЕМІУМ,ВИСОКА ЦІННІСТЬ,ЦІЛИЙ РІК,ВИСОКИЙ КОМФОРТ,ПРЕМІУМ | ВИСОКА ЦІННІСТЬ | ЦІЛИЙ РІК | ВИСОКИЙ КОМФОРТ
ITR-38,COMPETITOR,БЮДЖЕТ,СЕРЕДНЯ ЦІННІСТЬ,ЦІЛИЙ РІК,СЕРЕДНІЙ КОМФОРТ,БЮДЖЕТ | СЕРЕДНЯ ЦІННІСТЬ | ЦІЛИЙ РІК | СЕРЕДНІЙ КОМФОРТ
ITR-39,COMPETITOR,СТАНДАРТ,ВИСОКА ЦІННІСТЬ,ЦІЛИЙ РІК,СЕРЕДНІЙ КОМФОРТ,СТАНДАРТ | ВИСОКА ЦІННІСТЬ | ЦІЛИЙ РІК | СЕРЕДНІЙ КОМФОРТ
ITR-40,COMPETITOR,СТАНДАРТ,ВИСОКА ЦІННІСТЬ,ЦІЛИЙ РІК,СЕРЕДНІЙ КОМФОРТ,СТАНДАРТ | ВИСОКА ЦІННІСТЬ | ЦІЛИЙ РІК | СЕРЕДНІЙ КОМФОРТ
ITR-41,COMPETITOR,СТАНДАРТ,ВИСОКА ЦІННІСТЬ,ЦІЛИЙ РІК,СЕРЕДНІЙ КОМФОРТ,СТАНДАРТ | ВИСОКА ЦІННІСТЬ | ЦІЛИЙ РІК | СЕРЕДНІЙ КОМФОРТ
ITR-42,COMPETITOR,ПРЕМІУМ,ВИСОКА ЦІННІСТЬ,ЦІЛИЙ РІК,СЕРЕДНІЙ КОМФОРТ,ПРЕМІУМ | ВИСОКА ЦІННІСТЬ | ЦІЛИЙ РІК | СЕРЕДНІЙ КОМФОРТ
ITR-43,COMPETITOR,СТАНДАРТ,ВИСОКА ЦІННІСТЬ,ЦІЛИЙ РІК,СЕРЕДНІЙ КОМФОРТ,СТАНДАРТ | ВИСОКА ЦІННІСТЬ | ЦІЛИЙ РІК | СЕРЕДНІЙ КОМФОРТ
ITR-44,COMPETITOR,ПРЕМІУМ,СЕРЕДНЯ ЦІННІСТЬ,ЦІЛИЙ РІК,ВИСОКИЙ КОМФОРТ,ПРЕМІУМ | СЕРЕДНЯ ЦІННІСТЬ | ЦІЛИЙ РІК | ВИСОКИЙ КОМФОРТ
ITR-45,COMPETITOR,СТАНДАРТ,ВИСОКА ЦІННІСТЬ,ЦІЛИЙ РІК,СЕРЕДНІЙ КОМФОРТ,СТАНДАРТ | ВИСОКА ЦІННІСТЬ | ЦІЛИЙ РІК | СЕРЕДНІЙ КОМФОРТ
ITR-46,COMPETITOR,ПРЕМІУМ,ВИСОКА ЦІННІСТЬ,ЦІЛИЙ РІК,ВИСОКИЙ КОМФОРТ,ПРЕМІУМ | ВИСОКА ЦІННІСТЬ | ЦІЛИЙ РІК | ВИСОКИЙ КОМФОРТ
ITR-47,COMPETITOR,СТАНДАРТ,ВИСОКА ЦІННІСТЬ,ЦІЛИЙ РІК,СЕРЕДНІЙ КОМФОРТ,СТАНДАРТ | ВИСОКА ЦІННІСТЬ | ЦІЛИЙ РІК | СЕРЕДНІЙ КОМФОРТ
ITR-48,COMPETITOR,ЛЮКС,СЕРЕДНЯ ЦІННІСТЬ,ЦІЛИЙ РІК,СЕРЕДНІЙ КОМФОРТ,ЛЮКС | СЕРЕДНЯ ЦІННІСТЬ | ЦІЛИЙ РІК | СЕРЕДНІЙ КОМФОРТ
ITR-49,COMPETITOR,СТАНДАРТ,СЕРЕДНЯ ЦІННІСТЬ,ЦІЛИЙ РІК,СЕРЕДНІЙ КОМФОРТ,СТАНДАРТ | СЕРЕДНЯ ЦІННІСТЬ | ЦІЛИЙ РІК | СЕРЕДНІЙ КОМФОРТ
ITR-50,COMPETITOR,ПРЕМІУМ,ВИСОКА ЦІННІСТЬ,ЦІЛИЙ РІК,ВИСОКИЙ КОМФОРТ,ПРЕМІУМ | ВИСОКА ЦІННІСТЬ | ЦІЛИЙ РІК | ВИСОКИЙ КОМФОРТ
ITR-51,COMPETITOR,ПРЕМІУМ,ВИСОКА ЦІННІСТЬ,ПІВРІЧНИЙ,СЕРЕДНІЙ КОМФОРТ,ПРЕМІУМ | ВИСОКА ЦІННІСТЬ | ПІВРІЧНИЙ | СЕРЕДНІЙ КОМФОРТ
ITR-52,COMPETITOR,ПРЕМІУМ,ВИСОКА ЦІННІСТЬ,ЦІЛИЙ РІК,ВИСОКИЙ КОМФОРТ,ПРЕМІУМ | ВИСОКА ЦІННІСТЬ | ЦІЛИЙ РІК | ВИСОКИЙ КОМФОРТ
ITR-53,COMPETITOR,ЛЮКС,НИЗЬКА ЦІННІСТЬ,ЦІЛИЙ РІК,ВИСОКИЙ КОМФОРТ,ЛЮКС | НИЗЬКА ЦІННІСТЬ | ЦІЛИЙ РІК | ВИСОКИЙ КОМФОРТ
ITR-54,COMPETITOR,ЛЮКС,СЕРЕДНЯ ЦІННІСТЬ,ЦІЛИЙ РІК,ВИСОКИЙ КОМФОРТ,ЛЮКС | СЕРЕДНЯ ЦІННІСТЬ | ЦІЛИЙ РІК | ВИСОКИЙ КОМФОРТ
RIC-1,COMPETITOR,СТАНДАРТ,ВИСОКА ЦІННІСТЬ,ЦІЛИЙ РІК,ВИСОКИЙ КОМФОРТ,СТАНДАРТ | ВИСОКА ЦІННІСТЬ | ЦІЛИЙ РІК | ВИСОКИЙ КОМФОРТ
RIC-2,COMPETITOR,ЛЮКС,СЕРЕДНЯ ЦІННІСТЬ,ЦІЛИЙ РІК,ВИСОКИЙ КОМФОРТ,ЛЮКС | СЕРЕДНЯ ЦІННІСТЬ | ЦІЛИЙ РІК | ВИСОКИЙ КОМФОРТ
RIC-3,COMPETITOR,ПРЕМІУМ,СЕРЕДНЯ ЦІННІСТЬ,ЦІЛИЙ РІК,СЕРЕДНІЙ КОМФОРТ,ПРЕМІУМ | СЕРЕДНЯ ЦІННІСТЬ | ЦІЛИЙ РІК | СЕРЕДНІЙ КОМФОРТ
RIC-4,COMPETITOR,ЛЮКС,СЕРЕДНЯ ЦІННІСТЬ,ЦІЛИЙ РІК,ВИСОКИЙ КОМФОРТ,ЛЮКС | СЕРЕДНЯ ЦІННІСТЬ | ЦІЛИЙ РІК | ВИСОКИЙ КОМФОРТ
RIC-5,COMPETITOR,ПРЕМІУМ,ВИСОКА ЦІННІСТЬ,ЦІЛИЙ РІК,ВИСОКИЙ КОМФОРТ,ПРЕМІУМ | ВИСОКА ЦІННІСТЬ | ЦІЛИЙ РІК | ВИСОКИЙ КОМФОРТ
RIC-6,COMPETITOR,ПРЕМІУМ,ВИСОКА ЦІННІСТЬ,ПІВРІЧНИЙ,СЕРЕДНІЙ КОМФОРТ,ПРЕМІУМ | ВИСОКА ЦІННІСТЬ | ПІВРІЧНИЙ | СЕРЕДНІЙ КОМФОРТ
RIC-7,COMPETITOR,ПРЕМІУМ,ВИСОКА ЦІННІСТЬ,ПІВРІЧНИЙ,ВИСОКИЙ КОМФОРТ,ПРЕМІУМ | ВИСОКА ЦІННІСТЬ | ПІВРІЧНИЙ | ВИСОКИЙ КОМФОРТ
RIC-8,COMPETITOR,ПРЕМІУМ,ВИСОКА ЦІННІСТЬ,ПІВРІЧНИЙ,СЕРЕДНІЙ КОМФОРТ,ПРЕМІУМ | ВИСОКА ЦІННІСТЬ | ПІВРІЧНИЙ | СЕРЕДНІЙ КОМФОРТ
RIC-9,COMPETITOR,ПРЕМІУМ,ВИСОКА ЦІННІСТЬ,ПІВРІЧНИЙ,СЕРЕДНІЙ КОМФОРТ,ПРЕМІУМ | ВИСОКА ЦІННІСТЬ | ПІВРІЧНИЙ | СЕРЕДНІЙ КОМФОРТ
RIC-10,COMPETITOR,ЛЮКС,НИЗЬКА ЦІННІСТЬ,РІДКІСНИЙ,СЕРЕДНІЙ КОМФОРТ,ЛЮКС | НИЗЬКА ЦІННІСТЬ | РІДКІСНИЙ | СЕРЕДНІЙ КОМФОРТ
TAN-1,COMPETITOR,БЮДЖЕТ,СЕРЕДНЯ ЦІННІСТЬ,ЦІЛИЙ РІК,СЕРЕДНІЙ КОМФОРТ,БЮДЖЕТ | СЕРЕДНЯ ЦІННІСТЬ | ЦІЛИЙ РІК | СЕРЕДНІЙ КОМФОРТ
TAN-2,COMPETITOR,СТАНДАРТ,СЕРЕДНЯ ЦІННІСТЬ,ЦІЛИЙ РІК,СЕРЕДНІЙ КОМФОРТ,СТАНДАРТ | СЕРЕДНЯ ЦІННІСТЬ | ЦІЛИЙ РІК | СЕРЕДНІЙ КОМФОРТ
TAN-3,COMPETITOR,БЮДЖЕТ,СЕРЕДНЯ ЦІННІСТЬ,ЦІЛИЙ РІК,СЕРЕДНІЙ КОМФОРТ,БЮДЖЕТ | СЕРЕДНЯ ЦІННІСТЬ | ЦІЛИЙ РІК | СЕРЕДНІЙ КОМФОРТ
TAN-4,COMPETITOR,БЮДЖЕТ,СЕРЕДНЯ ЦІННІСТЬ,ЦІЛИЙ РІК,СЕРЕДНІЙ КОМФОРТ,БЮДЖЕТ | СЕРЕДНЯ ЦІННІСТЬ | ЦІЛИЙ РІК | СЕРЕДНІЙ КОМФОРТ
TAN-5,COMPETITOR,БЮДЖЕТ,СЕРЕДНЯ ЦІННІСТЬ,ЦІЛИЙ РІК,СЕРЕДНІЙ КОМФОРТ,БЮДЖЕТ | СЕРЕДНЯ ЦІННІСТЬ | ЦІЛИЙ РІК | СЕРЕДНІЙ КОМФОРТ
TAN-6,COMPETITOR,СТАНДАРТ,СЕРЕДНЯ ЦІННІСТЬ,ПІВРІЧНИЙ,СЕРЕДНІЙ КОМФОРТ,СТАНДАРТ | СЕРЕДНЯ ЦІННІСТЬ | ПІВРІЧНИЙ | СЕРЕДНІЙ КОМФОРТ
TAN-7,COMPETITOR,СТАНДАРТ,ВИСОКА ЦІННІСТЬ,РІДКІСНИЙ,СЕРЕДНІЙ КОМФОРТ,СТАНДАРТ | ВИСОКА ЦІННІСТЬ | РІДКІСНИЙ | СЕРЕДНІЙ КОМФОРТ
TAN-8,COMPETITOR,СТАНДАРТ,СЕРЕДНЯ ЦІННІСТЬ,ПІВРІЧНИЙ,СЕРЕДНІЙ КОМФОРТ,СТАНДАРТ | СЕРЕДНЯ ЦІННІСТЬ | ПІВРІЧНИЙ | СЕРЕДНІЙ КОМФОРТ
TAN-9,COMPETITOR,СТАНДАРТ,ВИСОКА ЦІННІСТЬ,СЕЗОННИЙ,СЕРЕДНІЙ КОМФОРТ,СТАНДАРТ | ВИСОКА ЦІННІСТЬ | СЕЗОННИЙ | СЕРЕДНІЙ КОМФОРТ
TAN-10,COMPETITOR,БЮДЖЕТ,ВИСОКА ЦІННІСТЬ,ЦІЛИЙ РІК,СЕРЕДНІЙ КОМФОРТ,БЮДЖЕТ | ВИСОКА ЦІННІСТЬ | ЦІЛИЙ РІК | СЕРЕДНІЙ КОМФОРТ
TAN-11,COMPETITOR,СТАНДАРТ,СЕРЕДНЯ ЦІННІСТЬ,ЦІЛИЙ РІК,СЕРЕДНІЙ КОМФОРТ,СТАНДАРТ | СЕРЕДНЯ ЦІННІСТЬ | ЦІЛИЙ РІК | СЕРЕДНІЙ КОМФОРТ
TAN-12,COMPETITOR,СТАНДАРТ,ВИСОКА ЦІННІСТЬ,ПІВРІЧНИЙ,ВИСОКИЙ КОМФОРТ,СТАНДАРТ | ВИСОКА ЦІННІСТЬ | ПІВРІЧНИЙ | ВИСОКИЙ КОМФОРТ
TAN-13,COMPETITOR,СТАНДАРТ,ВИСОКА ЦІННІСТЬ,СЕЗОННИЙ,СЕРЕДНІЙ КОМФОРТ,СТАНДАРТ | ВИСОКА ЦІННІСТЬ | СЕЗОННИЙ | СЕРЕДНІЙ КОМФОРТ
TAN-14,COMPETITOR,СТАНДАРТ,СЕРЕДНЯ ЦІННІСТЬ,ЦІЛИЙ РІК,СЕРЕДНІЙ КОМФОРТ,СТАНДАРТ | СЕРЕДНЯ ЦІННІСТЬ | ЦІЛИЙ РІК | СЕРЕДНІЙ КОМФОРТ
TAN-15,COMPETITOR,БЮДЖЕТ,ВИСОКА ЦІННІСТЬ,ЦІЛИЙ РІК,СЕРЕДНІЙ КОМФОРТ,БЮДЖЕТ | ВИСОКА ЦІННІСТЬ | ЦІЛИЙ РІК | СЕРЕДНІЙ КОМФОРТ
TAN-16,COMPETITOR,СТАНДАРТ,ВИСОКА ЦІННІСТЬ,РІДКІСНИЙ,СЕРЕДНІЙ КОМФОРТ,СТАНДАРТ | ВИСОКА ЦІННІСТЬ | РІДКІСНИЙ | СЕРЕДНІЙ КОМФОРТ
TAN-17,COMPETITOR,СТАНДАРТ,ВИСОКА ЦІННІСТЬ,ПІВРІЧНИЙ,ВИСОКИЙ КОМФОРТ,СТАНДАРТ | ВИСОКА ЦІННІСТЬ | ПІВРІЧНИЙ | ВИСОКИЙ КОМФОРТ
TAN-18,COMPETITOR,СТАНДАРТ,СЕРЕДНЯ ЦІННІСТЬ,ЦІЛИЙ РІК,СЕРЕДНІЙ КОМФОРТ,СТАНДАРТ | СЕРЕДНЯ ЦІННІСТЬ | ЦІЛИЙ РІК | СЕРЕДНІЙ КОМФОРТ
TAN-19,COMPETITOR,СТАНДАРТ,ВИСОКА ЦІННІСТЬ,ПІВРІЧНИЙ,ВИСОКИЙ КОМФОРТ,СТАНДАРТ | ВИСОКА ЦІННІСТЬ | ПІВРІЧНИЙ | ВИСОКИЙ КОМФОРТ
TAN-20,COMPETITOR,СТАНДАРТ,ВИСОКА ЦІННІСТЬ,СЕЗОННИЙ,СЕРЕДНІЙ КОМФОРТ,СТАНДАРТ | ВИСОКА ЦІННІСТЬ | СЕЗОННИЙ | СЕРЕДНІЙ КОМФОРТ
TAN-21,COMPETITOR,СТАНДАРТ,СЕРЕДНЯ ЦІННІСТЬ,ПІВРІЧНИЙ,СЕРЕДНІЙ КОМФОРТ,СТАНДАРТ | СЕРЕДНЯ ЦІННІСТЬ | ПІВРІЧНИЙ | СЕРЕДНІЙ КОМФОРТ
TAN-22,COMPETITOR,СТАНДАРТ,ВИСОКА ЦІННІСТЬ,СЕЗОННИЙ,ВИСОКИЙ КОМФОРТ,СТАНДАРТ | ВИСОКА ЦІННІСТЬ | СЕЗОННИЙ | ВИСОКИЙ КОМФОРТ
TAN-23,COMPETITOR,БЮДЖЕТ,СЕРЕДНЯ ЦІННІСТЬ,ПІВРІЧНИЙ,СЕРЕДНІЙ КОМФОРТ,БЮДЖЕТ | СЕРЕДНЯ ЦІННІСТЬ | ПІВРІЧНИЙ | СЕРЕДНІЙ КОМФОРТ
TAN-24,COMPETITOR,БЮДЖЕТ,ВИСОКА ЦІННІСТЬ,ПІВРІЧНИЙ,СЕРЕДНІЙ КОМФОРТ,БЮДЖЕТ | ВИСОКА ЦІННІСТЬ | ПІВРІЧНИЙ | СЕРЕДНІЙ КОМФОРТ
TAN-25,COMPETITOR,ПРЕМІУМ,ВИСОКА ЦІННІСТЬ,ПІВРІЧНИЙ,СЕРЕДНІЙ КОМФОРТ,ПРЕМІУМ | ВИСОКА ЦІННІСТЬ | ПІВРІЧНИЙ | СЕРЕДНІЙ КОМФОРТ
TAN-26,COMPETITOR,СТАНДАРТ,ВИСОКА ЦІННІСТЬ,ЦІЛИЙ РІК,ВИСОКИЙ КОМФОРТ,СТАНДАРТ | ВИСОКА ЦІННІСТЬ | ЦІЛИЙ РІК | ВИСОКИЙ КОМФОРТ
TAN-27,COMPETITOR,ПРЕМІУМ,ВИСОКА ЦІННІСТЬ,ПІВРІЧНИЙ,ВИСОКИЙ КОМФОРТ,ПРЕМІУМ | ВИСОКА ЦІННІСТЬ | ПІВРІЧНИЙ | ВИСОКИЙ КОМФОРТ
TAN-28,COMPETITOR,ПРЕМІУМ,СЕРЕДНЯ ЦІННІСТЬ,СЕЗОННИЙ,СЕРЕДНІЙ КОМФОРТ,ПРЕМІУМ | СЕРЕДНЯ ЦІННІСТЬ | СЕЗОННИЙ | СЕРЕДНІЙ КОМФОРТ
TAN-29,COMPETITOR,БЮДЖЕТ,ВИСОКА ЦІННІСТЬ,ПІВРІЧНИЙ,СЕРЕДНІЙ КОМФОРТ,БЮДЖЕТ | ВИСОКА ЦІННІСТЬ | ПІВРІЧНИЙ | СЕРЕДНІЙ КОМФОРТ
TAN-30,COMPETITOR,СТАНДАРТ,ВИСОКА ЦІННІСТЬ,ПІВРІЧНИЙ,СЕРЕДНІЙ КОМФОРТ,СТАНДАРТ | ВИСОКА ЦІННІСТЬ | ПІВРІЧНИЙ | СЕРЕДНІЙ КОМФОРТ
TAN-31,COMPETITOR,СТАНДАРТ,ВИСОКА ЦІННІСТЬ,СЕЗОННИЙ,СЕРЕДНІЙ КОМФОРТ,СТАНДАРТ | ВИСОКА ЦІННІСТЬ | СЕЗОННИЙ | СЕРЕДНІЙ КОМФОРТ
TAN-32,COMPETITOR,ПРЕМІУМ,СЕРЕДНЯ ЦІННІСТЬ,ПІВРІЧНИЙ,СЕРЕДНІЙ КОМФОРТ,ПРЕМІУМ | СЕРЕДНЯ ЦІННІСТЬ | ПІВРІЧНИЙ | СЕРЕДНІЙ КОМФОРТ
TAN-33,COMPETITOR,БЮДЖЕТ,ВИСОКА ЦІННІСТЬ,РІДКІСНИЙ,СЕРЕДНІЙ КОМФОРТ,БЮДЖЕТ | ВИСОКА ЦІННІСТЬ | РІДКІСНИЙ | СЕРЕДНІЙ КОМФОРТ
TAN-34,COMPETITOR,БЮДЖЕТ,ВИСОКА ЦІННІСТЬ,РІДКІСНИЙ,СЕРЕДНІЙ КОМФОРТ,БЮДЖЕТ | ВИСОКА ЦІННІСТЬ | РІДКІСНИЙ | СЕРЕДНІЙ КОМФОРТ
TAN-35,COMPETITOR,ПРЕМІУМ,СЕРЕДНЯ ЦІННІСТЬ,СЕЗОННИЙ,СЕРЕДНІЙ КОМФОРТ,ПРЕМІУМ | СЕРЕДНЯ ЦІННІСТЬ | СЕЗОННИЙ | СЕРЕДНІЙ КОМФОРТ
TAN-36,COMPETITOR,ПРЕМІУМ,СЕРЕДНЯ ЦІННІСТЬ,ЦІЛИЙ РІК,ВИСОКИЙ КОМФОРТ,ПРЕМІУМ | СЕРЕДНЯ ЦІННІСТЬ | ЦІЛИЙ РІК | ВИСОКИЙ КОМФОРТ
TAN-37,COMPETITOR,ПРЕМІУМ,ВИСОКА ЦІННІСТЬ,РІДКІСНИЙ,ВИСОКИЙ КОМФОРТ,ПРЕМІУМ | ВИСОКА ЦІННІСТЬ | РІДКІСНИЙ | ВИСОКИЙ КОМФОРТ
TAN-38,COMPETITOR,ЛЮКС,СЕРЕДНЯ ЦІННІСТЬ,РІДКІСНИЙ,ВИСОКИЙ КОМФОРТ,ЛЮКС | СЕРЕДНЯ ЦІННІСТЬ | РІДКІСНИЙ | ВИСОКИЙ КОМФОРТ
TAN-39,COMPETITOR,СТАНДАРТ,СЕРЕДНЯ ЦІННІСТЬ,РІДКІСНИЙ,ВИСОКИЙ КОМФОРТ,СТАНДАРТ | СЕРЕДНЯ ЦІННІСТЬ | РІДКІСНИЙ | ВИСОКИЙ КОМФОРТ
TAN-40,COMPETITOR,ЛЮКС,ВИСОКА ЦІННІСТЬ,РІДКІСНИЙ,ВИСОКИЙ КОМФОРТ,ЛЮКС | ВИСОКА ЦІННІСТЬ | РІДКІСНИЙ | ВИСОКИЙ КОМФОРТ
TAN-41,COMPETITOR,СТАНДАРТ,СЕРЕДНЯ ЦІННІСТЬ,ЦІЛИЙ РІК,СЕРЕДНІЙ КОМФОРТ,СТАНДАРТ | СЕРЕДНЯ ЦІННІСТЬ | ЦІЛИЙ РІК | СЕРЕДНІЙ КОМФОРТ
TAN-42,COMPETITOR,ЛЮКС,СЕРЕДНЯ ЦІННІСТЬ,ПІВРІЧНИЙ,СЕРЕДНІЙ КОМФОРТ,ЛЮКС | СЕРЕДНЯ ЦІННІСТЬ | ПІВРІЧНИЙ | СЕРЕДНІЙ КОМФОРТ
TAN-43,COMPETITOR,СТАНДАРТ,СЕРЕДНЯ ЦІННІСТЬ,ПІВРІЧНИЙ,СЕРЕДНІЙ КОМФОРТ,СТАНДАРТ | СЕРЕДНЯ ЦІННІСТЬ | ПІВРІЧНИЙ | СЕРЕДНІЙ КОМФОРТ
TRM-1,COMPETITOR,ЛЮКС,СЕРЕДНЯ ЦІННІСТЬ,ПІВРІЧНИЙ,ВИСОКИЙ КОМФОРТ,ЛЮКС | СЕРЕДНЯ ЦІННІСТЬ | ПІВРІЧНИЙ | ВИСОКИЙ КОМФОРТ
TRM-2,COMPETITOR,ПРЕМІУМ,ВИСОКА ЦІННІСТЬ,ПІВРІЧНИЙ,ВИСОКИЙ КОМФОРТ,ПРЕМІУМ | ВИСОКА ЦІННІСТЬ | ПІВРІЧНИЙ | ВИСОКИЙ КОМФОРТ
TRM-3,COMPETITOR,ПРЕМІУМ,ВИСОКА ЦІННІСТЬ,ПІВРІЧНИЙ,ВИСОКИЙ КОМФОРТ,ПРЕМІУМ | ВИСОКА ЦІННІСТЬ | ПІВРІЧНИЙ | ВИСОКИЙ КОМФОРТ
TRM-4,COMPETITOR,СТАНДАРТ,ВИСОКА ЦІННІСТЬ,СЕЗОННИЙ,ВИСОКИЙ КОМФОРТ,СТАНДАРТ | ВИСОКА ЦІННІСТЬ | СЕЗОННИЙ | ВИСОКИЙ КОМФОРТ
TRM-5,COMPETITOR,ЛЮКС,ВИСОКА ЦІННІСТЬ,ПІВРІЧНИЙ,ВИСОКИЙ КОМФОРТ,ЛЮКС | ВИСОКА ЦІННІСТЬ | ПІВРІЧНИЙ | ВИСОКИЙ КОМФОРТ
TRM-6,COMPETITOR,ЛЮКС,СЕРЕДНЯ ЦІННІСТЬ,ПІВРІЧНИЙ,ВИСОКИЙ КОМФОРТ,ЛЮКС | СЕРЕДНЯ ЦІННІСТЬ | ПІВРІЧНИЙ | ВИСОКИЙ КОМФОРТ
TRM-7,COMPETITOR,ЛЮКС,ВИСОКА ЦІННІСТЬ,СЕЗОННИЙ,ВИСОКИЙ КОМФОРТ,ЛЮКС | ВИСОКА ЦІННІСТЬ | СЕЗОННИЙ | ВИСОКИЙ КОМФОРТ
TRM-8,COMPETITOR,СТАНДАРТ,ВИСОКА ЦІННІСТЬ,РІДКІСНИЙ,ВИСОКИЙ КОМФОРТ,СТАНДАРТ | ВИСОКА ЦІННІСТЬ | РІДКІСНИЙ | ВИСОКИЙ КОМФОРТ
TRM-9,COMPETITOR,ЛЮКС,ВИСОКА ЦІННІСТЬ,СЕЗОННИЙ,ВИСОКИЙ КОМФОРТ,ЛЮКС | ВИСОКА ЦІННІСТЬ | СЕЗОННИЙ | ВИСОКИЙ КОМФОРТ
TRM-10,COMPETITOR,СТАНДАРТ,ВИСОКА ЦІННІСТЬ,РІДКІСНИЙ,СЕРЕДНІЙ КОМФОРТ,СТАНДАРТ | ВИСОКА ЦІННІСТЬ | РІДКІСНИЙ | СЕРЕДНІЙ КОМФОРТ
TRM-11,COMPETITOR,СТАНДАРТ,ВИСОКА ЦІННІСТЬ,РІДКІСНИЙ,ВИСОКИЙ КОМФОРТ,СТАНДАРТ | ВИСОКА ЦІННІСТЬ | РІДКІСНИЙ | ВИСОКИЙ КОМФОРТ
TRM-12,COMPETITOR,ПРЕМІУМ,СЕРЕДНЯ ЦІННІСТЬ,РІДКІСНИЙ,СЕРЕДНІЙ КОМФОРТ,ПРЕМІУМ | СЕРЕДНЯ ЦІННІСТЬ | РІДКІСНИЙ | СЕРЕДНІЙ КОМФОРТ
TRM-13,COMPETITOR,СТАНДАРТ,ВИСОКА ЦІННІСТЬ,РІДКІСНИЙ,СЕРЕДНІЙ КОМФОРТ,СТАНДАРТ | ВИСОКА ЦІННІСТЬ | РІДКІСНИЙ | СЕРЕДНІЙ КОМФОРТ