URL туру,Назва туру,День №,Місто / Локація,Факультативи (назва + ціна),Опис дня,Симв.
https://travelroom.lviv.ua/tour/416/,"Французький вояж (Париж, Мон-Сен-Мішель + три дні з океаном)",1,Львів,За бажанням вечірня екскурсія «Прага – місто легенд» (25€),Львів. 05:30 – виїзд зі Львова. Проходження кордону. Переїзд територією Польщі та Чехії. Прибуття в Прагу. За бажанням вечірня екскурсія «Прага – місто легенд» (25€) – місто тисячі легенд і захоплюючих історій. Поселення і ночівля в готелі.,240
https://travelroom.lviv.ua/tour/416/,"Французький вояж (Париж, Мон-Сен-Мішель + три дні з океаном)",2,Сніданок,"и будиночками і давніми легендами, під час якої можна піднятись на Блакитну Вежу (10€); або відпочити в термах Solebad (20€)","Сніданок. Виселення з готелю. Переїзд територією Німеччини до регіону Баден-Вюртемберг. Прибуття в милий Бад Вімпфен . Прогулятись містом – це як потрапити за лаштунки чарівного світу з маленькими будиночками і давніми легендами, під час якої можна піднятись на Блакитну Вежу (10€) або відпочити в термах Solebad (20€). Переїзд в Реймс і ночівля в готелі на території Франції.",376
https://travelroom.lviv.ua/tour/416/,"Французький вояж (Париж, Мон-Сен-Мішель + три дні з океаном)",3,Сніданок,У вільний час рекомендуємо: здійснити круїз по Сені (20€); • екскурсію островом Сіте і нескореним перед вогнем Нотр-Дамом (20€); • екскурсію «За фіалками на Монмартр» (25€),"Сніданок. Виселення з готелю. 10:30 – Прибуття в Париж. Оглядова екскурсія «Париж – місто краси і вічної романтики». «Дихай! Це найкрасивіше місто в світі!» – каже героїня одного з фільмів, а їх про Париж знято чимало. За дві тисячі років Париж бачив усе. Він страждав і виживав, переживав злети і падіння імперій, але незмінним було одне: Париж – це завжди про любов: до людей, мистецтва, смачної їжі, а передусім – про любов до себе. Вдихати Париж, зачаровуватись і відчувати. У вільний час рекомендуємо: здійснити круїз по Сені (20€) • екскурсію островом Сіте і нескореним перед вогнем Нотр-Дамом ",600
https://travelroom.lviv.ua/tour/416/,"Французький вояж (Париж, Мон-Сен-Мішель + три дні з океаном)",4,Сніданок,Рекомендуємо відвідати «Канкаль + пейзажі Pointe du Grouin» (35€),"Сніданок. На нас чекає океан! Виселення з готелю. 10:30 – Прибуття у Мон Сен-Мішель – «восьме чудо світу» . Між небом і землею, на узбережжі Атлантичного океану, на вершині скелястої гори, яка під час припливу перетворюється на острів, знаходиться фортеця-монастир Мон-Сен-Мішель, збудована 1500 років тому. Дивовижною музикою звучать тут ритми природи: коли відплив – острів оголюється, вода відступає на 18 км і весь горизонт займає піщана рівнина. Але ситуація змінюється, вода повертається, затоплюючи берег на 20 км, а разом з цим і «замок фей» на острові. Переїзд в Сен Мало , про який кажуть, ",600
https://travelroom.lviv.ua/tour/416/,"Французький вояж (Париж, Мон-Сен-Мішель + три дні з океаном)",5,Сніданок,Рекомендуємо відвідати таємничий острів Ре (30€); Рекомендуємо екскурсія «Бордо та його винні історії» (30€),"Сніданок. Виселення з готелю. Ранкова екскурсія в місті Нант , під час якої ми дізнаємось, чому місто називали «західною Венецією», цікаві історії про Жюль Верна та Луї де Фюнеса, які тут народились. 10:00 – Переїзд до берегів Нової Аквітанії, у місто-фортецю на Антлантичному океані – Ла-Рошель . Тут давній порт, торгівельні рибацькі традиції, морські музеї, середньовічні вежі, а свою славу місто отримало завдяки «Трьом мушкетерам». Рекомендуємо відвідати таємничий острів Ре (30€) – місце відпочинку французької знаті на Біскайській затоці, яке довго тримали в секреті. Ще 20 років тому потрапит",600
https://travelroom.lviv.ua/tour/416/,"Французький вояж (Париж, Мон-Сен-Мішель + три дні з океаном)",6,Сніданок,"Вільний час в Бордо, рекомендуємо на вибір: • «Сент-Емільйон – перлина Франції» (30€); • «Білосніжні дюни біля Аркашону» (40€)","Сніданок. Виселення з готелю. Вільний час в Бордо, рекомендуємо на вибір: • «Сент-Емільйон – перлина Франції» (30€). Містечко немов зійшло з сторінок доброї французької казки. Тут смачно готують і пригощають вишуканим вином. • «Білосніжні дюни біля Аркашону» (40€). «Французька пустеля» дюна Піла – це найвища піщана дюна в Європі і ще один красивий витвір природи, який варто побачити. 100 м висоти, 3 км довжини і 500 м ширини – такі нескромні параметри і вражаючі панорами. Переїзд і ночівля в готелі.",504
https://travelroom.lviv.ua/tour/416/,"Французький вояж (Париж, Мон-Сен-Мішель + три дні з океаном)",7,Сніданок,У вільний час рекомендуємо: «Кольмар – найбільш інстаграмне місто Ельзасу» (35€),"Сніданок. Виселення з готелю. Ранкова екскурсія містом Мюлуз, другим за величиною в Ельзасі. Статус імперського міста він отримав ще у 13 столітті, а ще через сто років став вільним містом. Вже пізніше Мюлуз приєднався до Франції – таким був вибір його жителів. У вільний час рекомендуємо: «Кольмар – найбільш інстаграмне місто Ельзасу» (35€), яке зберегло свою культуру та архітектуру попри світові війни. Квартал під назвою «Маленька Венеція» перенесе нас у світ казки. Переїзд в Чехію. Переїзд, поселення і ночівля в готелі.",527
https://travelroom.lviv.ua/tour/416/,"Французький вояж (Париж, Мон-Сен-Мішель + три дні з океаном)",8,Сніданок,,"Сніданок. Виселення з готелю. Дорогою в Україну ми зробимо зупинку в Тарнуві , щоб випити кави в затишному кафе, зайти до супермаркету, прогулятись вуличками і насолодитись атмосферою спокійного міста. Ми віримо, що скоро таким затишним і спокійним буде кожне місто нашої України. З новими силами, з позитивними емоціями ми повернемось в Україну. 23:00-02:00 – Прибуття у Львів. До нових зустрічей!",398
https://travelroom.lviv.ua/tour/308/,"Формула краси (Рим, Флоренція, Венеція)",1,Львів,,"Львів. 05:30 – виїзд зі Львова. Проходження кордону. 15:30 – Прибуття в Остраву – третє за величиною місто Чехії з затишним і приємний центром. Вільний час для прогулянки, шопінгу та чеських смаколиків. Переїзд, поселення і ночівля в готелі.",241
https://travelroom.lviv.ua/tour/308/,"Формула краси (Рим, Флоренція, Венеція)",2,Сніданок,Рекомендуємо водний круїз по Гранд Каналу (40€); або прогулянку на гондолі (35€),"Сніданок. Виселення з готелю. Переїзд Австрією з неймовірними панорамами Альпійських гір. Переїзд в Італію. 16:30 – Оглядова екскурсія «Симфонія краси та романтики – Венеція» (квиток на катер-30€). Цими вуличками гуляли мудрі Дожі, під мостами змінювались династії гондольєрів, в маленьких двориках ховались таємно-закохані, а над площею Сан Марко витав і досі витає дух свободи. Зануримось і ми в цю неймовірну атмосферу. Рекомендуємо водний круїз по Гранд Каналу (40€) або прогулянку на гондолі (35€). Переїзд, поселення і ночівля в готелі.",542
https://travelroom.lviv.ua/tour/308/,"Формула краси (Рим, Флоренція, Венеція)",3,"Їж, молись, люби! Сніданок",У вільний час рекомендуємо відвідати «Вічні цінності Ватикану» (60€); або «Символ слави – Колізей» (30€); Ввечері запрошуємо на екскурсію «Рим у кадрах кінофільмів» (25€),"Їж, молись, люби! Сніданок. Виселення з готелю. Переїзд і прибуття до столиці Італії. Оглядова екскурсія «Рим – вічне місто на семи пагорбах» , до якого, як відомо, ведуть усі дороги. Ми будемо гуляти бруківкою, яка пам’ятає гладіаторів, замовимо освіжаючий апероль і капрічозу у піццерії, де обідала Джулія Робертс в натхненному фільмі «Їсти, молитися, кохати». У вільний час рекомендуємо відвідати «Вічні цінності Ватикану» (60€) або «Символ слави – Колізей» (30€). Ввечері запрошуємо на екскурсію «Рим у кадрах кінофільмів» (25€). Про римських ангелів і демонів, про код і тіні, римські пригоди і ",600
https://travelroom.lviv.ua/tour/308/,"Формула краси (Рим, Флоренція, Венеція)",4,Сніданок,Дорогою відвідання інста-локації в Тоскані (25€); сто з висоти пташиного польоту запрошуємо на екскурсію «Дотик до струн її серця» (25€),"Сніданок. Виселення з готелю. Переїзд у Флоренцію. Дорогою відвідання інста-локації в Тоскані (25€). Оглядова екскурсія «Флоренція – місто великих майстрів» , символ епохи Відродження, де жили і творили справжні генії. У вільний час рекомендуємо прогулятись по набережній Арно, зазирнути до ювелірів на Понте Веккйо, а щоб побачити місто з висоти пташиного польоту запрошуємо на екскурсію «Дотик до струн її серця» (25€). Переїзд в закохану Верону. Вечірня прогулянка містом Ромео і Джульєтти. Чого лиш варта Арена-ді-Верона, збудована у 30 році – історія, яка закарбована у кожному камінчику вимощен",600
https://travelroom.lviv.ua/tour/308/,"Формула краси (Рим, Флоренція, Венеція)",5,Сніданок,Для бажаючих – трансфер до озера Гарда (30€),"Сніданок. Виселення з готелю. Вільний час в Вероні. Для бажаючих – трансфер до озера Гарда (30€) – найбільшого та одного з найбільш мальовничих озер в Італії. 11:30 – Виїзд з Верони. Переїзд в Каринтію – озерний край в Австрії з красивими барвами і шпилястими Альпами. Зупинка на фотопаузу на озері Вертерзее . Переїзд, поселення і ночівля в готелі.",349
https://travelroom.lviv.ua/tour/308/,"Формула краси (Рим, Флоренція, Венеція)",6,Сніданок,,"Сніданок. Виселення з готелю. Дорогою в Україну ми зробимо зупинку в Тарнуві, щоб випити кави в затишному кафе, зайти до супермаркету, прогулятись вуличками і насолодитись атмосферою спокійного міста. Ми віримо, що скоро таким затишним і спокійним буде кожне місто нашої України. З новими силами, з позитивними емоціями і ще міцнішою вірою в нашу перемогу ми повернемось в Україну. 23:00-02:00 – Прибуття у Львів. До нових зустрічей!",433
https://travelroom.lviv.ua/tour/213/,Париж,1,Львів,,"Львів. 05:30 – виїзд зі Львова. Проходження кордону. Переїзд територією Польщі. Прибуття у Вроцлав, четверте по величині місто в Польщі. Мальовниче місто розкинулось не тільки на обох береках річки Одри, але і на 12 острівцях, розташованих на злитті рукавів, — їх пов’язує близько сотні мостів і мостиків. «Вроцлав – місто, що гойдається на хвилях» – так часто називають Вроцлав, а ще багатьма іншими епітетами про які ми дізнаємось під час оглядової екскурсії вечірнім містом. Переїзд, поселення і ночівля в готелі.",516
https://travelroom.lviv.ua/tour/213/,Париж,2,Сніданок,,"Сніданок. Виселення з готелю. Переїзд в Моріцбург перенесе нас у події казки про Попелюшку, яка потрапляє на королівський бал і стає обраницею принца. Дещо схожа доля і в Коко Шанель: вона росла у сирітських злиднях, але досягла великого успіху. Фотопауза біля замку. Переїзд в Ерфурт. Прогулянка містом, яке називають чарівною коштовністю Німеччини. Тут, вдалині від промислових регіонів та мегаполісів, Німеччина не така, як ми звикли її уявляти. Розкішна архітектура, палаци і собори в невеликому і злегка провінційному місті. А ще тут є резиденція Наполеона, в якій великий полководець провів «ко",600
https://travelroom.lviv.ua/tour/213/,Париж,3,Сніданок,лядова екскурсія містом 18:00 – Запрошуємо прогулятись «За фіалками на Монмартр» (25€); Вечірня екскурсія «Вогні Парижу» (30€),"Сніданок. Виселення з готелю.14:00 – Прибуття в «Париж – місто краси і вічної романтики». Кожну секунду тут хочеться милуватись видами, ловити шармом француженок, усміхатись місьє, до муршок чаруватись мерехтінням Ейфелевої вежі та зробити 101 фото. Оглядова екскурсія містом 18:00 – Запрошуємо прогулятись «За фіалками на Монмартр» (25€) у богемний квартал «маленьких людей» з великими пристрастями – акторів та художників, які творили і мріяли, страждали і закохувались. Вечірня екскурсія «Вогні Парижу» (30€), під час якої ми відвідаємо стильний і сучасний район Дефанс, приєднаємось до романтику ",600
https://travelroom.lviv.ua/tour/213/,Париж,4,Сніданок,Сьогодні ми вирушимо на узбережжя Нормандії до дивовижної Етрети (50€); У вільний час можна відвідати інстаграмні сади Етрети (20€); ер 40€) або один із найвідоміших ландшафтних парків Франції – cад Моне в Живерні (35€); Запрошуємо на екскурсію Кварталом Маре (30€); 19:30 – Трансфер до інста-локацій (20€),"Сніданок. Сьогодні ми вирушимо на узбережжя Нормандії до дивовижної Етрети (50€). Білосніжні скелі над морем постають, немов ожилі фрагменти полотен Моне. Тут дихається глибше й мріється сміливіше, бо краса торкається так сильно, що хочеться зберегти це відчуття й пронести його зі спогадами надовго. Шум хвиль і крики чайок зливаються в мелодію абсолютної безтурботності, а кожен подих вітру з легким бризом змиває турботи, залишаючи відчуття відновлення та нескінченного щастя. У вільний час можна відвідати інстаграмні сади Етрети (20€), колиску імпресіоністів Онфлер (трансфер 40€) або один із на",600
https://travelroom.lviv.ua/tour/213/,Париж,5,Сніданок,Рекомендуємо: • піднятись на вежу Монпарнас (20€); • відправитись в круїз по Сені (20€); 5€) • прогулятись островом Сіте захоплюватись нескореним перед вогнем Нотр-Дамом (20€),"Сніданок. Вільний час в Парижі. Рекомендуємо: • піднятись на вежу Монпарнас (20€) • відправитись в круїз по Сені (20€) • резиденцію французьких монархів «Версаль – краса і велич королів» (трансфер – 25€) • прогулятись островом Сіте захоплюватись нескореним перед вогнем Нотр-Дамом (20€). 16:30 – виїзд з Парижу. Переїзд в Страсбург, поселення і ночівля в готелі.",362
https://travelroom.lviv.ua/tour/213/,Париж,6,Сніданок,У вільний час рекомендуємо Кольмар – найбільш інстаграмне місто Ельзасу (35€),"Сніданок. Виселення з готелю. Ранкова екскурсія «Страсбург – чарівна столиця Ельзасу». Прогулянка милим французьким містом, що доповнене німецьким колоритом. У Страсбурзі народжуються закони Євросоюзу, а головною родзинкою є історичний центр “Маленька Франція”, який занесений до культурної спадщини ЮНЕСКО. У вільний час рекомендуємо Кольмар – найбільш інстаграмне місто Ельзасу (35€), яке зберегло свою культуру та архітектуру попри світові війни. Квартал під назвою «Маленька Венеція» перенесе нас у світ казки. Переїзд, поселення і ночівля в готелі.",553
https://travelroom.lviv.ua/tour/213/,Париж,7,Сніданок,,"Сніданок. Виселення з готелю. Дорогою в Україну ми зробимо зупинку в Тарнуві , щоб випити кави в затишному кафе, зайти до супермаркету, прогулятись вуличками і насолодитись атмосферою спокійного міста. Ми віримо, що скоро таким затишним і спокійним буде кожне місто нашої України. З новими силами, з позитивними емоціями ми повернемось в Україну. 23:30 -02:00 Прибуття у Львів. До нових зустрічей!",397
https://travelroom.lviv.ua/tour/215/,Весна на острові Майнау,1,Львів,,"Львів. 05:30 – виїзд зі Львова. Проходження кордону. 12:00 – Оглядова екскурсія «Королівський Краків». Своєю неповторністю місто зобов’язане чудовій архітектурі, яка відноситься ще до тих часів, коли Краків був столицею, а Вавель – родовим гніздом польських королів. Водночас Краків затишне і «домашнє» місто. Переїзд в Чехію. Поселення і ночівля в готелі.",356
https://travelroom.lviv.ua/tour/215/,Весна на острові Майнау,2,Сніданок,,"Сніданок. Виселення з готелю. Переїзд Німеччиною. Дорогою зробимо фотопаузу біля замку Траусніц . Його стратегічне розташування на пагорбі забезпечувало чудовий огляд місцевості, що було важливим у ті часи, а зараз дозволяє насолодитися мальовничими краєвидами Верхнього Пфальцу. Переїзд в Ротенбург-об-дер-Таубер – найбільш романтичне місто Німеччини, якому двічі дуже пощастило, а мегаполіси заздрять його кінокар’єрі. Місту більше тисячі років. Його будинки зберегли казковий вигляд, однаково декоровані оранжевими дахами, а магія Середньовіччя відчувається у кожному камені. Екскурсія містом і ві",600
https://travelroom.lviv.ua/tour/215/,Весна на острові Майнау,3,Сніданок,ли б ви не приїхали – тут справжня насолода для очей та інстаграмних фотографій! (30€); У вільний час рекомендуємо: • «Велич Рейнського водоспаду» (35€); • трансфер у Констанц (15€); • «Ласкаво просимо у Швейцарію» (40€),"Сніданок. Виселення з готелю. Подорож в Королівство Весни – квітковий острів Майнау . Сонце, хвилі, смарагдова вода Перед нами – не Лазурове узбережжя, як може здатися на перший погляд, а німецький острів Майнау на Боденському озері. Ранні первоцвіти і тюльпани передадуть естафету трояндам і орхідеям, але коли б ви не приїхали – тут справжня насолода для очей та інстаграмних фотографій! (30€). У вільний час рекомендуємо: • «Велич Рейнського водоспаду» (35€). Постояти на вершині найбільшого водоспаду Європи, всім тілом відчуваючи гуркіт і вібрацію бурхливого потоку. Антистрес, краса і енергія. ",600
https://travelroom.lviv.ua/tour/215/,Весна на острові Майнау,4,Сніданок,Рекомендуємо на вибір: • Прогулянку на кораблику по фйорд у (35€); • «Над хмарами» (45€); • «Мелодія Зальцбурга» (25€),"Сніданок. Виселення з готелю. Переїзд в національний парк Берхтесгаден – єдиний високогірний парк в німецьких Альпах. Зупинимось біля Королівського фйорду – Кенігзее, смарагдового озера в оправі гір. Рекомендуємо на вибір: • Прогулянку на кораблику по фйорд у (35€) • «Над хмарами» (45€) – піднятись на вершину Баварських Альп, з панорамою на гору Вацман – третю за висотою вершину в Німеччині. Багато століть вона була джерелом натхнення для художників і поетів. • «Мелодія Зальцбурга» (25€). Тут народився великий Моцарт, тут звуки класичної музики витають в повітрі поміж вузеньких вуличок, де чис",600
https://travelroom.lviv.ua/tour/215/,Весна на острові Майнау,5,Сніданок,,"Сніданок. Виселення з готелю. Дорогою в Україну ми зробимо зупинку в Тарнуві , щоб випити кави в затишному кафе, зайти до супермаркету, прогулятись вуличками і насолодитись атмосферою спокійного міста. Ми віримо, що скоро таким затишним і спокійним буде кожне місто нашої України. З новими силами, з позитивними емоціями ми повернемось в Україну. 23:30 -02:00 Прибуття у Львів. До нових зустрічей!",397
https://travelroom.lviv.ua/tour/308-spo/,Формула краси + три узбережжя Італії,1,"Автобус, зустріч, група… і більше ні про що не хвилюєшся! Львів",,"Автобус, зустріч, група… і більше ні про що не хвилюєшся! Львів. 05:30 – виїзд зі Львова. Проходження кордону. 12:00 – Оглядова екскурсія «Королівський Краків». Своєю неповторністю місто зобов’язане чудовій архітектурі, яка відноситься ще до тих часів, коли Краків був столицею, а Вавель – родовим гніздом польських королів. Водночас Краків затишне і «домашнє» місто. Переїзд, поселення і ночівля в готелі.",406
https://travelroom.lviv.ua/tour/308-spo/,Формула краси + три узбережжя Італії,2,"Альпи, Альпи, озера і … безтурботна Італія! Сніданок",,"Альпи, Альпи, озера і … безтурботна Італія! Сніданок. Виселення з готелю. Переїзд австрійським регіоном Каринтія з неймовірними панорамами Альпійських гір. Зупинка на фотопаузу з панорамою на озеро Вертерзее . Переїзд в Італію. Оглядова екскурсія «Тревізо – батьківщину тірамісу». Ми прогуляємось площею Лордів, місточками через водні канали, усміхатимемось італійцям, замовляючи те саме справжнє каппучінко, відвідаємо джелатерію La Dolce, де пропонують неймовірні смаки морозива від шоколадно-імбирного до кавово-фісташкового. Переїзд і ночівля в готелі.",556
https://travelroom.lviv.ua/tour/308-spo/,Формула краси + три узбережжя Італії,3,"Їж, молись, люби! Сніданок",У вільний час рекомендуємо відвідати «Вічні цінності Ватикану» (60€); або «Рим у кадрах кінофільмів» (25€),"Їж, молись, люби! Сніданок. Виселення з готелю. Переїзд і прибуття до столиці Італії. Оглядова екскурсія «Рим – вічне місто на семи пагорбах» , до якого, як відомо, ведуть усі дороги. Ми будемо гуляти бруківкою, яка пам’ятає гладіаторів, замовимо освіжаючий апероль і капрічозу у піццерії, де обідала Джулія Робертс в натхненному фільмі «Їсти, молитися, кохати». У вільний час рекомендуємо відвідати «Вічні цінності Ватикану» (60€) або «Рим у кадрах кінофільмів» (25€). Про римських ангелів і демонів, про код і тіні, римські пригоди і канікули – тут було знято велика кількість фільмів, в тому числі",600
https://travelroom.lviv.ua/tour/308-spo/,Формула краси + три узбережжя Італії,4,Тут гармонія… Морське узбережжя Амальфі,льфі (25€ кораблик) Рекомендуємо екскурсію «Амальфі – кохання з першого погляду» (25€); У вільний час рекомендуємо відвідати білосніжне Позітано (35€),"Тут гармонія… Морське узбережжя Амальфі. Сніданок. Виселення з готелю. Прибуття в Салерно. Їдемо відпочивати на морське узбережжі Амальфі (25€ кораблик) Рекомендуємо екскурсію «Амальфі – кохання з першого погляду» (25€). Обіцянка вишуканої краси, лимонної свіжості, райського куточку, де можна знайти гармонію і відпочити душею. Ми будемо насолоджуватись пейзажами, коли дороги між будиночками нависають над кобальтово-синіми водами Тірренського моря, а мальовничі будиночки — наче приклеєні до стрімких гірських схилів. Відокремлені бухти, лимонні сади, оливкові гаї, усмішки італійців відображають ",600
https://travelroom.lviv.ua/tour/308-spo/,Формула краси + три узбережжя Італії,5,Тут казково… Морське узбережжя Апулії,Рекомендуємо «Незабутню подорож в Апулію» (80€),"Тут казково… Морське узбережжя Апулії. Сніданок. Рекомендуємо «Незабутню подорож в Апулію» (80€) – найсхіднішу область Італії з центром в місті Барі, яка омивається Адріатичним та Іонічним морями і має найдовшу берегову лінію серед континентальних областей. Прибуття в Поліньяно-а-Маре – це не пляж, а легенда, розтиражована сотнями тисяч зображень. Справді, дивитися на нього – це візуальне задоволення, з яким мало що зрівняється. Все влаштовано так: спочатку старовинний віадук, через який проглядається блакить моря. Потім – височенні, метрів 30, скелі, в яких влаштовані будинки, а між ними – бе",600
https://travelroom.lviv.ua/tour/308-spo/,Формула краси + три узбережжя Італії,6,Тут колоритно,"У вільний час рекомендуємо: відвідати Сорренто (35€); , древні Помпеї під вулканом Везувій (40€); або здійснити круїз на смарагдовий острів Капрі (60€)","Тут колоритно. Морське узбережжя Кампанії. Сніданок. Виселення з готелю. Переїзд у гамірний Неаполь. «Відчути і полюбити» – екскурсія містом, яке вважається одним з найсуперечливіших в Італії – хтось залишається від нього в захваті, хтось заприсягається більше ніколи туди не повертатися, а хтось взагалі боїться їхати, бо люблять тут говорити про італійську мафію. Під час нашої екскурсії ми переконаємо вас, що Неаполь можна і варто любити. У вільний час рекомендуємо: відвідати Сорренто (35€), древні Помпеї під вулканом Везувій (40€) або здійснити круїз на смарагдовий острів Капрі (60€) Переїзд ",600
https://travelroom.lviv.ua/tour/308-spo/,Формула краси + три узбережжя Італії,7,Натхнення по-італійськи Переїзд у Флоренцію,Дорогою відвідання інста-локації в Тоскані (20€); сто з висоти пташиного польоту запрошуємо на екскурсію «Дотик до струн її серця» (25€),"Натхнення по-італійськи Переїзд у Флоренцію. Дорогою відвідання інста-локації в Тоскані (20€). Оглядова екскурсія «Флоренція – місто великих майстрів» , символ епохи Відродження, де жили і творили справжні генії. Флоренція – це “Давид” Мікеланджело, “Венера” Боттічеллі і таємниці сімейства Медічі. У вільний час рекомендуємо прогулятись по набережній Арно, зазирнути до ювелірів на Понте Веккйо, а щоб побачити місто з висоти пташиного польоту запрошуємо на екскурсію «Дотик до струн її серця» (25€). Переїзд і ночівля в готелі.",529
https://travelroom.lviv.ua/tour/308-spo/,Формула краси + три узбережжя Італії,8,Пелюстки романтики Пелюстки романтики Виселення з готелю,Рекомендуємо водний круїз по Гранд Каналу (40€); або прогулянку на гондолі (35€),"Пелюстки романтики Пелюстки романтики Виселення з готелю. Оглядова екскурсія «Симфонія краси та романтики – Венеція» (квиток на катер-30€). Цими вуличками гуляли мудрі Дожі, під мостами змінювались династії гондольєрів, в маленьких двориках ховались таємно-закохані, а над площею Сан Марко витав і досі витає дух свободи. Зануримось і ми в цю неймовірну атмосферу. Рекомендуємо водний круїз по Гранд Каналу (40€) або прогулянку на гондолі (35€) Переїзд і ночівля в готелі.",472
https://travelroom.lviv.ua/tour/308-spo/,Формула краси + три узбережжя Італії,9,"День вдячності за все, а особливо ЗСУ що можемо жити, працювати і декілька днів відпочити Сніданок",,"День вдячності за все, а особливо ЗСУ що можемо жити, працювати і декілька днів відпочити Сніданок. Виселення з готелю. Дорогою в Україну ми зробимо зупинку в Тарнуві , щоб випити кави в затишному кафе, зайти до супермаркету, прогулятись вуличками і насолодитись атмосферою спокійного міста. Ми віримо, що скоро таким затишним і спокійним буде кожне місто нашої України. З новими силами, з позитивними емоціями і ще міцнішою вірою в нашу перемогу ми повернемось в Україну. 23:00-02:00 – Прибуття у Львів. До нових зустрічей!",524
https://travelroom.lviv.ua/tour/418/,Вічне літо Сицилії,1,05:30 – виїзд зі Львова,,"05:30 – виїзд зі Львова. Проходження кордону. Переїзд територією Польщі та Чехії. 15:30 – Прибуття в Остраву – третє за величиною місто Чехії з затишним і приємний центром. Вільний час для прогулянки, шопінгу та чеських смаколиків. Переїзд, поселення і ночівля в готелі.",270
https://travelroom.lviv.ua/tour/418/,Вічне літо Сицилії,2,Сніданок,Рекомендуємо водний круїз по Гранд Каналу (40€); або прогулянку на гондолі (35€),"Сніданок. Виселення з готелю. Дорогою до моря ми будемо милуватись красою Альпійських гір. Ми зробимо зупинку на озері Вертерзе і переїжджаємо в Італію. Оглядова екскурсія «Симфонія краси та романтики – Венеція» (квиток на катер-30€). Цими вуличками гуляли мудрі Дожі, під мостами змінювались династії гондольєрів, в маленьких двориках ховались таємно-закохані, а над площею Сан Марко витав і досі витає дух свободи. Зануримось і ми в цю неймовірну атмосферу. Рекомендуємо водний круїз по Гранд Каналу (40€) або прогулянку на гондолі (35€). Переїзд, поселення і ночівля в готелі. Переїзд, пізнє посел",600
https://travelroom.lviv.ua/tour/418/,Вічне літо Сицилії,3,Сніданок,,"Сніданок. Виселення з готелю. Рекомендуємо побачимо місто унікальної краси – Чівіта-ді-Баньореджо (трансфер-30€), яке невдовзі щезне з мапи світу. Щороку кількість мешканців міста зменшується, а скеля, на якій воно утворилась – руйнується. Ніщо не вічне? Від міста, яке руйнується, до міста, яке стоятиме вічно. 18:00 – Оглядова екскурсія «Помпезний Рим» . Ми будемо гуляти бруківкою, яка пам’ятає гладіаторів, загадаємо бажання, на пяцца Навона замовимо освіжаючий апероль і капрічозу у піццерії, де обідала Джулія Робертс в натхненному фільмі «Їсти, молитися, кохати». Переїзд, поселення і ночівля ",600
https://travelroom.lviv.ua/tour/418/,Вічне літо Сицилії,4,Сніданок,льфі (25€ кораблик) Рекомендуємо екскурсію «Амальфі – кохання з першого погляду» (25€); У вільний час рекомендуємо відвідати білосніжне Позітано (35€),"Сніданок. Виселення з готелю. Прибуття в Салерно. Їдемо відпочивати на морське узбережжі Амальфі (25€ кораблик) Рекомендуємо екскурсію «Амальфі – кохання з першого погляду» (25€). Обіцянка вишуканої краси, лимонної свіжості, райського куточку, де можна знайти гармонію і відпочити душею. Ми будемо насолоджуватись пейзажами, коли дороги між будиночками нависають над кобальтово-синіми водами Тірренського моря, а мальовничі будиночки — наче приклеєні до стрімких гірських схилів. Відокремлені бухти, лимонні сади, оливкові гаї, усмішки італійців відображають істинний італійський колорит. Екскурсія т",600
https://travelroom.lviv.ua/tour/418/,Вічне літо Сицилії,5,Сніданок,Переправа на паромі (25€); У вільний час рекомендуємо на вибір: – Трансфер на пляж Lido Azzurr o (10€); – «Античні Сиракузи» (50€),"Сніданок. Виселення з готелю. Переїзд на південь Італії. Прибуття у Вілла-Сан-Джованні. Переправа на паромі (25€) Ласкаво просимо на Сицилію! Оглядова екскурсія «Катанія – місто контрастів» , яке кілька разів було поховано під товстим шаром лави та попелу і щоразу відбудовувалось заново. Катанія знаходиться у підніжжі гори Етна, і цей активний вулкан-розбишака – один із символів Сицилії. У вільний час рекомендуємо на вибір: – Трансфер на пляж Lido Azzurr o (10€) – узбережжя з красивою золотою косою м’якого піску, яка простягається на багато кілометрів, а тепле Середземне море ніжно обіймає пол",600
https://travelroom.lviv.ua/tour/418/,Вічне літо Сицилії,6,Сніданок,Рекомендуємо екскурсію «Палермо – сонячна столиця Сицилії + магічне Чефалу» (80€); У вільний час в Палермо рекомендуємо трансфер на пляж Монделло (15€),"Сніданок. Вільний час на острові Сицилія. Рекомендуємо екскурсію «Палермо – сонячна столиця Сицилії + магічне Чефалу» (80€). Ми побачимо вілли, що потопають у зелені, Кафедральний собор Палермо, що увібрав у себе елементи різних архітектурних стилів – готики, мавританські манери та класицизм, найбільший в Італії театр з ідеальною акустикою, Фонтан сорому і переконаємось, що багатство сицилійського бароко не має аналогів у світі. У вільний час в Палермо рекомендуємо трансфер на пляж Монделло (15€), де білий пісок як палітра для сонця, хмар та моря, що переливаються від бірюзового до смарагдовог",600
https://travelroom.lviv.ua/tour/418/,Вічне літо Сицилії,7,Сніданок,Рекомендуємо екскурсії на вибір: – «Таємниці Таорміни» (40€); – «Великий каньйон Італії» (45€); Переїзд і переправа на паромі (25€),"Сніданок. Виселення з готелю. Вільний час на острові Сицилія. Рекомендуємо екскурсії на вибір: – «Таємниці Таорміни» (40€) – на вершині пагорба, біля підніжжя Етни, в оточені скель, які поряд з древнім греко-римським театром утворюють морські бухти з піщаними пляжами, розташувалось це унікально красиве місто. – «Великий каньйон Італії» (45€) – ущелина Алькантара, яка утворилася після потужного виверження вулкану 3 тис. років тому, а краса її пейзажів зачаровує. Переїзд і переправа на паромі (25€). Переїзд регіоном Калабрія і ночівля в готелі.",548
https://travelroom.lviv.ua/tour/418/,Вічне літо Сицилії,8,Сніданок,За сприятливої погоди рекомендуємо відвідати водоспади Марморе (40€),"Сніданок. Виселення з готелю. Переїзд в заховане серед зелених пагорбів Умбрії місто Терні – в Італію без натовпів, розмірену, але з жвавим характером, де життя тече спокійніше й глибше. Його вулиці пам’ятають римські часи, середньовічні дзвіниці та тихі площі. За сприятливої погоди рекомендуємо відвідати водоспади Марморе (40€) – найвищий штучний водоспад у світі і найкрасивіший в Італії. Його створили древні римляни, тож краса природи тут поєднана з тисячолітньою історією. З висоти 165 метрів вода стрімко зривається зі скель Умбрії трьома потужними каскадами, наповнюючи повітря шумом, а скел",600
https://travelroom.lviv.ua/tour/418/,Вічне літо Сицилії,9,Сніданок,Для бажаючих – трансфер до озера Гарда (30€); У вільний час пропонуємо на витягу піднятись на вершину Доломітовових Альп (30€),"Сніданок. Виселення з готелю. Для бажаючих – трансфер до озера Гарда (30€) – найбільшого та одного з найбільш мальовничих озер в Італії. Переїзд в Больцано – столицю Південного Тіролю, розташовану на кордоні трьох держав: Швейцарії, Австрії та Італії. Тут говорять різними мовами, готують німецьку, австрійську і італійську кухню, а пам’ятки Больцано роблять його не схожим на жодне інше місто півночі Італії. У вільний час пропонуємо на витягу піднятись на вершину Доломітовових Альп (30€). Дорогою ми будемо насолоджуватись неймовірними панорамами Альп – це безкінечне задоволення. Переїзд і ночівл",600
https://travelroom.lviv.ua/tour/418/,Вічне літо Сицилії,10,Сніданок,,"Сніданок. Виселення з готелю. Дорогою в Україну ми зробимо зупинку в Брно , щоб випити кави в затишному кафе, зайти до супермаркету, прогулятись вуличками і насолодитись атмосферою спокійного міста. Ми віримо, що скоро таким затишним і спокійним буде кожне місто нашої України. З новими силами, з позитивними емоціями і ще міцнішою вірою в нашу перемогу ми повернемось в Україну. 23:00-02:00 – Прибуття у Львів. До нових зустрічей!",431
https://travelroom.lviv.ua/tour/311-spo/,Альпійська мелодія: Італія + Швейцарія + Лазурове узбережжя Франції,1,Львів,,"Львів. 05:30 – виїзд зі Львова. Проходження кордону. 12:00 – Оглядова екскурсія «Королівський Краків» . Своєю неповторністю місто зобов’язане чудовій архітектурі, яка відноситься ще до тих часів, коли Краків був столицею, а Вавель – родовим гніздом польських королів. Водночас Краків затишне і «домашнє» місто. Переїзд, поселення і ночівля в готелі.",349
https://travelroom.lviv.ua/tour/311-spo/,Альпійська мелодія: Італія + Швейцарія + Лазурове узбережжя Франції,2,Сніданок,• Рекомендуємо відвідати Гальштат (30€); – візитівку Австрії • «Понад хмарами» (40€),"Сніданок. Переїзд до альпійського Санкт-Гільгену, розташованому в озерному краї Зальцкаммергут. 76 великих і маленьких мальовничих озер розташувались серед засніжених шпилястих гір. Звуки і співи, затишок і гармонія на смарагдових озерах, заквітчаних, привітних, щирих. Вільний час на озері. • Рекомендуємо відвідати Гальштат (30€) – візитівку Австрії • «Понад хмарами» (40€) на витягу піднятись на вершину з панорамою на озеро Вольфгангзее Переїзд, поселення і ночівля в готелі.",479
https://travelroom.lviv.ua/tour/311-spo/,Альпійська мелодія: Італія + Швейцарія + Лазурове узбережжя Франції,3,Сніданок,У вільний час рекомендуємо екскурсію в долину Верзаска (45€),"Сніданок. Виселення з готелю. Блиском кришталевих озер і величних вершин нас вітає Швейцарія! 10:30 – Оглядова екскурсія «Зігріта сонцем Беллінцона» , столиця сонячного Тічіно, розташована у підніжжі Альп. Протягом довгих століть за неї змагались міланські герцоги і швейцарські конфедерати, ласий шматочок, важливий торгівельний центр з давньою і красивою історією. На ліфті, вбудованому у скелю, ми піднімемось до замку Grande – найстарішого з трьох замків Беллінцони, що входить до світової спадщини ЮНЕСКО. 13:00 – Екскурсія «Локарно – місто камелій» на щедро зігрітому сонцем озері Маджоре. У ві",600
https://travelroom.lviv.ua/tour/311-spo/,Альпійська мелодія: Італія + Швейцарія + Лазурове узбережжя Франції,4,Сніданок,Рекомендуємо екскурсію до «Ізола Белла» – найпрекраснішого острова Італії (60€); У вільний час рекомендуємо відвідати палац Дуомо (40€),"Сніданок. Виселення з готелю. Переїзд до південних берегів озера Маджоре в затишну Арону – місто-резиденцію багатої і впливової родини Борромео. Саме на честь вельможного сімейства встановили скульптуру Святого Карла, яка протягом 200 років була найвищою у світі і стала прототипом статуї Свободи у Нью Йорку. Рекомендуємо екскурсію до «Ізола Белла» – найпрекраснішого острова Італії (60€). Острів з висячими садами, острів-замок у стилі ломбардного бароко. Завітаємо і ми (як колись Наполеон) у володіння графа Борромео. 15:00 – Прибуття в Мілан. Оглядова екскурсія «Мілан: мистецтво, спорт і мода» ",600
https://travelroom.lviv.ua/tour/311-spo/,Альпійська мелодія: Італія + Швейцарія + Лазурове узбережжя Франції,5,Сніданок,Рекомендуємо екскурсію «Розкіш по-французьки» (50€),"Сніданок. Виселення з готелю. Переїзд на Лазуровий берег. 12:00 – Оглядова екскурсія «La bella Nice!» Головне місто Французької Рив’єри розташоване у бухті Ангелів, оточене Приморськими Альпами, обласкане сонцем і неймовірного кольору морем. Вільний час на морі. Рекомендуємо екскурсію «Розкіш по-французьки» (50€), яка включатиме відвідання милого Сен-Поль-де-Вансу , який відвідують художники в пошуках натхнення, а також міста Антіб , де пришвартовані найкрасивіші яхти світу. Наш вечір ми закінчимо в Каннах на знаменитій набережній Круазетт. Переїзд, поселення і ночівля в готелі.",585
https://travelroom.lviv.ua/tour/311-spo/,Альпійська мелодія: Італія + Швейцарія + Лазурове узбережжя Франції,6,Сніданок,Рекомендуємо відвідати: • князівства Монако (40€); • мініатюрний Ез і фарбрику парфумів Фрагонар (25€),"Сніданок. Виселення з готелю. Вільний час на узбережжі Лазурового берегу. Рекомендуємо відвідати: • князівства Монако (40€), де проводять свій час королівські особи і зірки шоу-бізнесу. Їх вабить і п янить чарівна атмосфера грошей і розкоші, до якої на деякий час приєднаємось і ми. • мініатюрний Ез і фарбрику парфумів Фрагонар (25€). Франція – це про вишуканий смак, парфуми, аромати. Ми дізнаємось чому саме в Провансі створюють чуттєві, ніжні, терпкі та солодкі парфуми, який настрій вони передають і впливають на завершення образу. 18:00 – Переїзд, поселення і ночівля в готелі на території Італ",600
https://travelroom.lviv.ua/tour/311-spo/,Альпійська мелодія: Італія + Швейцарія + Лазурове узбережжя Франції,7,Сніданок,За бажанням групи – фотопауза у Вадуці (15€),"Сніданок. Виселення з готелю. Переїзд на чаруюче озеро Комо . Фотопауза на озері. Можливо, ми зустрінемо Джорджа Клуні або Сильвестра Сталлоне, бо саме тут розташовані відпочинкові вілли зірок, багатих і відомих. А далі нас чекає переїзд Швейцарією і пейзажі, від яких неможливо відвести погляд, бо дорога пролягає поміж засніженими піками Лепонтинських Альп, попри пасовиська з альпійськими корівками, а на вершинах де не де виглядають решти фортечних укріплень, що залишились від швейцарських замків. За бажанням групи – фотопауза у Вадуці (15€) – столиці мініатюрного князівства Ліхтенштейн , четв",600
https://travelroom.lviv.ua/tour/311-spo/,Альпійська мелодія: Італія + Швейцарія + Лазурове узбережжя Франції,8,Сніданок,,"Сніданок. Виселення з готелю. Дорогою в Україну ми зробимо зупинку в містечку Глівіце – окрасою воєводства Сілезія , щоб випити кави в затишному кафе, зайти до супермаркету, прогулятись вуличками і насолодитись атмосферою спокійного міста. Ми віримо, що скоро таким затишним і спокійним буде кожне місто нашої України. З новими силами, з позитивними емоціями ми повернемось в Україну. 23:30-02:00 Прибуття у Львів. До нових зустрічей! Програма туру в Pdf",454
https://travelroom.lviv.ua/tour/501/,"Зимова казка: Закопане, Відень, терми",1,Львів,У вільний час рекомендуємо піднятись на вершину Татранських гір (15€),"Львів. 05:30 – виїзд зі Львова. Проходження кордону. Ми заїдемо в Кракові у торгівельний центр «Centrum Handlowe Mozaika» , щоб випити каву, купити смаколики в дорогу або прогулятись парком Анни та Еразма Єржмановських. 15:00 – Прибуття в «Закопане – зимову столицю Польщі». Прогуляємося найдовшою та найвідомішою вулицею Закопаного – Крупувки, і зануримося у казкову атмосферу цього знаменитого курорту. Тут вас розважатимуть вуличні музики, ресторанчики спокушатимуть ароматами традиційних страв, а місцевий колорит подарує відчуття справжньої радості життя. На Крупувці обов’язково варто спробуват",600
https://travelroom.lviv.ua/tour/501/,"Зимова казка: Закопане, Відень, терми",2,Сніданок,,"Сніданок. Вільний час в Закопане. Рекомендуємо подорож до Морського Ока (40€ + 40€ кінний трансфер) – в особливу атмосферу засніженої казки. Оточене величними Татрами, це мальовниче озеро стає ще більш чарівним, коли дерева вкриваються пухнастим снігом, а дзеркальна гладь води іноді приховується під тонким шаром льоду. Прогулянка до Морського ока – це не лише можливість насолодитися чудовими пейзажами, а й випробувати себе на легкому маршруті. Дорогою ви відчуєте тишу та спокій природи, які огортають немов теплим пледом. На місці вас чекає гарячий чай у фільварку, а також можливість зробити не",600
https://travelroom.lviv.ua/tour/501/,"Зимова казка: Закопане, Відень, терми",3,Сніданок,Відень вражає і надихає… Пропонуємо трансфер в палац Шенбрунн (10€); і щоразу – це магія! 20:00 – Рекомендуємо екскурсію «Магія вечірнього Будапешту» (30€),"Сніданок. Виселення з готелю. Переїзд в Австрію. 10:00 – Прибуття в Відень. Вільний час. Оглядова екскурсія «Відень запрошує на вальс» в атмосферу помпезності, шику, блиску і величі. Тут є все, починаючи із залишків стін Великої римської Імперії, ошатних вуличок до фешенебельних магазинів і кав’ярень. Відень вражає і надихає… Пропонуємо трансфер в палац Шенбрунн (10€) Переїзд в Будапешт і екскурсія «Шарм Будапешту». Коли б Ви не знайомились з Будапештом, він прекрасний завжди. Але є одна мить, яка змушує серце битися частіше, мить, коли перехоплює подих: кожного вечора Будапешт запалює тисячі ",600
https://travelroom.lviv.ua/tour/501/,"Зимова казка: Закопане, Відень, терми",4,Сніданок,Рекомендуємо екскурсію «Таємниці Королівської Буди» (25€); квиток 25€) або д егустацію егерських вин (25€),"Сніданок. Виселення з готелю. Рекомендуємо екскурсію «Таємниці Королівської Буди» (25€) – ранкова прогулянка Рибацьким бастіоном і Королівським кварталом, з пагорбів якого відкриваються прекрасні панорами на славнозвісний Парламент і рівнинний Пешт. 10:00 – Виїзд з Будапешту і переїзд в Егер – відоме своїми термальними джерелами, середньовічною фортецею та унікальною атмосферою винного регіону Долини красунь. У вільний час рекомендуємо трансфер в термали Егерсалок (20€+вх. квиток 25€) або д егустацію егерських вин (25€). З новими силами, з позитивними емоціями ми повернемось в Україну. 23:30 -",600
https://travelroom.lviv.ua/tour/162/,"Легкість Амстердама, романтика Парижа + парк тюльпанів Койкенхоф",1,Львів,,"Львів. 05:30 – виїзд зі Львова. Проходження кордону. Ми завітаємо на екскурсію у « Вроцлав – місто 300 гномів» . Місцеві жителі всі при справі: гном-пекар пригощає сирником, гном-банкір рахує гроші, гном-мандрівник складає валізу. Місто з ідеальним порядком і настроєм казки, що витає над численними парками і романтичними водними каналами. Переїзд і ночівля в готелі.",368
https://travelroom.lviv.ua/tour/162/,"Легкість Амстердама, романтика Парижа + парк тюльпанів Койкенхоф",2,Сніданок,Рекомендуємо відвідати Королівські сади Ганновер а (30€),"Сніданок. Виселення з готелю. Переїзд у виставковий Ганновер. У 12 століття на високому лівому березі Лайні збудували древній замок. Саме з цього часу починається історія міста, яке лежить на перехресті транспортних шляхів і є одним з найбільш відвідуваних у світі. Рекомендуємо відвідати Королівські сади Ганновер а (30€) – Герренхаузен – одного з найкрасивіших садово-паркових комплексів Європи. Парк, закладений у 1666 році за наказом княгині Софії, є зеленим серцем Нижньої Саксонії. Час для прогулянки та красивих фотографій. Переїзд і ночівля в готелі.",558
https://travelroom.lviv.ua/tour/162/,"Легкість Амстердама, романтика Парижа + парк тюльпанів Койкенхоф",3,Сніданок,У вільний час рекомендуємо: • «Затишні Нідерланди» (45€); країна вітряних млинів Заансе Сханс • Прогулянку на кораблику по каналах Амстела (30€); • «Історії з вулиці червоних ліхтарів» (30€),"Сніданок. Виселення з готелю. Переїзд в розкутий Амстердам . Екскурсія містом, де можна забути про звичні заборони, обмеження і стереотипи. Атмосфера свободи і креативу, нових ідей і яскравих вражень. У вільний час рекомендуємо: • «Затишні Нідерланди» (45€) Волендам і країна вітряних млинів Заансе Сханс • Прогулянку на кораблику по каналах Амстела (30€) • «Історії з вулиці червоних ліхтарів» (30€). Переїзд, поселення і ночівля в готелі.",440
https://travelroom.lviv.ua/tour/162/,"Легкість Амстердама, романтика Парижа + парк тюльпанів Койкенхоф",4,Сніданок,Відвідання парку тюльпанів Койкенхоф (40€); • Вечірня екскурсія «Вогні Парижу» (30€),"Сніданок. Виселення з готелю. Відвідання парку тюльпанів Койкенхоф (40€), який весною перетворюється на квіткову феєрію з кількома мільйонами тюльпанів, нарцисів і гіацинтів Переїзд в «Париж – місто краси і вічної романтики». Кожну секунду тут хочеться милуватись видами, ловити шармом француженок, усміхатись місьє, до муршок чаруватись мерехтінням Ейфелевої вежі та зробити 101 фото. Оглядова екскурсія містом. • Вечірня екскурсія «Вогні Парижу» (30€), під час якої ми відвідаємо стильний і сучасний район Дефанс, приєднаємось до романтику вечірнього міста і відчуємо мерехтливу магію від тисячі во",600
https://travelroom.lviv.ua/tour/162/,"Легкість Амстердама, романтика Парижа + парк тюльпанів Койкенхоф",5,Сніданок,мо: • прогулятись островом Сіте захоплюватись нескореним перед вогнем Нотр-Дамом (25€); • піднятись на вежу Монпарнас (20€); • відправитись в круїз по Сені (20€); • відвідати «За фіалками на Монмартр» (25€),"Сніданок. Вільний час в Парижі. Рекомендуємо: • прогулятись островом Сіте захоплюватись нескореним перед вогнем Нотр-Дамом (25€). • піднятись на вежу Монпарнас (20€) • відправитись в круїз по Сені (20€) • відвідати «За фіалками на Монмартр» (25€) у богемний квартал «маленьких людей» з великими пристрастями – акторів та художників, які творили і мріяли, страждали і закохувались. 17:00 – Виїзд з Парижу. Поселення і ночівля в готелі.",434
https://travelroom.lviv.ua/tour/162/,"Легкість Амстердама, романтика Парижа + парк тюльпанів Койкенхоф",6,Сніданок,,"Сніданок. Виселення з готелю. Оглядова екскурсія «Нюрнберг – місто винахідників». Саме він подарував світові такі речі, як кишеньковий годинник, глобус, компас, наперсток і токарний верстат. Тут починали правління усі німецькі імператори, збудували фортецю Кайзенбург, де б’ється серце міста. Переїзд і ночівля в готелі.",320
https://travelroom.lviv.ua/tour/162/,"Легкість Амстердама, романтика Парижа + парк тюльпанів Койкенхоф",7,Сніданок,,"Сніданок. Виселення з готелю. Дорогою в Україну ми зробимо зупинку в Остраві , щоб випити кави, прогулятись вуличками і насолодитись атмосферою спокійного міста. Ми віримо, що скоро таким затишним і спокійним буде кожне місто нашої України. З новими силами, з позитивними емоціями і ще міцнішою вірою в нашу перемогу ми повернемось в Україну. 23:30 -02:00 Прибуття у Львів. До нових зустрічей!",393
https://travelroom.lviv.ua/tour/209-spo/,SPO Італія,1,Львів,,"Львів. 05:30 – виїзд зі Львова. Проходження кордону. 12:00 – Оглядова екскурсія «Королівський Краків». Своєю неповторністю місто зобов’язане чудовій архітектурі, яка відноситься ще до тих часів, коли Краків був столицею, а Вавель – родовим гніздом польських королів. Водночас Краків затишне і «домашнє» місто. Переїзд, поселення і ночівля в готелі.",348
https://travelroom.lviv.ua/tour/209-spo/,SPO Італія,2,Сніданок,,"Сніданок. Виселення з готелю. Переїзд в «Місто гармонії – Грац» . Оглядова екскурсія другим за величиною містом Австрії, яке зачаровує з першого погляду. Почати хоча б з замку Шлоссберг з його милим годинником, під яким зустрічаються закохані. Грац – це місто, в якому гармонійно поєднується все. Прибуття у Верону. 20:00 – Оглядова екскурсія «Верона – мекка закоханих». Попри всесвітню славу романтичної історії Ромео і Джульєтти місто має ще багато інших. Чого лиш варта Арена-ді-Верона, збудована у 30 році, а зараз місце щорічних оперних фестивалів. Історія, яка закарбована у кожному камінчику в",600
https://travelroom.lviv.ua/tour/209-spo/,SPO Італія,3,Сніданок,"ру мистецтва! Насичений емоціями день доповнить водна прогулянка по Гранд Каналу (40€); трансфер на острів Бурано (50€); або прогулянка на гондолі (35€); Запрошуємо на екскурсію “Таємниці, що їх приховують маски” (25€)","Сніданок. Виселення з готелю. Переїзд у Венецію. 10:30 – Оглядова екскурсія «Симфонія краси та романтики – Венеція» (квиток на катер-40€). Цими вуличками гуляли мудрі Дожі, під мостами змінювались династії гондольєрів, в маленьких двориках ховались закохані, а над площею Сан Марко витав і досі витає дух свободи. Зануримось і ми в цю неймовірну атмосферу. Особливою вона буде ще й тому, що ми потрапимо на Венеційський карнавал! Свято краси і вишуканих суконь, загадкових персонажів і милих усмішок, а ще – нестримний політ фантазії! Неодмінні атрибути карнавалу – звісно ж, венеційські маски. Їх мо",600
https://travelroom.lviv.ua/tour/209-spo/,SPO Італія,4,Сніданок,Для бажаючих – трансфер до озера Гарда (30€); У вільний час пропонуємо на витягу піднятись на вершину Доломітовових Альп (40€),"Сніданок. Для бажаючих – трансфер до озера Гарда (30€) – найбільшого та одного з найбільш мальовничих озер в Італії. Переїзд в Больцано – столицю Південного Тіролю, розташовану на кордоні трьох держав: Швейцарії, Австрії та Італії. Тут говорять різними мовами, готують німецьку, австрійську і італійську кухню, а пам’ятки Больцано роблять його не схожим на жодне інше місто півночі Італії. У вільний час пропонуємо на витягу піднятись на вершину Доломітовових Альп (40€). Дорогою ми будемо насолоджуватись неймовірними панорамами Альп – це безкінечне задоволення. Переїзд і ночівля в готелі.",591
https://travelroom.lviv.ua/tour/209-spo/,SPO Італія,5,Сніданок,,"Сніданок. Виселення з готелю. Дорогою в Україну ми зробимо зупинку в Брно , щоб випити кави в затишному кафе, зайти до супермаркету, прогулятись вуличками і насолодитись атмосферою спокійного міста. Ми віримо, що скоро таким затишним і спокійним буде кожне місто нашої України. З новими силами, з позитивними емоціями і ще міцнішою вірою в нашу перемогу ми повернемось в Україну. 23:30-02:00 – Прибуття у Львів . До нових зустрічей!",432
https://travelroom.lviv.ua/tour/109/,Тур на VІ етап Кубка світу 2024/2025 з біатлону в Італію (Ангольц-Антерсельва),1,Львів,Рекомендуємо екскурсію «Магія Будапешту» (30€),"Львів. 05:30 – виїзд зі Львова. Проходження кордону. Переїзд територією Угорщини. Прибуття в Будапешт. Рекомендуємо екскурсію «Магія Будапешту» (30€) – прогулянка на кораблику під тихий шепіт хвиль Дунаю, вальси Штрауса і келихом шампанського. Нічний переїзд в Італію.",268
https://travelroom.lviv.ua/tour/109/,Тур на VІ етап Кубка світу 2024/2025 з біатлону в Італію (Ангольц-Антерсельва),2,Переїзд по території Австрії та Італії,,Переїзд по території Австрії та Італії. Трансфер на змагання. Відвідання етапу Кубка Світу з біатлону сезону 2024/25 в Антгольц-Антерсельві. 14:30 – Спринт. Чоловіки Трансфер в готель . Поселення і ночівля в готелі.,215
https://travelroom.lviv.ua/tour/109/,Тур на VІ етап Кубка світу 2024/2025 з біатлону в Італію (Ангольц-Антерсельва),3,Сніданок,Рекомендуємо програму «В обіймах Доломітовових Альп» (45€),"Сніданок. Рекомендуємо програму «В обіймах Доломітовових Альп» (45€) – на висоті 1500 метрів у затишку тисячолітніх лісів розташувалось озеро Браєс. Це поїздка на топову інста-локацію, куди поспішають усі блогери та поціновувачі краси для приголомшливих фото. А в холодну пору року, коли вода озера скована льодом, а ліс і гори покриті білосніжним снігом, це місце перетворюється на справжню зимову казку (коли замерзає Браєс ми додатково відвідуємо озеро Добб яко). Місце спокою, місце сили, місце гармонії. Трансфер на змагання. Відвідання етапу Кубка Світу з біатлону сезону 2024/25 в Антгольц-Ант",600
https://travelroom.lviv.ua/tour/109/,Тур на VІ етап Кубка світу 2024/2025 з біатлону в Італію (Ангольц-Антерсельва),4,Сніданок,,Сніданок. Виселення з готелю. 08:00 – Трансфер на змагання. Відвідання етапу Кубка Світу з біатлону сезону 2024/25 в Антгольц-Антерсельві. 12:05 – Естафета. Жінки 14:45 – Гонка-переслідування. Чоловіки 19:00 – Виїзд з Антгольц-Антерсельви. Повернення в Україну. Нічний переїзд.,277
https://travelroom.lviv.ua/tour/109/,Тур на VІ етап Кубка світу 2024/2025 з біатлону в Італію (Ангольц-Антерсельва),5,Прибуття у Львів орієнтовно о 18:00 – 20:00,,Прибуття у Львів орієнтовно о 18:00 – 20:00. До нових зустрічей!,64