ID ТУРУ,НАЗВА ТУРУ,ОСНОВНИЙ НАПРЯМОК,% ВІДХИЛЕННЯ ВІД МЕДІАНИ,ЗАГАЛЬНИЙ VALUE SCORE,ДЖЕРЕЛО,VALUE SCORE EUROTRIPS,VALUE SCORE COMPETITORS,,,X_line,Y_line,,X_line,Y_line
EUR-1,Адріатичне море Італії (3 ночі),Італія,"-0,28","0,53",EUROTRIPS,"0,53",,"0,03",,"0,03","-0,89",,"-0,59","0,66"
EUR-2,Вікенд у Амстердамі,Нідерланди,"-0,17","0,65",EUROTRIPS,"0,65",,"0,66",,"0,03","0,87",,"3,66","0,66"
EUR-3,Балтійський круїз БЕЗ НІЧНИХ,Латвія,"0,00","0,80",EUROTRIPS,"0,80",,,,,,,,
EUR-4,Венеція без нічних,Італія,"-0,09","0,76",EUROTRIPS,"0,76",,,,,,,,
EUR-5,Вікенд у Відні + Зальцбург,Австрія,"0,15","0,73",EUROTRIPS,"0,73",,,,,,,,
EUR-6,Будапешт – Відень,Угорщина,"-0,06","0,72",EUROTRIPS,"0,72",,,,,,,,
EUR-7,Вікенд у Трансильванії + Трансфагараш,Румунія,"-0,38","0,57",EUROTRIPS,"0,57",,,,,,,,
EUR-8,Вікенд у Венеції,Італія,"-0,56","0,42",EUROTRIPS,"0,42",,,,,,,,
EUR-9,Вихідні у Празі + Дрезден,Чехія,"-0,35","0,56",EUROTRIPS,"0,56",,,,,,,,
EUR-10,Вікенд у Празі + Дрезден БЕЗ НІЧНИХ,Чехія,"0,00","0,75",EUROTRIPS,"0,75",,,,,,,,
EUR-11,Вікенд у Трансильванії + Бухарест,Румунія,"-0,01","0,73",EUROTRIPS,"0,73",,,,,,,,
EUR-12,Італійські різдвяні ярмарки,Італія,"-0,32","0,58",EUROTRIPS,"0,58",,,,,,,,
EUR-13,Канікули в Барселоні,Іспанія,"-0,21","0,56",EUROTRIPS,"0,56",,,,,,,,
EUR-14,Канікули в Енерджиландії + Краків БЕЗ НІЧНИХ,Польща,"-0,12","0,73",EUROTRIPS,"0,73",,,,,,,,
EUR-15,Краків Закопане Морське Око БЕЗ НІЧНИХ,Польща,"-0,33","0,67",EUROTRIPS,"0,67",,,,,,,,
EUR-16,Найкращі пляжі Європи,Франція,"0,13","0,62",EUROTRIPS,"0,62",,,,,,,,
EUR-17,Мілан — Комо — Альпи,Італія,"-0,35","0,64",EUROTRIPS,"0,64",,,,,,,,
EUR-18,Морська Італія (7 ночей на Лідо-ді-Єзоло),Італія,"0,63","0,36",EUROTRIPS,"0,36",,,,,,,,
EUR-19,Новий рік у Кракові БЕЗ НІЧНИХ,Польща,"-0,12","0,73",EUROTRIPS,"0,73",,,,,,,,
EUR-20,Новий рік у Мілані,Італія,"-0,32","0,58",EUROTRIPS,"0,58",,,,,,,,
EUR-21,Вікенд у Будапешті + Відень,Угорщина,"-0,32","0,63",EUROTRIPS,"0,63",,,,,,,,
EUR-22,Новий рік у Венеції БЕЗ НІЧНИХ,Італія,"-0,09","0,76",EUROTRIPS,"0,76",,,,,,,,
EUR-23,Новий рік у Римі,Італія,"-0,03","0,63",EUROTRIPS,"0,63",,,,,,,,
EUR-24,Париж + Нормандія,Франція,"0,11","0,65",EUROTRIPS,"0,65",,,,,,,,
EUR-25,Мон-Сен-Мішель – Париж – Брюссель,Франція,"0,28","0,64",EUROTRIPS,"0,64",,,,,,,,
EUR-26,Південна Італія,Італія,"0,17","0,63",EUROTRIPS,"0,63",,,,,,,,
EUR-27,Пікнік в Альпах + Гальштат,Австрія,"-0,20","0,65",EUROTRIPS,"0,65",,,,,,,,
EUR-28,Прага-Відень-Будапешт,Чехія,"0,00","0,86",EUROTRIPS,"0,86",,,,,,,,
EUR-29,Римські канікули,Італія,"-0,17","0,62",EUROTRIPS,"0,62",,,,,,,,
EUR-30,Різдвяний вікенд у Кракові БЕЗ НІЧНИХ,Польща,"-0,12","0,73",EUROTRIPS,"0,73",,,,,,,,
EUR-31,Скандинавія + Язик Троля,Норвегія,"0,09","0,68",EUROTRIPS,"0,68",,,,,,,,
EUR-32,Сонце Море Барселона,Іспанія,"0,15","0,54",EUROTRIPS,"0,54",,,,,,,,
EUR-33,Сонячна Греція: Simeon,Греція,"0,46","0,41",EUROTRIPS,"0,41",,,,,,,,
EUR-34,Сонячна Греція: Asteris Village,Греція,"-0,09","0,61",EUROTRIPS,"0,61",,,,,,,,
EUR-35,Стамбул,Туреччина,"0,00","0,68",EUROTRIPS,"0,68",,,,,,,,
EUR-36,Вікенд у Будапешті + Відень,Австрія,"-0,45","0,53",EUROTRIPS,"0,53",,,,,,,,
EUR-37,Хелловін у Трансильванії + Бухарест,Румунія,"-0,19","0,63",EUROTRIPS,"0,63",,,,,,,,
EUR-38,Чорногорія: де море торкається гір,Чорногорія,"0,09","0,60",EUROTRIPS,"0,60",,,,,,,,
EUR-39,Швейцарія,Швейцарія,"-0,27","0,70",EUROTRIPS,"0,70",,,,,,,,
ACC-1,Амурний тиждень в Амстердамі і Парижі!!!,Нідерланди,"0,10","0,79",COMPETITOR,,"0,79",,,,,,,
ACC-2,"Три щасливих смайлика: Амстердам, Париж, Рим + Лазурове узбережжя!",Франція,"0,40","0,56",COMPETITOR,,"0,56",,,,,,,
ACC-3,Мільйон посмішок... або 4 дні в Амстердамі!,Нідерланди,"0,35","0,64",COMPETITOR,,"0,64",,,,,,,
ACC-4,"Вояж в Париж  Нормандія, Замки Луари + Люксембург",Франція,"0,16","0,81",COMPETITOR,,"0,81",,,,,,,
ACC-5,"Париж, квіти..... і Компліменти!  Амстердам, Брюссель, Париж, Люксембург, Кельн",Франція,"0,65","0,58",COMPETITOR,,"0,58",,,,,,,
ACC-6,Три дні в Парижі + Діснейленд,Франція,"-0,20","0,70",COMPETITOR,,"0,70",,,,,,,
ACC-7,Амурні пригоди в Амстердамі і Парижі!!!,Нідерланди,"0,08","0,80",COMPETITOR,,"0,80",,,,,,,
ACC-8,Амстердам та Париж... запалив та привабив...,Нідерланди,"-0,06","0,74",COMPETITOR,,"0,74",,,,,,,
ACC-9,"Яскравий Бенілюкс: Нідерланди, Бельгія та Люксембург!",Бельгія,"0,21","0,70",COMPETITOR,,"0,70",,,,,,,
ACC-10,"Французький Каприз   4 дні в Парижі + Нормандія, долина Луари, Мон-Сен-Мішель!",Франція,"0,18","0,80",COMPETITOR,,"0,80",,,,,,,
ACC-11,"Вітаю, милий Амстердам!",Нідерланди,"0,22","0,70",COMPETITOR,,"0,70",,,,,,,
ACC-12,"Бонжур Лямур або 3 дні в Парижі! ...Париж, Діснейленд та Люксембург...",Франція,"0,06","0,81",COMPETITOR,,"0,81",,,,,,,
ACC-13,Любовне зізнання: Відень + Прага!,Чехія,"0,23","0,69",COMPETITOR,,"0,69",,,,,,,
ACC-14,"Бонжорно, Італія + Швейцарія!",Італія,"0,09","0,83",COMPETITOR,,"0,83",,,,,,,
ACC-15,"Дивовижний світ  4 дні в Швейцарії Женева, Берн, Люцерн + Монблан",Швейцарія,"0,15","0,80",COMPETITOR,,"0,80",,,,,,,
ACC-16,Святкова Прага!!! Виїзд з Києва,Чехія,"0,23","0,65",COMPETITOR,,"0,65",,,,,,,
ACC-17,Прикольними містами: Дрезден + Прага + Брно + Краків!!!,Чехія,"0,00","0,85",COMPETITOR,,"0,85",,,,,,,
ACC-18,"Мюнхен і компанія: Краків, Прага, Відень!",Німеччина,"0,03","0,81",COMPETITOR,,"0,81",,,,,,,
ACC-19,"Душевний Вікенд   Краків, Прага, Відень, Будапешт + Егер ",Австрія,"-0,18","0,75",COMPETITOR,,"0,75",,,,,,,
ACC-20,"Відень, я вже їду!",Австрія,"0,01","0,79",COMPETITOR,,"0,79",,,,,,,
ACC-21,Французька для початківців  Париж+ Діснейленд,Франція,"-0,32","0,64",COMPETITOR,,"0,64",,,,,,,
ACC-22,"Вікенд на трьох!  Краків, Відень, Будапешт",Польща,"0,14","0,76",COMPETITOR,,"0,76",,,,,,,
ACC-23,Секрети смаку: вся Швейцарія + Зальцбург та Відень!!!,Швейцарія,"0,11","0,79",COMPETITOR,,"0,79",,,,,,,
ACC-24,"Альпійська симфонія   Цюрих, Женева, Берн + Монблан",Швейцарія,"0,16","0,80",COMPETITOR,,"0,80",,,,,,,
ACC-25,"В гостях у Швейцарії   Цюрих, Женева, Берн + Монблан",Швейцарія,"0,30","0,77",COMPETITOR,,"0,77",,,,,,,
ACC-26,Празький вогник!,Чехія,"0,34","0,64",COMPETITOR,,"0,64",,,,,,,
ACC-27,Вікенд в Краків!,Польща,"-0,05","0,75",COMPETITOR,,"0,75",,,,,,,
ACC-28,Барселона – Королева Півдня,Іспанія,"-0,26","0,70",COMPETITOR,,"0,70",,,,,,,
ACC-29,Сонячний поцілунок Барселони,Іспанія,"-0,32","0,60",COMPETITOR,,"0,60",,,,,,,
ACC-30,"Шедеври Франції  Етрета, Мон Сан Мішель, Замки Луари",Франція,"0,25","0,76",COMPETITOR,,"0,76",,,,,,,
ACC-31,"Все, про що мрію, — це Париж! Je t'aime, mon cher Paris!",Франція,"0,38","0,72",COMPETITOR,,"0,72",,,,,,,
ACC-32,Краківський Вояж!,Польща,"-0,16","0,71",COMPETITOR,,"0,71",,,,,,,
ACC-33,Вікенд в Берліні!,Німеччина,"-0,37","0,55",COMPETITOR,,"0,55",,,,,,,
ACC-34,Кастаньєти іспанського серця  3 дні в Барселоні,Іспанія,"0,03","0,82",COMPETITOR,,"0,82",,,,,,,
ACC-35,"Закохані в Париж Діснейленд, Нормандія + Страсбург...",Франція,"-0,31","0,68",COMPETITOR,,"0,68",,,,,,,
ACC-36,Апельсиновий рай  відпочинок на морі Іспанії та Франції + Швейцарія!!!,Іспанія,"-0,09","0,74",COMPETITOR,,"0,74",,,,,,,
ACC-37,Пристрасть по-іспанськи! Відпочинок на морі!,Іспанія,"0,15","0,76",COMPETITOR,,"0,76",,,,,,,
ACC-38,"Романтичний Париж!   Страсбург, Кольмар, Нюрнберг",Франція,"0,09","0,83",COMPETITOR,,"0,83",,,,,,,
ACC-39,"Атмосфера свята  Франція та Швейцарія  Париж, Цюріх, Люцерн",Франція,"-0,03","0,84",COMPETITOR,,"0,84",,,,,,,
ACC-40,"Розкішна подорож  Франція та Швейцарія  Париж, Нормандія, Берн, Цюріх, Люцерн",Швейцарія,"0,17","0,79",COMPETITOR,,"0,79",,,,,,,
ACC-41,Іспанська сієста... Відпочинок на морі!,Іспанія,"0,10","0,69",COMPETITOR,,"0,69",,,,,,,
ACC-42,"Любов і голуби… Париж, Франкфурт, Дрезден і Прага!!!",Франція,"-0,06","0,80",COMPETITOR,,"0,80",,,,,,,
ACC-43,Французький настрій в Парижі та Діснейленді!,Франція,"-0,25","0,70",COMPETITOR,,"0,70",,,,,,,
ACC-44,В Привабливому Парижі + Мюнхен та Діснейленд!!!,Франція,"-0,25","0,66",COMPETITOR,,"0,66",,,,,,,
ACC-45,Казкова Прага + Дрезден,Чехія,"-0,18","0,76",COMPETITOR,,"0,76",,,,,,,
ACC-46,Маленька французька подорож Париж та Діснейленд,Франція,"-0,44","0,61",COMPETITOR,,"0,61",,,,,,,
ACC-47,В повному шоколаді... або 2 дні в Швейцарії!,Швейцарія,"-0,07","0,83",COMPETITOR,,"0,83",,,,,,,
ACC-48,В полоні Парижа  Діснейленд + Ельзас+ Швейцарія,Франція,"-0,23","0,70",COMPETITOR,,"0,70",,,,,,,
ACC-49,"Фантастична четвірка: Амстердам, Брюссель, Люксембург та Берлін!",Нідерланди,"-0,02","0,81",COMPETITOR,,"0,81",,,,,,,
ACC-50,Бельгія для гурманів або 2 дні в Брюсселі!,Бельгія,"-0,01","0,81",COMPETITOR,,"0,81",,,,,,,
ACC-51,"Лайк там, де Амстердам!",Нідерланди,"-0,40","0,55",COMPETITOR,,"0,55",,,,,,,
ACC-52,"Вікенд в Швейцарію або Фондю для двох!  Берн, Цюріх, Люцерн, Інтерлакен, Гріндельвальд",Швейцарія,"-0,08","0,76",COMPETITOR,,"0,76",,,,,,,
ACC-53,"Зустрінемось в Амстердамі + парк ""Кекенхоф"" і парк розваг Ефтелінг!!!",Нідерланди,"0,03","0,80",COMPETITOR,,"0,80",,,,,,,
ACC-54,"Магія Парижа  Діснейленд, замок Нойшвайнштайн, долина Вахау",Франція,"-0,01","0,77",COMPETITOR,,"0,77",,,,,,,
ACC-55,"Вихідні в Словаччині   Термали, гори і релакс...",Словаччина,"0,00","0,80",COMPETITOR,,"0,80",,,,,,,
ACC-56,"Відпочинок на висоті Швейцарія, Баварія, Австрія  Острів Майнау, Замок Нойшвайнштайн, Світ Сваровскі...",Швейцарія,"0,12","0,81",COMPETITOR,,"0,81",,,,,,,
ACC-57,"Мої найкращі друзі    Амстердам, Брюсель, Париж",Нідерланди,"0,23","0,78",COMPETITOR,,"0,78",,,,,,,
ACC-58,"Дефіле для романтиків: Прага, Мілан, Венеція",Італія,"-0,32","0,62",COMPETITOR,,"0,62",,,,,,,
ACC-59,Знайомство з Казанова! Відень+Верона+Венеція,Італія,"-0,16","0,74",COMPETITOR,,"0,74",,,,,,,
ACC-60,"Коротке побачення в Італії: Верона, Мілан, Венеція",Італія,"0,01","0,81",COMPETITOR,,"0,81",,,,,,,
ACC-61,Солодкий круасан - Париж,Франція,"-0,33","0,64",COMPETITOR,,"0,64",,,,,,,
ACC-62,"Happy days або 5 столиць!!! ...Берлін, Прага, Відень, Будапешт та Варшава...",Німеччина,"-0,01","0,78",COMPETITOR,,"0,78",,,,,,,
ACC-63,"Французький реверанс  Париж, Нормандія, Мон-Сен-Мішель, Аквітанія, Замки Луари, Ельзас",Франція,"0,78","0,56",COMPETITOR,,"0,56",,,,,,,
ACC-64,"Яскраві нотки Італії: 2 дні в Римі + Флоренція, Венеція",Італія,"-0,14","0,67",COMPETITOR,,"0,67",,,,,,,
ACC-65,"Сто причин любити Італію, і перша - Рим! Флоренція + Венеція!",Італія,"0,36","0,69",COMPETITOR,,"0,69",,,,,,,
ACC-66,"Моя Португалія  Лісабон, Порту, Сінтра, Мадрид, Барселона, Ніцца, Монако!",Португалія,"-0,33","0,56",COMPETITOR,,"0,56",,,,,,,
ACC-67,"Швейцарський вікенд + Баварія Цюріх, Люцерн + Мюнхен та Відень",Швейцарія,"-0,44","0,60",COMPETITOR,,"0,60",,,,,,,
ACC-68,Мій Італійський вікенд: Венеція+Верона,Італія,"-0,53","0,48",COMPETITOR,,"0,48",,,,,,,
ACC-69,Вікенд в Доломітах: озеро Блед+озеро Мольвено+Венеція,Італія,"-0,35","0,65",COMPETITOR,,"0,65",,,,,,,
ACC-70,Заряд бадьорості: Доломітові Альпи+Адріатичне море Італії,Італія,"-0,07","0,76",COMPETITOR,,"0,76",,,,,,,
ACC-71,Знайомтесь - Німеччина: Берлін + Потсдам + Дрезден + Саксонська Швейцарія,Німеччина,"-0,11","0,75",COMPETITOR,,"0,75",,,,,,,
ACC-72,"Кращі коліжанки Чеського королівства + SPA релакс  Прага, Дрезден, Карлові Вари",Чехія,"0,17","0,76",COMPETITOR,,"0,76",,,,,,,
ACC-73,"Вихідні в Італії  Флоренція, Рим, Венеція",Італія,"-0,27","0,67",COMPETITOR,,"0,67",,,,,,,
ACC-74,Особливий вікенд: Любляна + Венеція,Італія,"-0,32","0,71",COMPETITOR,,"0,71",,,,,,,
ACC-75,"Соковитий вікенд: Верона, Рим, Венеція!",Італія,"-0,25","0,64",COMPETITOR,,"0,64",,,,,,,
ACC-76,Під прапором Греції... Салоніки + Метеори + Афіни + Дельфи,Греція,"0,18","0,68",COMPETITOR,,"0,68",,,,,,,
ACC-77,Любовне зізнання: Відень + Прага!,Австрія,"0,23","0,69",COMPETITOR,,"0,69",,,,,,,
ACC-78,"Мелодії Альп... Швейцарія, Баварія, Австрія +Майнау –острів весняних мрій...",Швейцарія,"-0,19","0,77",COMPETITOR,,"0,77",,,,,,,
ACC-79,"Чао, Італія! 2 дні в Римі + Флоренція і Венеція!",Італія,"0,21","0,74",COMPETITOR,,"0,74",,,,,,,
ACC-80,Секрет вічності… Рим + Флоренція і Венеція,Італія,"0,00","0,71",COMPETITOR,,"0,71",,,,,,,
ACC-81,"Таємнича Греція:  Салоніки, Афіни, Метеори",Греція,"-0,17","0,61",COMPETITOR,,"0,61",,,,,,,
ACC-82,"Скажемо «чііііз» в Італії: 3 дні в Римі + Неаполь, Флоренція і Венеція",Італія,"0,31","0,66",COMPETITOR,,"0,66",,,,,,,
ACC-83,"Завжди на висоті... Італія! Флоренція, Рим, Венеція + Доломітові Альпи",Італія,"0,31","0,69",COMPETITOR,,"0,69",,,,,,,
ACC-84,Грація Північної Італії,Італія,"0,47","0,63",COMPETITOR,,"0,63",,,,,,,
ACC-85,Пригоди невгамовних або ще більше Італії + Сан-Марино,Італія,"0,64","0,57",COMPETITOR,,"0,57",,,,,,,
ACC-86,Найкращі хвилини в Італії!,Італія,"-0,09","0,83",COMPETITOR,,"0,83",,,,,,,
ACC-87,"Стильна Італія... Трієст, Мілан, озеро Комо, Верона!",Італія,"0,17","0,73",COMPETITOR,,"0,73",,,,,,,
ACC-88,"Вікенд на трьох! Краків, Відень, Будапешт",Австрія,"-0,16","0,76",COMPETITOR,,"0,76",,,,,,,
ACC-89,"Мелодії Альп...  Швейцарія, Баварія, Австрія...",Швейцарія,"-0,19","0,77",COMPETITOR,,"0,77",,,,,,,
ACC-90,Італійська пригода: 2 дні в Римі + Адріатичне узбережжя,Італія,"0,06","0,75",COMPETITOR,,"0,75",,,,,,,
ACC-91,https://www.accordtour.com/tours/660106/tab/tab_price/tour_date/2026-04-29/cls_number_adult_cnt/%7B1:1%7D/cls_number_child_age/%7B%7D/tour_include_ins/true,Італія,"-0,49","0,77",COMPETITOR,,"0,77",,,,,,,
ACC-92,Ритми моди:Париж+Мілан,Італія,"0,44","0,62",COMPETITOR,,"0,62",,,,,,,
ACC-93,Фіорди Півночі!!!,Норвегія,"0,06","0,73",COMPETITOR,,"0,73",,,,,,,
ACC-94,Вихідні в Ельзасі + Швейцарія,Швейцарія,"-0,17","0,74",COMPETITOR,,"0,74",,,,,,,
ACC-95,"Мікс щасливих емоцій  Ніцца, Монако, Портофіно",Італія,"-0,39","0,66",COMPETITOR,,"0,66",,,,,,,
ACC-96,Три щасливі дні  Прага + Дрезден,Чехія,"-0,04","0,79",COMPETITOR,,"0,79",,,,,,,
ACC-97,Французький поцілунок!!!,Франція,"-0,30","0,66",COMPETITOR,,"0,66",,,,,,,
ACC-98,Вікенд з видом на море: Венеція + відпочинок на Адріатичному морі Італії,Італія,"-0,52","0,48",COMPETITOR,,"0,48",,,,,,,
ACC-99,В хорошому настрої:  Салоніки + Метеори + відпочинок на Егейському морі,Греція,"-0,42","0,50",COMPETITOR,,"0,50",,,,,,,
ACC-100,Натхненний вікенд в Трансільванії...,Румунія,"0,06","0,86",COMPETITOR,,"0,86",,,,,,,
ACC-101,Вище неба: відпочинок у Доломітових Альпах Італії,Італія,"0,13","0,65",COMPETITOR,,"0,65",,,,,,,
ACC-102,"Лазурові пригоди  Ніцца, Монако, Канни, Прованс",Франція,"-0,07","0,74",COMPETITOR,,"0,74",,,,,,,
ACC-103,"Олімпійський привіт: Салоніки, Афіни, Метеори",Греція,"-0,22","0,59",COMPETITOR,,"0,59",,,,,,,
ACC-104,"Там, де Північ зустрічається з Півднем… Амстердам+Мілан+Венеція!",Нідерланди,"-0,02","0,73",COMPETITOR,,"0,73",,,,,,,
ACC-105,"Лазурова відпустка  Ніцца, Канни, Монако, Сан Ремо, Портофіно",Італія,"0,42","0,64",COMPETITOR,,"0,64",,,,,,,
ACC-106,Яскраві враження.... Амстердам та Париж...,Франція,"0,13","0,73",COMPETITOR,,"0,73",,,,,,,
ACC-107,"Рим притягує нас!  Відень, Флоренція та Венеція",Італія,"-0,11","0,79",COMPETITOR,,"0,79",,,,,,,
ACC-108,"Швейцарська казка  Цюріх, Берн, Женева + Монблан",Швейцарія,"0,00","0,85",COMPETITOR,,"0,85",,,,,,,
ACC-109,"Швейцарська інтрига  Австрія, Італія та Доломітові Альпи",Швейцарія,"0,02","0,84",COMPETITOR,,"0,84",,,,,,,
ACC-110,"Віденський експрес!  Краків, Відень, Будапешт",Австрія,"-0,44","0,64",COMPETITOR,,"0,64",,,,,,,
ACC-111,Вічна класика: Салоніки + Афіни + Метеори,Греція,"-0,27","0,58",COMPETITOR,,"0,58",,,,,,,
ACC-112,Перше побачення в Греції:  Салоніки + Олімп + Метеори + Грецькі Альпи,Греція,"-0,50","0,48",COMPETITOR,,"0,48",,,,,,,
ACC-113,Наш красивий вікенд!,Угорщина,"0,43","0,69",COMPETITOR,,"0,69",,,,,,,
ACC-114,Іспанія – горда квітка Півдня  Відпочинок на морі,Іспанія,"-0,19","0,71",COMPETITOR,,"0,71",,,,,,,
ACC-115,Літня відпустка під іспанськими вітрилами  Відпочинок на морі,Іспанія,"0,14","0,75",COMPETITOR,,"0,75",,,,,,,
ACC-116,"Сонячна відпустка:  Трієст, Мілан, Генуя і Венеція",Італія,"0,05","0,83",COMPETITOR,,"0,83",,,,,,,
ACC-117,Випускний в Італії: 2 дні в Римі + відпочинок на морі,Італія,"0,06","0,75",COMPETITOR,,"0,75",,,,,,,
ACC-118,"Париж в моді, при любій погоді!",Франція,"-0,01","0,73",COMPETITOR,,"0,73",,,,,,,
ACC-119,"Мрії в подарунок…  Егер, Відень і Будапешт!",Угорщина,"0,06","0,84",COMPETITOR,,"0,84",,,,,,,
ACC-120,Естетика півдня: Амальфітанське узбережжя + Рим,Італія,"0,57","0,59",COMPETITOR,,"0,59",,,,,,,
ACC-121,"Love is...Венеція і Париж! + Діснейленд, Верона та Мілан...",Італія,"0,00","0,76",COMPETITOR,,"0,76",,,,,,,
ACC-122,Must seе - Amsterdam або 2 дні в Амстердамі!,Нідерланди,"-0,21","0,64",COMPETITOR,,"0,64",,,,,,,
ACC-123,Мій маленький рай - Чорногорія!,Чорногорія,"-0,08","0,63",COMPETITOR,,"0,63",,,,,,,
ACC-124,Балканська красуня - Чорногорія!  Відпочинок на Адріатичному узбережжі...,Чорногорія,"0,00","0,76",COMPETITOR,,"0,76",,,,,,,
ACC-125,Швейцарське фондю: вся Швейцарія і Австрія!!!,Швейцарія,"0,53","0,66",COMPETITOR,,"0,66",,,,,,,
ACC-126,У ритмі літа... Відпочинок на Адріатичному морі Італії,Італія,"0,06","0,60",COMPETITOR,,"0,60",,,,,,,
ACC-127,Моя морська насолода!  Відпочинок на Адріатичному морі Італії!,Італія,"0,37","0,58",COMPETITOR,,"0,58",,,,,,,
ACC-128,Куточок морського раю… відпочинок на Лігурійському узбережжі Італії,Італія,"0,67","0,45",COMPETITOR,,"0,45",,,,,,,
ACC-129,Відпустка на морі: відпочинок на Адріатичному узбережжя Італії,Італія,"0,58","0,50",COMPETITOR,,"0,50",,,,,,,
ACC-130,Я і море - це amore: 3 ночі на узбережжі Адріатичного моря Італії,Італія,"-0,18","0,55",COMPETITOR,,"0,55",,,,,,,
ACC-131,"Скандинавський бум: Стокгольм, Осло, Копенгаген!  3 столиці Скандинавії!",Данія,"0,00","0,79",COMPETITOR,,"0,79",,,,,,,
ACC-132,Підкоренні красою… Скандинавія і Фйорди!,Норвегія,"0,33","0,60",COMPETITOR,,"0,60",,,,,,,
ACC-133,Цікаві вихідні в Трансільванії,Румунія,"0,10","0,84",COMPETITOR,,"0,84",,,,,,,
ACC-134,Серце Адріатики... Чорногорія + Хорватія,Чорногорія,"-0,03","0,75",COMPETITOR,,"0,75",,,,,,,
ACC-135,Морський бриз Чорногорії,Чорногорія,"-0,32","0,55",COMPETITOR,,"0,55",,,,,,,
ACC-136,Палкий тиждень в Іспанії,Іспанія,"-0,03","0,71",COMPETITOR,,"0,71",,,,,,,
ACC-137,Незнайомка з Півдня... Італія,Італія,"0,79","0,48",COMPETITOR,,"0,48",,,,,,,
ACC-138,"Казки Балтійського моря  Стокгольм, Рига, Таллінн",Естонія,"-0,10","0,73",COMPETITOR,,"0,73",,,,,,,
ACC-139,Спокій Адріатики  Відпочинок на морі в Чорногорії,Чорногорія,"-0,22","0,59",COMPETITOR,,"0,59",,,,,,,
ACC-140,Курортний Роман  Відпочинок на морі Іспанії  Швейцарія + Іспанія + Франція,Іспанія,"0,50","0,60",COMPETITOR,,"0,60",,,,,,,
ACC-141,Серенада південного сонця  Іспанія + Швейцарія   Відпочинок на морі,Іспанія,"0,69","0,53",COMPETITOR,,"0,53",,,,,,,
ACC-142,"«Релакс» по-італійськи: Амальфітанське узбережжя + Рим, Флоренція і Венеція!",Італія,"0,70","0,48",COMPETITOR,,"0,48",,,,,,,
ACC-143,Вікенд у Будапешт! + Відень!,Угорщина,"-0,44","0,50",COMPETITOR,,"0,50",,,,,,,
ACC-144,"Жага пригод  Амстердам, Париж + Діснейленд",Нідерланди,"-0,11","0,73",COMPETITOR,,"0,73",,,,,,,
ACC-145,Мої зимові пригоди в Італії: відпочинок в Доломітових Альпах,Італія,"0,11","0,68",COMPETITOR,,"0,68",,,,,,,
ACC-146,Східний хіт - Істанбул!,Молдова,"0,27","0,54",COMPETITOR,,"0,54",,,,,,,
ACC-147,Шалене серце або дорога до улюблених місць...,Болгарія,"-0,11","0,77",COMPETITOR,,"0,77",,,,,,,
ACC-148,Захоплюючий вікенд… + Трансфегераш,Румунія,"0,11","0,83",COMPETITOR,,"0,83",,,,,,,
ACC-149,Побачення з вампіром!!! Бухарест+Брашов,Румунія,"-0,17","0,69",COMPETITOR,,"0,69",,,,,,,
ACC-150,"Там, де сонце торкається гірських вершин…",Румунія,"0,67","0,50",COMPETITOR,,"0,50",,,,,,,
ACC-151,Вікенд з родзинкою… Замок Корвінів + Турда!,Румунія,"0,02","0,81",COMPETITOR,,"0,81",,,,,,,
ACC-152,У компанії з морем: Відпочинок на Егейському узбережжі,Греція,"-0,38","0,48",COMPETITOR,,"0,48",,,,,,,
ACC-153,"Посмішка Кармен! Любляна, Мілан, Барселона, Ніцца та Венеція!",Іспанія,"-0,12","0,73",COMPETITOR,,"0,73",,,,,,,
ACC-154,Моя гірська симфонія...,Греція,"-0,26","0,73",COMPETITOR,,"0,73",,,,,,,
ACC-155,"Таємничий вікенд... Невермор, Дракула, Бухарест...",Румунія,"0,51","0,57",COMPETITOR,,"0,57",,,,,,,
ACC-156,Солодкі дотики моря... Греція! Відпочинок на Егейському морі!,Греція,"0,03","0,62",COMPETITOR,,"0,62",,,,,,,
ACC-157,Сонячна розкіш Чорногорія + Хорватія Відпочинок на морі в Чорногорії,Чорногорія,"0,15","0,70",COMPETITOR,,"0,70",,,,,,,
ACC-158,Приємний вікенд  Прага + Дрезден,Чехія,"-0,39","0,60",COMPETITOR,,"0,60",,,,,,,
ACC-159,Празьке дежавю  Прага та Відень,Чехія,"-0,33","0,67",COMPETITOR,,"0,67",,,,,,,
ACC-160,Неймовірні пригоди у Санта-Клауса,Фінляндія,"-0,11","0,72",COMPETITOR,,"0,72",,,,,,,
ACC-161,Полювання на вампірів,Румунія,"-0,09","0,71",COMPETITOR,,"0,71",,,,,,,
ACC-162,Подорож в Трансільванію…,Румунія,"0,67","0,54",COMPETITOR,,"0,54",,,,,,,
ACC-163,Ароматний вікенд…,Молдова,"-0,27","0,72",COMPETITOR,,"0,72",,,,,,,
ACC-164,Перше кохання... Прага,Чехія,"0,69","0,57",COMPETITOR,,"0,57",,,,,,,
ACC-165,Пікнічок в Амстердамі,Нідерланди,"-0,36","0,60",COMPETITOR,,"0,60",,,,,,,
ACC-166,Побачення в Парижі! + Мюнхен!,Франція,"0,24","0,75",COMPETITOR,,"0,75",,,,,,,
ACC-167,Вікенд в Бухаресті...,Румунія,"-0,18","0,66",COMPETITOR,,"0,66",,,,,,,
ACC-168,Максимум насолоди або моя бажана відпустка!!!,Албанія,"0,00","0,68",COMPETITOR,,"0,68",,,,,,,
ACC-169,Мій літній романс або який солодкий шум прибою... Албанія,Албанія,"-0,12","0,62",COMPETITOR,,"0,62",,,,,,,
ACC-170,"Канікули в Парижі +Страсбург  Діснейленд, Астерікс, Європа Парк",Франція,"0,08","0,83",COMPETITOR,,"0,83",,,,,,,
ACC-171,Вікенд в Будапешт! + Хевіз!,Угорщина,"-0,36","0,67",COMPETITOR,,"0,67",,,,,,,
ACC-172,"Схід, солодка любов моя... Туреччина + Греція",Греція,"-0,10","0,79",COMPETITOR,,"0,79",,,,,,,
ACC-173,Музика прибою: Відпочинок на Егейському морі Греції!,Греція,"-0,21","0,55",COMPETITOR,,"0,55",,,,,,,
ACC-174,Сієста у греків:  відпочинок на Егейському морі і Охридському озері,Греція,"0,21","0,66",COMPETITOR,,"0,66",,,,,,,
ACC-175,"Всі фарби Балкан  Албанія, Північна Македонія, Болгарія",Албанія,"-0,07","0,77",COMPETITOR,,"0,77",,,,,,,
ACC-176,Неймовірне знайомство... Македонія + Албанія,Албанія,"0,02","0,73",COMPETITOR,,"0,73",,,,,,,
ACC-177,Мій літній коктейль…  Тур з відпочинком на морі в Албанії…,Албанія,"0,30","0,63",COMPETITOR,,"0,63",,,,,,,
ACC-178,Аромат зі східними нотами...,Албанія,"-0,18","0,74",COMPETITOR,,"0,74",,,,,,,
ACC-179,Лапландія і Томтеленд - У світі Санта Клауса!,Фінляндія,"0,11","0,66",COMPETITOR,,"0,66",,,,,,,
ACC-180,Полуниця з Портвейном... Португалія,Португалія,"0,00","0,82",COMPETITOR,,"0,82",,,,,,,
ACC-181,Амстердам - ковток свободи,Нідерланди,"0,05","0,79",COMPETITOR,,"0,79",,,,,,,
ACC-182,"Веселий ярмарок...  Різдвяна Німеччина та Франція.  Дрезден, Нюрнберг, Страсбург, Кольмар, Прага",Німеччина,"0,13","0,80",COMPETITOR,,"0,80",,,,,,,
ACC-183,Без меж - Будапешт!  Виїзд  з Києва,Угорщина,"0,22","0,67",COMPETITOR,,"0,67",,,,,,,
ADR-1,Чеські перлини: 4 ночі в Празі + Дрезден  ,Чехія,"0,24","0,64",COMPETITOR,,"0,64",,,,,,,
ADR-2,"Рим прекрасний завжди...: 2 дні в Римі + Венеція, Флоренція  ",Італія,"-0,13","0,67",COMPETITOR,,"0,67",,,,,,,
ADR-3,Європейська мозаїка: Краків-Прага-Відень-Будапешт ,Австрія,"0,00","0,80",COMPETITOR,,"0,80",,,,,,,
ADR-4,Неймовірна Швейцарія та Ельзас!  ,Швейцарія,"-0,15","0,78",COMPETITOR,,"0,78",,,,,,,
ADR-5,"Італійський вікенд... Венеція, Флоренція, Рим  ",Італія,"-0,25","0,64",COMPETITOR,,"0,64",,,,,,,
ADR-6,Париж - місто кохання ,Франція,"-0,29","0,65",COMPETITOR,,"0,65",,,,,,,
ADR-7,«Австрійський хіт + Будапешт» ,Австрія,"-0,28","0,64",COMPETITOR,,"0,64",,,,,,,
ADR-8,"Богемські вихідні: 3 ночі в Празі + Дрезден, Карлові Вари, Чеський Крумлов  ",Чехія,"0,10","0,75",COMPETITOR,,"0,75",,,,,,,
ADR-9,Мікс вікенд: Будапешт + Відень  ,Австрія,"-0,47","0,53",COMPETITOR,,"0,53",,,,,,,
ADR-10,Так добре разом: Париж+ Бенілюкс  ,Франція,"0,38","0,68",COMPETITOR,,"0,68",,,,,,,
ADR-11,Містична Трансільванія  ,Румунія,"0,04","0,67",COMPETITOR,,"0,67",,,,,,,
ADR-12,"Смарагди Польщі: Морське Око, Закопане, Краків ",Польща,"0,03","0,75",COMPETITOR,,"0,75",,,,,,,
ADR-13,Вікенд в Трансільванії  ,Румунія,"-0,13","0,60",COMPETITOR,,"0,60",,,,,,,
ADR-14,"Прага - місто, яке обрало мене ",Чехія,"-0,15","0,71",COMPETITOR,,"0,71",,,,,,,
ADR-15,"Погляд в минуле: 3 дні в Римі + Помпеї, Неаполь  ",Італія,"0,32","0,68",COMPETITOR,,"0,68",,,,,,,
ADR-16,Який чудовий Краків + парк Енерджіландія  ,Польща,"0,00","0,77",COMPETITOR,,"0,77",,,,,,,
ADR-17,Прага - моє улюблене місто ,Чехія,"-0,19","0,66",COMPETITOR,,"0,66",,,,,,,
ADR-18,"О Рим, ти цілий світ! ",Італія,"0,05","0,80",COMPETITOR,,"0,80",,,,,,,
ADR-19,Зустрічаємось в Парижі + Мюнхен та Зальцбург ,Франція,"-0,02","0,81",COMPETITOR,,"0,81",,,,,,,
ADR-20,Веселі канікули: 3 дні в Парижі + Нормандія та Діснейленд!  ,Франція,"-0,14","0,72",COMPETITOR,,"0,72",,,,,,,
ADR-21,Румунія запрошує! Бухарест + замки Трансільванії  ,Румунія,"0,01","0,72",COMPETITOR,,"0,72",,,,,,,
ADR-22,Блискучий вікенд: Дрезден - Прага - Відень - Будапешт  ,Польща,"0,63","0,53",COMPETITOR,,"0,53",,,,,,,
ADR-23,Кращі з кращих: Відень-Зальцбург-Мюнхен  ,Австрія,"0,20","0,70",COMPETITOR,,"0,70",,,,,,,
ADR-24,Який чудовий цей Краків  ,Польща,"0,00","0,77",COMPETITOR,,"0,77",,,,,,,
ADR-25,Приємний вікенд: Краків-Прага-Відень-Будапешт  ,Австрія,"-0,23","0,60",COMPETITOR,,"0,60",,,,,,,
ADR-26,Париж - це пристрасть! Париж - це свято!»,Франція,"-0,11","0,70",COMPETITOR,,"0,70",,,,,,,
ADR-27,"Відпустка класу ""Люкс"" - країни БеНіЛюкс!  ",Нідерланди,"0,02","0,80",COMPETITOR,,"0,80",,,,,,,
ADR-28,Наш чудовий вікенд: Краків-Дрезден-Прага  ,Німеччина,"-0,17","0,73",COMPETITOR,,"0,73",,,,,,,
ADR-29,"Від краю до краю: Париж, Амстердам, Нормандія… ",Франція,"-0,04","0,75",COMPETITOR,,"0,75",,,,,,,
ADR-30,"Французький колорит: Париж, Страсбург та Діснейленд!  ",Франція,"0,00","0,85",COMPETITOR,,"0,85",,,,,,,
ADR-31,"Vive La France! Мон-Сен-Мішель, Луара та Нормандія! ",Франція,"0,11","0,79",COMPETITOR,,"0,79",,,,,,,
ADR-32,Гарно так: Париж + Цюрих! ,Франція,"0,00","0,85",COMPETITOR,,"0,85",,,,,,,
ADR-33,"Швейцарія для тебе... Гріндельвальд, Швейцарська Рів'єра, гора Пілатус + гора Монблан!  ",Швейцарія,"-0,04","0,87",COMPETITOR,,"0,87",,,,,,,
ADR-34,Вікенд в Швейцарію + Зальцбург та Прага! ,Швейцарія,"-0,24","0,73",COMPETITOR,,"0,73",,,,,,,
ADR-35,Побачення на двох - Венеція і Верона… ,Італія,"-0,55","0,47",COMPETITOR,,"0,47",,,,,,,
ADR-36,"Смак Тоскани: Флоренція, Сієна та Сан-Джиміньяно  ",Італія,"0,17","0,73",COMPETITOR,,"0,73",,,,,,,
ADR-37,Прекрасна - як мадонна! Донна Барселона!  ,Іспанія,"-0,20","0,66",COMPETITOR,,"0,66",,,,,,,
ADR-38,Австрійський вікенд: Відень - Зальцбург - Прага  ,Австрія,"0,18","0,71",COMPETITOR,,"0,71",,,,,,,
ADR-39,Міста для поцілунків: Відень-Венеція-Верона  ,Італія,"-0,12","0,71",COMPETITOR,,"0,71",,,,,,,
ADR-40,Незабутня відпустка в Німеччині  ,Чехія,"0,72","0,53",COMPETITOR,,"0,53",,,,,,,
ADR-41,Доломітові Альпи Італії: Відпочинок на вершині небес  ,Італія,"0,04","0,73",COMPETITOR,,"0,73",,,,,,,
ADR-42,"Краса без фільтрів: Зальцбург, Гальштат та озерний край Зальцкаммергут ",Австрія,"0,32","0,69",COMPETITOR,,"0,69",,,,,,,
ADR-43,Париж та Амстердам збирає друзів!  ,Нідерланди,"0,15","0,77",COMPETITOR,,"0,77",,,,,,,
ADR-44,Італія моя любов... Венеція-Мілан-Верона  ,Італія,"-0,43","0,55",COMPETITOR,,"0,55",,,,,,,
ADR-45,"Від Альп до пальм: 3 дні в Барселоні + Зальцбург, Цюрих ",Франція,"0,29","0,50",COMPETITOR,,"0,50",,,,,,,
ADR-46,Незабутні моменти в Доломітових Альпах  ,Австрія,"0,83","0,42",COMPETITOR,,"0,42",,,,,,,
ADR-47,"Альпійська розкіш: Словенія, Італія та Австрія  ",Угорщина,"0,83","0,47",COMPETITOR,,"0,47",,,,,,,
ADR-48,Привіт Париж! (3 дні в Парижі + Нормандія та Діснейленд ,Франція,"-0,11","0,67",COMPETITOR,,"0,67",,,,,,,
ADR-49,Подаруй собі Amsterdam  ,Нідерланди,"-0,03","0,72",COMPETITOR,,"0,72",,,,,,,
ADR-50,Селфі в Амстердамі ,Нідерланди,"-0,30","0,62",COMPETITOR,,"0,62",,,,,,,
ADR-51,Слідами вікінгів: Стокгольм + Осло  ,Норвегія,"-0,16","0,72",COMPETITOR,,"0,72",,,,,,,
ADR-52,"Ах, мій милий Амстердам… ",Нідерланди,"0,02","0,77",COMPETITOR,,"0,77",,,,,,,
ADR-53,Романтика Адріатики: Хорватія та Чорногорія  ,Хорватія,"0,11","0,66",COMPETITOR,,"0,66",,,,,,,
ADR-54,"Подорож Балканами: Хорватія, Чорногорія, Албанія, Македонія та Боснія і Герцеговина  ",Хорватія,"0,23","0,70",COMPETITOR,,"0,70",,,,,,,
ADR-55,"Ми в Ніццу, в Ніццу з вітерцем  ",Франція,"0,34","0,65",COMPETITOR,,"0,65",,,,,,,
ADR-56,Лазурна перлина - Ніцца  ,Франція,"0,34","0,54",COMPETITOR,,"0,54",,,,,,,
ADR-57,Тіроль - серце Альп ,Австрія,"0,70","0,54",COMPETITOR,,"0,54",,,,,,,
ADR-58,"Венеція - земля кохання і море чар… Портофіно, Мілан, озеро Комо  ",Італія,"0,05","0,76",COMPETITOR,,"0,76",,,,,,,
ADR-59,"Світ фантазій: Амстердам, Брюссель, Париж + парки розваг!  ",Нідерланди,"0,53","0,62",COMPETITOR,,"0,62",,,,,,,
ADR-60,"Земля фіордів, льодовиків... Норвегія... ",Норвегія,"-0,03","0,75",COMPETITOR,,"0,75",,,,,,,
ADR-61,"Італійський вікенд... Венеція, Флоренція, Рим ",Італія,"-0,27","0,63",COMPETITOR,,"0,63",,,,,,,
ADR-62,Вікенд в Берліні  ,Німеччина,"-0,17","0,73",COMPETITOR,,"0,73",,,,,,,
ADR-63,"Польськими містами - Краків, Вроцлав, Варшава + Енерджіландія, Африкаріум і аквапарк ",Польща,"0,29","0,69",COMPETITOR,,"0,69",,,,,,,
ADR-64,"Секрети півночі: Стокгольм, Копенгаген та Гамбурґ  ",Швеція,"0,83","0,46",COMPETITOR,,"0,46",,,,,,,
ADR-65,Європейський експрес - від Кракова до Берліна ,Німеччина,"-0,01","0,86",COMPETITOR,,"0,86",,,,,,,
ADR-66,"Три дні релаксу: Будапешт, Егер, Токай + Відень  ",Австрія,"-0,14","0,70",COMPETITOR,,"0,70",,,,,,,
ADR-67,Слідами таємниць і легенд: Вроцлав-Берлін-Дрезден  ,Німеччина,"-0,17","0,69",COMPETITOR,,"0,69",,,,,,,
ADR-68,Дрезден та Берлін - Живи і Подорожуй  ,Німеччина,"-0,17","0,73",COMPETITOR,,"0,73",,,,,,,
ADR-69,Італійські канікули на трьох морях ,Італія,"0,18","0,72",COMPETITOR,,"0,72",,,,,,,
ADR-70,Пригоди в Парижі + Кольмар та Страсбург!  ,Франція,"0,00","0,81",COMPETITOR,,"0,81",,,,,,,
ADR-71,Подорож до мрії: Париж та Діснейленд  ,Франція,"-0,23","0,70",COMPETITOR,,"0,70",,,,,,,
ADR-72,"Тур де Франс: Париж, Мон-Сен-Мішель, Луара та Нормандія! ",Франція,"0,30","0,76",COMPETITOR,,"0,76",,,,,,,
ADR-73,"Магія Скандинавії: Фіорди, Язик Троля, Берген, Льодовик!  ",Норвегія,"0,00","0,76",COMPETITOR,,"0,76",,,,,,,
ADR-74,Давай разом в Амстердам  ,Нідерланди,"-0,11","0,74",COMPETITOR,,"0,74",,,,,,,
ADR-75,Чорногорія - перлина Балканської Адріатики  ,Чорногорія,"0,18","0,57",COMPETITOR,,"0,57",,,,,,,
ADR-76,Морські історії в серці Чорногорії  ,Чорногорія,"0,17","0,58",COMPETITOR,,"0,58",,,,,,,
ADR-77,Вдала ідея - відпустка в Чорногорії,Чорногорія,"-0,04","0,64",COMPETITOR,,"0,64",,,,,,,
ADR-78,Знайомство з Норвегією: 4 фіорди + Язик Троля/Берген/Льодовик!» ,Норвегія,"-0,23","0,65",COMPETITOR,,"0,65",,,,,,,
ADR-79,Казкові канікули у Парижі + Нормандія! ,Франція,"-0,14","0,72",COMPETITOR,,"0,72",,,,,,,
ADR-80,"Лігурійське узбережжя - відпочинок в задоволення: Генуя, Флоренція, Венеція  ",Італія,"0,05","0,76",COMPETITOR,,"0,76",,,,,,,
ADR-81,Грецькі канікули (7 ночей на морі) ,Греція,"0,44","0,43",COMPETITOR,,"0,43",,,,,,,
ADR-82,«Італія моя любов... Венеція-Мілан-Верона»,Італія,"-0,43","0,55",COMPETITOR,,"0,55",,,,,,,
ADR-83,Еліксир кохання або 3 дні в Парижі: Нормандія + Ельзас,Франція,"0,12","0,81",COMPETITOR,,"0,81",,,,,,,
ADR-84,Селфі в Парижі + Берлін та Прага!  ,Франція,"-0,14","0,70",COMPETITOR,,"0,70",,,,,,,
ADR-85,Грецькі контрасти (7 ночей на морі в Калітеї)  ,Греція,"0,28","0,50",COMPETITOR,,"0,50",,,,,,,
ADR-86,Візьми мене до Греції ,Греція,"0,09","0,59",COMPETITOR,,"0,59",,,,,,,
ADR-87,Греція - моя любов  ,Греція,"0,09","0,59",COMPETITOR,,"0,59",,,,,,,
ADR-88,"Казковими містами: Амстердам, Брюссель, Париж ",Нідерланди,"0,35","0,74",COMPETITOR,,"0,74",,,,,,,
ADR-89,Ласкаво просимо в Стокгольм ,Швеція,"0,17","0,72",COMPETITOR,,"0,72",,,,,,,
ADR-90,Балтійський дует: Таллінн та Стокгольм  ,Швеція,"-0,05","0,63",COMPETITOR,,"0,63",,,,,,,
ADR-91,Золоті піски Іспанії! (6 ночей на морі)  ,Іспанія,"0,40","0,47",COMPETITOR,,"0,47",,,,,,,
ADR-92,Шарм Парижу та розкіш Нормандії!  ,Франція,"-0,05","0,83",COMPETITOR,,"0,83",,,,,,,
ADR-93,"Хвилями Балтійського моря: Таллінн, Гельсінкі, Стокгольм  ",Естонія,"0,10","0,71",COMPETITOR,,"0,71",,,,,,,
ADR-94,Незабутній Амстердам  ,Нідерланди,"-0,37","0,56",COMPETITOR,,"0,56",,,,,,,
ADR-95,Ідеальна формула Швейцарії: Пілатус + Матергорн + Сан-Бернардіно та Монблан!  ,Швейцарія,"0,28","0,77",COMPETITOR,,"0,77",,,,,,,
ADR-96,Прекрасні дні в Швейцарії!  ,Швейцарія,"-0,31","0,62",COMPETITOR,,"0,62",,,,,,,
ADR-97,"Стильна Франція: Мон-Сен-Мішель, Луара та Нормандія!  ",Франція,"0,43","0,73",COMPETITOR,,"0,73",,,,,,,
ADR-98,Океан почуттів - Португалія!  ,Португалія,"0,07","0,83",COMPETITOR,,"0,83",,,,,,,
ADR-99,"Вікенд в Хорватії - сонце, море і термали  ",Хорватія,"-0,58","0,46",COMPETITOR,,"0,46",,,,,,,
ADR-100,"Адріатичні пригоди: Любляна, Загреб, Плітвіцькі озера та острів Крк  ",Хорватія,"-0,25","0,67",COMPETITOR,,"0,67",,,,,,,
ADR-101,Солодкий тиждень - Франція та Швейцарія! ,Франція,"0,19","0,74",COMPETITOR,,"0,74",,,,,,,
ADR-102,"Париж запалює серця… Мюнхен, Дрезден, Прага та Діснейленд  ",Франція,"-0,23","0,67",COMPETITOR,,"0,67",,,,,,,
ADR-103,"Чудеса Швейцарії: Гріндельвальд, Бріенц, Цюрих, Люцерн, Верзаска та Лугано  ",Швейцарія,"0,03","0,84",COMPETITOR,,"0,84",,,,,,,
ADR-104,Кохання в Льорет-де-Мар (5 ночей на морі)  ,Іспанія,"0,64","0,49",COMPETITOR,,"0,49",,,,,,,
ADR-105,"Південна красуня, красуня Іспанія  ",Іспанія,"0,25","0,51",COMPETITOR,,"0,51",,,,,,,
ADR-106,Ідеальне літо в Іспанії (5 ночей на морі) ,Іспанія,"0,33","0,48",COMPETITOR,,"0,48",,,,,,,
ADR-107,Бажання дам - Амстердам! 3 дні в Амстердамі + парк Кекенхоф,Нідерланди,"-0,08","0,75",COMPETITOR,,"0,75",,,,,,,
ADR-108,Альпійські чари! Швейцарія + Італія + Австрія…  ,Швейцарія,"0,09","0,78",COMPETITOR,,"0,78",,,,,,,
ADR-109,"Якщо на землі є рай, то це Швейцарія  ",Швейцарія,"-0,23","0,72",COMPETITOR,,"0,72",,,,,,,
ADR-110,Just Hvar. Просто Хвар» (7 ночей на морі в Хорватії)  ,Хорватія,"0,50","0,41",COMPETITOR,,"0,41",,,,,,,
ADR-111,Хорватія... Мить насолоди. Острів Хвар  ,Хорватія,"0,00","0,65",COMPETITOR,,"0,65",,,,,,,
ADR-112,"Амстердам від ""А"" до ""М"" або 4 дні в Нідерландах + парк Кекенхоф",Нідерланди,"0,11","0,72",COMPETITOR,,"0,72",,,,,,,
ADR-113,Вище хмар - Швейцарія..,Швейцарія,"0,47","0,61",COMPETITOR,,"0,61",,,,,,,
ADR-114,Країна гір і моря... Моя Чорногорія  ,Чорногорія,"-0,22","0,56",COMPETITOR,,"0,56",,,,,,,
ADR-115,"Казкові три дні на Лазурному березі! Ніцца, Канни та Монако  ",Франція,"0,05","0,71",COMPETITOR,,"0,71",,,,,,,
ADR-116,Канікули у Франції! Парки розваг + Нормандія!  ,Франція,"0,14","0,74",COMPETITOR,,"0,74",,,,,,,
ADR-117,"Вітаю, Montenegro!  ",Хорватія,"-0,28","0,53",COMPETITOR,,"0,53",,,,,,,
ADR-118,"Buona sera, Сицилія: Палермо, Катанія, Етна + морський круїз»  ",Італія,"1,24","0,27",COMPETITOR,,"0,27",,,,,,,
ADR-119,"Сонячна Апулія: Барі, Матера та Альберобелло  ",Італія,"0,64","0,57",COMPETITOR,,"0,57",,,,,,,
ADR-120,Мелодії Адріатичного моря  ,Італія,"0,32","0,56",COMPETITOR,,"0,56",,,,,,,
ADR-121,Італія - морська спокуса: 5 ночей на морі в Ріміні  ,Італія,"0,07","0,60",COMPETITOR,,"0,60",,,,,,,
ADR-122,"Під одним небом, Рим та Париж! ",Франція,"0,14","0,69",COMPETITOR,,"0,69",,,,,,,
ADR-123,Тур від кутюр: Париж та Мілан!  ,Франція,"0,33","0,67",COMPETITOR,,"0,67",,,,,,,
ADR-124,На хвилинку в Амстердам + парк Кекенхоф  ,Нідерланди,"-0,13","0,71",COMPETITOR,,"0,71",,,,,,,
ADR-125,Яскраві барви Адріатики: 6 ночей на морі в Ріміні  ,Італія,"0,15","0,57",COMPETITOR,,"0,57",,,,,,,
ADR-126,"Дивовижні канікули в Нідерландах + 4 парки: ""Fantasialand"", ""Efteling"", ""Keukenhof"" та ""Madurodam""  ",Нідерланди,"0,38","0,62",COMPETITOR,,"0,62",,,,,,,
ADR-127,Красуня Албанія  ,Албанія,"0,12","0,57",COMPETITOR,,"0,57",,,,,,,
ADR-128,Дорогами казкової Німеччини: Мюнхен + замок Нойшванштайн  ,Німеччина,"0,18","0,70",COMPETITOR,,"0,70",,,,,,,
ADR-129,Європейський випускний: Краків - Прага - Відень - Будапешт,Австрія,"-0,07","0,73",COMPETITOR,,"0,73",,,,,,,
ADR-130,Дитячі пригоди в Італії + парки розваг Гардаленд та Леоландія  ,Італія,"-0,33","0,61",COMPETITOR,,"0,61",,,,,,,
ADR-131,Наша Хорватська відпустка  ,Хорватія,"0,87","0,23",COMPETITOR,,"0,23",,,,,,,
ADR-132,Італія серце Адріатики: 5 ночей на морі в Лідо ді Єзоло  ,Італія,"0,34","0,56",COMPETITOR,,"0,56",,,,,,,
ADR-133,"Марципанові канікули в Угорщині: Будапешт, Сентендре + аквапарк Aquasziget, зоопарк Шошто  ",Угорщина,"0,08","0,72",COMPETITOR,,"0,72",,,,,,,
ADR-134,Барселона - серце Каталонії  ,Іспанія,"-0,18","0,64",COMPETITOR,,"0,64",,,,,,,
ADR-135,Літня відпустка в Албанії  ,Албанія,"0,17","0,55",COMPETITOR,,"0,55",,,,,,,
ADR-136,"Рандеву в Парижі + Ельзас = 5 днів у Франції (Нормандія, Замки Луари, Мон-Сен-Мішель + 2 парки розваг) ",Франція,"0,30","0,71",COMPETITOR,,"0,71",,,,,,,
DAV-1,Празький вікенд з Києва,Чехія,"0,00","0,64",COMPETITOR,,"0,64",,,,,,,
DAV-2,Європейський вікенд,Чехія,"0,15","0,62",COMPETITOR,,"0,62",,,,,,,
DAV-3,Грецькі Канікули (Олімпійська Рив'єра) 2025,Греція,"-0,16","0,58",COMPETITOR,,"0,58",,,,,,,
DAV-4,Bella Італія - відпочинок на морі,Італія,"0,76","0,28",COMPETITOR,,"0,28",,,,,,,
DAV-5,Грецькі Канікули (Олімпійська Рив'єра) 2025,Греція,"-0,03","0,63",COMPETITOR,,"0,63",,,,,,,
DAV-6,Молодіжний центр Orfeas Olympic Camp у Греції 2025,Греція,"0,72","0,31",COMPETITOR,,"0,31",,,,,,,
DAV-7,Чарівна Італія з Одеси,Італія,"0,41","0,48",COMPETITOR,,"0,48",,,,,,,
DAV-8,Альпійський вікенд,Австрія,"0,45","0,47",COMPETITOR,,"0,47",,,,,,,
DAV-9,Казкова Угорщина + Відень,Італія,"-0,35","0,55",COMPETITOR,,"0,55",,,,,,,
DAV-10,"Мріючи про нього: Амстердам, Брюссель, Париж, Люксембург, Прага і Берлін!",Франція,"0,28","0,77",COMPETITOR,,"0,77",,,,,,,
DAV-11,Казкова Угорщина + Відень,Угорщина,"0,38","0,54",COMPETITOR,,"0,54",,,,,,,
ITR-1,Неповторна Баварія + Прага та Відень,Австрія,"-0,15","0,71",COMPETITOR,,"0,71",,,,,,,
ITR-2,"VIVA Італія! Венеція, Мілан, озера Гарда та Комо",Італія,"-0,44","0,59",COMPETITOR,,"0,59",,,,,,,
ITR-3,Баварська мрія,Австрія,"0,35","0,63",COMPETITOR,,"0,63",,,,,,,
ITR-4,Париж та голуби: 3 дні в Парижі (без нічних переїздів),Франція,"0,11","0,79",COMPETITOR,,"0,79",,,,,,,
ITR-5,"Три бажання: Краків, Прага та Відень",Австрія,"-0,40","0,59",COMPETITOR,,"0,59",,,,,,,
ITR-6,Амстердамський експрес,Німеччина,"0,01","0,74",COMPETITOR,,"0,74",,,,,,,
ITR-7,Круасани і тюльпани: Амстердам + Париж,Бельгія,"0,01","0,72",COMPETITOR,,"0,72",,,,,,,
ITR-8,Голландський калейдоскоп,Німеччина,"0,39","0,56",COMPETITOR,,"0,56",,,,,,,
ITR-9,"Столичні пригоди: Будапешт, Відень, Прага + Краків!",Австрія,"-0,10","0,72",COMPETITOR,,"0,72",,,,,,,
ITR-10,Словацька мелодія з Віденським шармом!,Австрія,"0,20","0,70",COMPETITOR,,"0,70",,,,,,,
ITR-11,Кураж столицями,Австрія,"-0,20","0,65",COMPETITOR,,"0,65",,,,,,,
ITR-12,Угорський танок: Будапешт і Відень,Австрія,"-0,30","0,61",COMPETITOR,,"0,61",,,,,,,
ITR-13,"Європейська розкіш – Ніцца, Монако, Портофіно…",Італія,"-0,35","0,64",COMPETITOR,,"0,64",,,,,,,
ITR-14,Лазурний МЕГАтур,Італія,"0,18","0,71",COMPETITOR,,"0,71",,,,,,,
ITR-15,Лазурний шик: 2 дні на Рив'єрі,Італія,"-0,03","0,73",COMPETITOR,,"0,73",,,,,,,
ITR-16,Джульєтта і гондоли,Італія,"-0,59","0,41",COMPETITOR,,"0,41",,,,,,,
ITR-17,"Спокусливе тріо: Венеція, Ніцца, Барселона",Іспанія,"-0,07","0,72",COMPETITOR,,"0,72",,,,,,,
ITR-18,"Тисячі лайків: Венеція, Рим, Флоренцію, Піза",Італія,"-0,29","0,63",COMPETITOR,,"0,63",,,,,,,
ITR-19,Італійська симфонія: Венеція + Доломітові Альпи,Австрія,"0,08","0,75",COMPETITOR,,"0,75",,,,,,,
ITR-20,Доломітові Альпи - мандрівка серед величі вершин,Австрія,"0,75","0,51",COMPETITOR,,"0,51",,,,,,,
ITR-21,Альпійський експрес: Швейцарія + Австрія,Австрія,"0,60","0,58",COMPETITOR,,"0,58",,,,,,,
ITR-22,"Тур-де-Круасан: Париж (4 дні), Нормандія, замки Луари",Австрія,"0,80","0,41",COMPETITOR,,"0,41",,,,,,,
ITR-23,"Їж.Люби.Подорожуй: Венеція, Рим 2 ночі, Флоренцію, Піза",Італія,"0,02","0,74",COMPETITOR,,"0,74",,,,,,,
ITR-24,Альпійська красуня – Швейцарія,Австрія,"0,40","0,57",COMPETITOR,,"0,57",,,,,,,
ITR-25,"Романтичний мікс: Кельн, Люксембург, Страсбург",Німеччина,"0,26","0,67",COMPETITOR,,"0,67",,,,,,,
ITR-26,"VIVA Італія! Венеція, Мілан, озера Гарда та Комо",Італія,"-0,44","0,59",COMPETITOR,,"0,59",,,,,,,
ITR-27,Benelux - таємниці трьох країн,Бельгія,"-0,10","0,78",COMPETITOR,,"0,78",,,,,,,
ITR-28,Європейська відпустка у Europa Park,Австрія,"0,70","0,56",COMPETITOR,,"0,56",,,,,,,
ITR-29,Берлінський експресс,Німеччина,"-0,50","0,51",COMPETITOR,,"0,51",,,,,,,
ITR-30,Лазурний шик: 2 дні на Рив’єрі,Італія,"-0,03","0,73",COMPETITOR,,"0,73",,,,,,,
ITR-31,"Кава та круасан: Відень, Париж, Зальцбург",Франція,"-0,29","0,62",COMPETITOR,,"0,62",,,,,,,
ITR-32,"Європейські канікули – Прага, Париж, Берлін",Франція,"-0,38","0,63",COMPETITOR,,"0,63",,,,,,,
ITR-33,Італійська симфонія: Венеція + Доломітові Альпи,Італія,"-0,37","0,63",COMPETITOR,,"0,63",,,,,,,
ITR-34,Канікули у Данії: Legoland,Німеччина,"0,13","0,71",COMPETITOR,,"0,71",,,,,,,
ITR-35,Паризька мрія – 3 дні в Парижі!,Франція,"-0,24","0,63",COMPETITOR,,"0,63",,,,,,,
ITR-36,"Смак Франції: Париж, Нормандія, Ельзас",Франція,"-0,09","0,73",COMPETITOR,,"0,73",,,,,,,
ITR-37,МЕГАтур до Чорногорії,Болгарія,"0,11","0,63",COMPETITOR,,"0,63",,,,,,,
ITR-38,Джульєтта і гондоли,Італія,"-0,59","0,46",COMPETITOR,,"0,46",,,,,,,
ITR-39,"Тисячі лайків: Венеція, Рим, Піза Флоренція",Італія,"-0,29","0,63",COMPETITOR,,"0,63",,,,,,,
ITR-40,На вікенд до двох сестер: Латвія-Литва,Литва,"0,00","0,74",COMPETITOR,,"0,74",,,,,,,
ITR-41,Балтійські пригоди,Литва,"0,09","0,73",COMPETITOR,,"0,73",,,,,,,
ITR-42,"Балтійські Скарби + круїз до Стокгольму : Таллін, Стокгольм, Рига",Швеція,"0,04","0,67",COMPETITOR,,"0,67",,,,,,,
ITR-43,"Європейська розкіш – Ніцца, Монако, Портофіно…",Італія,"-0,35","0,64",COMPETITOR,,"0,64",,,,,,,
ITR-44,Чудовий мікс - Чорногорія+Албанія з відпочинком на морі,Чорногорія,"0,11","0,59",COMPETITOR,,"0,59",,,,,,,
ITR-45,Румунський експрес,Румунія,"-0,03","0,77",COMPETITOR,,"0,77",,,,,,,
ITR-46,"Їж.Люби.Подорожуй: Любляна, Венеція, Рим 2 дні, Флоренція",Італія,"0,02","0,77",COMPETITOR,,"0,77",,,,,,,
ITR-47,Релакс у Чехії та Угорщині,Австрія,"-0,15","0,67",COMPETITOR,,"0,67",,,,,,,
ITR-48,Зеленими берегами Корфу,Греція,"0,32","0,49",COMPETITOR,,"0,49",,,,,,,
ITR-49,Містична Трансільванія та Трансфагараш,Румунія,"0,25","0,58",COMPETITOR,,"0,58",,,,,,,
ITR-50,Казки старої Німеччини,Німеччина,"0,43","0,60",COMPETITOR,,"0,60",,,,,,,
ITR-51,Лавандове серце Франції – Валансоль + Лазурове узбережжя,Франція,"-0,07","0,71",COMPETITOR,,"0,71",,,,,,,
ITR-52,Доломітові Альпи – мандрівка серед величі вершин,Італія,"0,03","0,80",COMPETITOR,,"0,80",,,,,,,
ITR-53,На зустріч до Афродіти,Греція,"0,80","0,25",COMPETITOR,,"0,25",,,,,,,
ITR-54,Халкідіки. Ідеальна грецька відпустка,Греція,"0,36","0,46",COMPETITOR,,"0,46",,,,,,,
RIC-1,Дивовижна Хорватія,Хорватія,"-0,25","0,60",COMPETITOR,,"0,60",,,,,,,
RIC-2,ПІВДЕНЬ ІТАЛІЇ - ТІРРЕНСЬКЕ МОРЕ,Італія,"0,43","0,45",COMPETITOR,,"0,45",,,,,,,
RIC-3,Сонячні пляжі Ріміні - Італія,Італія,"0,29","0,52",COMPETITOR,,"0,52",,,,,,,
RIC-4,МОРЕ ГРЕЦІЇ,Греція,"0,17","0,55",COMPETITOR,,"0,55",,,,,,,
RIC-5,Подих Адріатики – Чорногорія,Чорногорія,"0,04","0,63",COMPETITOR,,"0,63",,,,,,,
RIC-6,Під небом ПАРИЖУ + Прага і Дрезден,Франція,"0,25","0,60",COMPETITOR,,"0,60",,,,,,,
RIC-7,В гостях у Нідерландської корони,Нідерланди,"0,26","0,65",COMPETITOR,,"0,65",,,,,,,
RIC-8,Мрія блогерів: Венеція + Альпи,Італія,"0,06","0,67",COMPETITOR,,"0,67",,,,,,,
RIC-9,Від Провансу до Швейцарських вершин,Швейцарія,"0,15","0,72",COMPETITOR,,"0,72",,,,,,,
RIC-10,Скандинавська сага,Польща,"3,66","-0,89",COMPETITOR,,"-0,89",,,,,,,
TAN-1,Відень та Прага - імперії королів,Австрія,"-0,52","0,51",COMPETITOR,,"0,51",,,,,,,
TAN-2,"Театр вражень - Венеція, Верона та Мілан!",Італія,"-0,50","0,53",COMPETITOR,,"0,53",,,,,,,
TAN-3,Будапешт - мій найкращий вікенд! ,Угорщина,"-0,31","0,59",COMPETITOR,,"0,59",,,,,,,
TAN-4,Ключ в Європу : Будапешт + Відень,Австрія,"-0,42","0,59",COMPETITOR,,"0,59",,,,,,,
TAN-5,Прага та Дрезден #нашілюдивсюди,Чехія,"-0,52","0,51",COMPETITOR,,"0,51",,,,,,,
TAN-6,"Quattro Formaggi. Венеція, Флоренція і Рим",Італія,"-0,44","0,51",COMPETITOR,,"0,51",,,,,,,
TAN-7,Відень неперевершений!,Австрія,"-0,16","0,62",COMPETITOR,,"0,62",,,,,,,
TAN-8,Мої голландські тюльпанчики,Нідерланди,"-0,44","0,50",COMPETITOR,,"0,50",,,,,,,
TAN-9,"L'amour en trois: ти, я і Париж!",Франція,"-0,24","0,63",COMPETITOR,,"0,63",,,,,,,
TAN-10,Румунія - любов з першого погляду. Бухарест і замки,Румунія,"-0,09","0,71",COMPETITOR,,"0,71",,,,,,,
TAN-11,"Стихія моря: Таллінн, Стокгольм, Рига",Швеція,"-0,43","0,52",COMPETITOR,,"0,52",,,,,,,
TAN-12,Магія Балтійського моря. Круїз Таллінн-Стокгольм,Швеція,"-0,18","0,67",COMPETITOR,,"0,67",,,,,,,
TAN-13,Нідерланди. I♥Аmsterdam,Нідерланди,"-0,24","0,60",COMPETITOR,,"0,60",,,,,,,
TAN-14,"50 відтінків літа! Італія, Адріатичне море",Італія,"-0,26","0,56",COMPETITOR,,"0,56",,,,,,,
TAN-15,Подорож у серце Трансільванії,Румунія,"-0,25","0,61",COMPETITOR,,"0,61",,,,,,,
TAN-16,"Північний круїз: Таллінн, Гельсінкі, Стокгольм",Швеція,"-0,04","0,64",COMPETITOR,,"0,64",,,,,,,
TAN-17,Містичний вікенд в Трансильванії,Румунія,"0,00","0,69",COMPETITOR,,"0,69",,,,,,,
TAN-18,Мелодії Парижа,Франція,"-0,27","0,59",COMPETITOR,,"0,59",,,,,,,
TAN-19,"Ідеальна четвірка: Краків, Прага, Відень, Будапешт",,,,,,,,,,,,,
TAN-20,"Загадка Австрії: Відень, Зальцбург, Гальштат",,,,,,,,,,,,,
TAN-21,Австрійські панорами: Відень та Гальштат,,,,,,,,,,,,,
TAN-22,"Край Тоскани - Флоренція, Піза, Рим",,,,,,,,,,,,,
TAN-23,Вікенд для душі: Угорщина + Словаччина,,,,,,,,,,,,,
TAN-24,У пошуках дива - Македонія!,,,,,,,,,,,,,
TAN-25,"Тільки Італія: Венеція, Мілан, Рим, Неаполь та Флоренція",,,,,,,,,,,,,
TAN-26,"Альпійський експрес: Венеція, Цюрих, Зальцбург",,,,,,,,,,,,,
TAN-27,Париж на десерт,,,,,,,,,,,,,
TAN-28,"Каталонський експрес: Монако, Ніцца, Барселона",,,,,,,,,,,,,
TAN-29,Вихідні у Кракові + Енерджіландія,,,,,,,,,,,,,
TAN-30,Незвіданий край - Боснія і Герцеґовина,,,,,,,,,,,,,
TAN-31,"В цьому році в моді лазурний:  Ніцца, Монако, Портофіно",,,,,,,,,,,,,
TAN-32,Албанія - морська пригода,,,,,,,,,,,,,
TAN-33,Словенія - альпійські термали,,,,,,,,,,,,,
TAN-34,"Литовські вихідні: Вільнюс, Тракай, Друскінінкай",,,,,,,,,,,,,
TAN-35,Зірки півночі: Рига та Норвезькі фіорди!,,,,,,,,,,,,,
TAN-36,Греція. Між небом та землею,,,,,,,,,,,,,
TAN-37,Карнавальна мандрівка,,,,,,,,,,,,,
TAN-38,"Нові горизонти: Таллінн, Стокгольм, Копенгаген, Амстердам",,,,,,,,,,,,,
TAN-39,Зимові розваги - Закопане!,,,,,,,,,,,,,
TAN-40,Скандинавія. Вся правда про Вікінгів,,,,,,,,,,,,,
TAN-41,Мої швейцарські вихідні,,,,,,,,,,,,,
TAN-42,Випускний в Греції,,,,,,,,,,,,,
TAN-43,Халкідіки. Вихідні на морі,,,,,,,,,,,,,
TRM-1,"Французький вояж (Париж, Мон-Сен-Мішель + 3 дні з океаном)",,,,,,,,,,,,,
TRM-2,Формула краси по-італійськи,,,,,,,,,,,,,
TRM-3,Париж - місто мрії!,,,,,,,,,,,,,
TRM-4,Весна на острові Майнау,,,,,,,,,,,,,
TRM-5,Формула краси + три узбережжя Італії,,,,,,,,,,,,,
TRM-6,Вічне літо Сицилії,,,,,,,,,,,,,
TRM-7,Альпійська мелодія!+ Лазурове узбережжя Франції,,,,,,,,,,,,,
TRM-8,"Зимова казка: Закопане, Відень, терми",,,,,,,,,,,,,
TRM-9,"Легкість Амстердама, романтика Парижа + парк тюльпанів Койкенхоф",,,,,,,,,,,,,
TRM-10,Белла Італія,,,,,,,,,,,,,
TRM-11,Італія - моє натхнення + Венеційський Карнавал,,,,,,,,,,,,,
TRM-12,Тур на VI етап Кубка світу 2024/25 з біатлону в Італії (Антгольц-Антерсельва),,,,,,,,,,,,,
TRM-13,Белла Італія + два Карнавали,,,,,,,,,,,,,