URL туру,Назва туру,Дати,Примітка,Ціна (€),Ціна в грн,Стара ціна (€),Місць залишилось
https://eurotrips.ua/vikend-v-budapeshti-viden/,Вікенд у Будапешті + Відень,13.06.26 - 16.06.26,,99₴,5 242₴,200,3
https://eurotrips.ua/vikend-v-budapeshti-viden/,Вікенд у Будапешті + Відень,20.06.26 - 23.06.26,Гарантований тур,109₴,5 771₴,200,6
https://eurotrips.ua/vikend-v-budapeshti-viden/,Вікенд у Будапешті + Відень,04.07.26 - 07.07.26,,99₴,5 242₴,200,9
https://eurotrips.ua/vikend-v-budapeshti-viden/,Вікенд у Будапешті + Відень,18.07.26 - 21.07.26,,99₴,5 242₴,200,18
https://eurotrips.ua/vikend-v-budapeshti-viden/,Вікенд у Будапешті + Відень,25.07.26 - 28.07.26,,99₴,5 242₴,200,20
https://eurotrips.ua/vikend-v-budapeshti-viden/,Вікенд у Будапешті + Відень,08.08.26 - 11.08.26,,99₴,5 242₴,200,34
https://eurotrips.ua/vikend-v-budapeshti-viden/,Вікенд у Будапешті + Відень,15.08.26 - 18.08.26,,99₴,5 242₴,200,35
https://eurotrips.ua/vikend-v-budapeshti-viden/,Вікенд у Будапешті + Відень,22.08.26 - 25.08.26,,99₴,5 242₴,200,37
https://eurotrips.ua/vikend-v-budapeshti-viden/,Вікенд у Будапешті + Відень,29.08.26 - 01.09.26,,99₴,5 242₴,200,39
https://eurotrips.ua/vikend-v-budapeshti-viden/,Вікенд у Будапешті + Відень,05.09.26 - 08.09.26,Ціна раннього бронювання,99₴,5 242₴,200,38
https://eurotrips.ua/vikend-v-budapeshti-viden/,Вікенд у Будапешті + Відень,12.09.26 - 15.09.26,Ціна раннього бронювання,99₴,5 242₴,200,37
https://eurotrips.ua/vikend-v-budapeshti-viden/,Вікенд у Будапешті + Відень,19.09.26 - 22.09.26,Ціна раннього бронювання,99₴,5 242₴,200,39
https://eurotrips.ua/vikend-v-budapeshti-viden/,Вікенд у Будапешті + Відень,26.09.26 - 29.09.26,Ціна раннього бронювання,99₴,5 242₴,200,38
https://eurotrips.ua/vikend-v-budapeshti-viden/,Вікенд у Будапешті + Відень,10.10.26 - 13.10.26,Ціна раннього бронювання – бронюй за 30€,99₴,5 242₴,200,50
https://eurotrips.ua/vikend-v-budapeshti-viden/,Вікенд у Будапешті + Відень,17.10.26 - 20.10.26,Ціна раннього бронювання – бронюй за 30€,99₴,5 242₴,200,56
https://eurotrips.ua/vikend-v-budapeshti-viden/,Вікенд у Будапешті + Відень,24.10.26 - 27.10.26,Ціна раннього бронювання – бронюй за 30€,99₴,5 242₴,200,57
https://eurotrips.ua/vikend-v-budapeshti-viden/,Вікенд у Будапешті + Відень,31.10.26 - 03.11.26,Ціна раннього бронювання – бронюй за 30€,99₴,5 242₴,200,48
https://eurotrips.ua/vikend-v-budapeshti-viden/,Вікенд у Будапешті + Відень,14.11.26 - 17.11.26,Ціна раннього бронювання – бронюй за 30€,99₴,5 242₴,200,55
https://eurotrips.ua/vikend-v-budapeshti-viden/,Вікенд у Будапешті + Відень,21.11.26 - 24.11.26,Ціна раннього бронювання – бронюй за 30€,99₴,5 242₴,200,57
https://eurotrips.ua/vikend-v-budapeshti-viden/,Вікенд у Будапешті + Відень,28.11.26 - 01.12.26,Ціна раннього бронювання – бронюй за 30€,99₴,5 242₴,200,59
https://eurotrips.ua/vikend-v-budapeshti-viden/,Вікенд у Будапешті + Відень,05.12.26 - 08.12.26,Ціна раннього бронювання – бронюй за 30€,99₴,5 242₴,200,48
https://eurotrips.ua/vikend-v-budapeshti-viden/,Вікенд у Будапешті + Відень,12.12.26 - 15.12.26,Ціна раннього бронювання – бронюй за 30€,99₴,5 242₴,200,47
https://eurotrips.ua/vikend-v-budapeshti-viden/,Вікенд у Будапешті + Відень,19.12.26 - 22.12.26,Ціна раннього бронювання – бронюй за 30€,99₴,5 242₴,200,49
https://eurotrips.ua/vikend-v-budapeshti-viden/,Вікенд у Будапешті + Відень,26.12.26 - 29.12.26,Ціна раннього бронювання – бронюй за 30€,99₴,5 242₴,200,50
https://eurotrips.ua/vikend-v-budapeshti-viden/,Вікенд у Будапешті + Відень,11.07.26 - 14.07.26,SOLD OUT,99₴,5 242₴,200,SOLD OUT
https://eurotrips.ua/vikend-v-budapeshti-viden/,Вікенд у Будапешті + Відень,13.06.26 - 16.06.26,,99₴,5 242₴,200,3
https://eurotrips.ua/vikend-v-budapeshti-viden/,Вікенд у Будапешті + Відень,20.06.26 - 23.06.26,Гарантований тур,109₴,5 771₴,200,6
https://eurotrips.ua/vikend-v-budapeshti-viden/,Вікенд у Будапешті + Відень,04.07.26 - 07.07.26,,99₴,5 242₴,200,9
https://eurotrips.ua/vikend-v-budapeshti-viden/,Вікенд у Будапешті + Відень,18.07.26 - 21.07.26,,99₴,5 242₴,200,18
https://eurotrips.ua/vikend-v-budapeshti-viden/,Вікенд у Будапешті + Відень,25.07.26 - 28.07.26,,99₴,5 242₴,200,20
https://eurotrips.ua/vikend-v-budapeshti-viden/,Вікенд у Будапешті + Відень,08.08.26 - 11.08.26,,99₴,5 242₴,200,34
https://eurotrips.ua/vikend-v-budapeshti-viden/,Вікенд у Будапешті + Відень,15.08.26 - 18.08.26,,99₴,5 242₴,200,35
https://eurotrips.ua/vikend-v-budapeshti-viden/,Вікенд у Будапешті + Відень,22.08.26 - 25.08.26,,99₴,5 242₴,200,37
https://eurotrips.ua/vikend-v-budapeshti-viden/,Вікенд у Будапешті + Відень,29.08.26 - 01.09.26,,99₴,5 242₴,200,39
https://eurotrips.ua/vikend-v-budapeshti-viden/,Вікенд у Будапешті + Відень,05.09.26 - 08.09.26,Ціна раннього бронювання,99₴,5 242₴,200,38
https://eurotrips.ua/vikend-v-budapeshti-viden/,Вікенд у Будапешті + Відень,12.09.26 - 15.09.26,Ціна раннього бронювання,99₴,5 242₴,200,37
https://eurotrips.ua/vikend-v-budapeshti-viden/,Вікенд у Будапешті + Відень,19.09.26 - 22.09.26,Ціна раннього бронювання,99₴,5 242₴,200,39
https://eurotrips.ua/vikend-v-budapeshti-viden/,Вікенд у Будапешті + Відень,26.09.26 - 29.09.26,Ціна раннього бронювання,99₴,5 242₴,200,38
https://eurotrips.ua/vikend-v-budapeshti-viden/,Вікенд у Будапешті + Відень,10.10.26 - 13.10.26,Ціна раннього бронювання – бронюй за 30€,99₴,5 242₴,200,50
https://eurotrips.ua/vikend-v-budapeshti-viden/,Вікенд у Будапешті + Відень,17.10.26 - 20.10.26,Ціна раннього бронювання – бронюй за 30€,99₴,5 242₴,200,56
https://eurotrips.ua/vikend-v-budapeshti-viden/,Вікенд у Будапешті + Відень,24.10.26 - 27.10.26,Ціна раннього бронювання – бронюй за 30€,99₴,5 242₴,200,57
https://eurotrips.ua/vikend-v-budapeshti-viden/,Вікенд у Будапешті + Відень,31.10.26 - 03.11.26,Ціна раннього бронювання – бронюй за 30€,99₴,5 242₴,200,48
https://eurotrips.ua/vikend-v-budapeshti-viden/,Вікенд у Будапешті + Відень,14.11.26 - 17.11.26,Ціна раннього бронювання – бронюй за 30€,99₴,5 242₴,200,55
https://eurotrips.ua/vikend-v-budapeshti-viden/,Вікенд у Будапешті + Відень,21.11.26 - 24.11.26,Ціна раннього бронювання – бронюй за 30€,99₴,5 242₴,200,57
https://eurotrips.ua/vikend-v-budapeshti-viden/,Вікенд у Будапешті + Відень,28.11.26 - 01.12.26,Ціна раннього бронювання – бронюй за 30€,99₴,5 242₴,200,59
https://eurotrips.ua/vikend-v-budapeshti-viden/,Вікенд у Будапешті + Відень,05.12.26 - 08.12.26,Ціна раннього бронювання – бронюй за 30€,99₴,5 242₴,200,48
https://eurotrips.ua/vikend-v-budapeshti-viden/,Вікенд у Будапешті + Відень,12.12.26 - 15.12.26,Ціна раннього бронювання – бронюй за 30€,99₴,5 242₴,200,47
https://eurotrips.ua/vikend-v-budapeshti-viden/,Вікенд у Будапешті + Відень,19.12.26 - 22.12.26,Ціна раннього бронювання – бронюй за 30€,99₴,5 242₴,200,49
https://eurotrips.ua/vikend-v-budapeshti-viden/,Вікенд у Будапешті + Відень,26.12.26 - 29.12.26,Ціна раннього бронювання – бронюй за 30€,99₴,5 242₴,200,50
https://eurotrips.ua/vikend-v-budapeshti-viden/,Вікенд у Будапешті + Відень,11.07.26 - 14.07.26,SOLD OUT,99₴,5 242₴,200,SOLD OUT
https://eurotrips.ua/adriatychne-more-italiyi/,Італія Море Доломітові Альпи,07.06.26 - 12.06.26,SOLD OUT,259₴,13 712₴,350,SOLD OUT
https://eurotrips.ua/adriatychne-more-italiyi/,Італія Море Доломітові Альпи,12.07.26 - 17.07.26,SOLD OUT,249₴,13 183₴,350,SOLD OUT
https://eurotrips.ua/adriatychne-more-italiyi/,Італія Море Доломітові Альпи,26.07.26 - 31.07.26,SOLD OUT,249₴,13 183₴,350,SOLD OUT
https://eurotrips.ua/adriatychne-more-italiyi/,Італія Море Доломітові Альпи,07.06.26 - 12.06.26,SOLD OUT,259₴,13 712₴,350,SOLD OUT
https://eurotrips.ua/adriatychne-more-italiyi/,Італія Море Доломітові Альпи,12.07.26 - 17.07.26,SOLD OUT,249₴,13 183₴,350,SOLD OUT
https://eurotrips.ua/adriatychne-more-italiyi/,Італія Море Доломітові Альпи,26.07.26 - 31.07.26,SOLD OUT,249₴,13 183₴,350,SOLD OUT
https://eurotrips.ua/weekend-amsterdam/,Вікенд у Амстердамі + Берлін і Прага,29.08.26 - 03.09.26,,289₴,15 300₴,400,31
https://eurotrips.ua/weekend-amsterdam/,Вікенд у Амстердамі + Берлін і Прага,26.09.26 - 01.10.26,Ціна раннього бронювання – бронюй за 30€,289₴,15 300₴,400,33
https://eurotrips.ua/weekend-amsterdam/,Вікенд у Амстердамі + Берлін і Прага,24.10.26 - 29.10.26,Ціна раннього бронювання – бронюй за 30€,289₴,15 300₴,400,34
https://eurotrips.ua/weekend-amsterdam/,Вікенд у Амстердамі + Берлін і Прага,28.11.26 - 03.12.26,Ціна раннього бронювання – бронюй за 30€,289₴,15 300₴,400,37
https://eurotrips.ua/weekend-amsterdam/,Вікенд у Амстердамі + Берлін і Прага,29.08.26 - 03.09.26,,289₴,15 300₴,400,31
https://eurotrips.ua/weekend-amsterdam/,Вікенд у Амстердамі + Берлін і Прага,26.09.26 - 01.10.26,Ціна раннього бронювання – бронюй за 30€,289₴,15 300₴,400,33
https://eurotrips.ua/weekend-amsterdam/,Вікенд у Амстердамі + Берлін і Прага,24.10.26 - 29.10.26,Ціна раннього бронювання – бронюй за 30€,289₴,15 300₴,400,34
https://eurotrips.ua/weekend-amsterdam/,Вікенд у Амстердамі + Берлін і Прага,28.11.26 - 03.12.26,Ціна раннього бронювання – бронюй за 30€,289₴,15 300₴,400,37
https://eurotrips.ua/baltijskyj-kruyiz/,Балтійський круїз БЕЗ НІЧНИХ,25.10.26 - 30.10.26,Ціна раннього бронювання – бронюй за 30€,299₴,15 830₴,370,38
https://eurotrips.ua/baltijskyj-kruyiz/,Балтійський круїз БЕЗ НІЧНИХ,25.10.26 - 30.10.26,Ціна раннього бронювання – бронюй за 30€,299₴,15 830₴,370,38
https://eurotrips.ua/venecziya-bez-nichnyh/,Венеція БЕЗ НІЧНИХ,01.01.70 - 01.01.70,,370₴,19 588₴,370,26
https://eurotrips.ua/venecziya-bez-nichnyh/,Венеція БЕЗ НІЧНИХ,01.01.70 - 01.01.70,,370₴,19 588₴,370,26
https://eurotrips.ua/viden-zaltsburh/,Вікенд у Відні + Зальцбург,21.10.26 - 25.10.26,Ціна раннього бронювання – бронюй за 30€,229₴,12 124₴,300,37
https://eurotrips.ua/viden-zaltsburh/,Вікенд у Відні + Зальцбург,28.10.26 - 01.11.26,Ціна раннього бронювання – бронюй за 30€,229₴,12 124₴,300,38
https://eurotrips.ua/viden-zaltsburh/,Вікенд у Відні + Зальцбург,09.12.26 - 13.12.26,Ціна раннього бронювання – бронюй за 30€,229₴,12 124₴,300,40
https://eurotrips.ua/viden-zaltsburh/,Вікенд у Відні + Зальцбург,16.12.26 - 20.12.26,Ціна раннього бронювання – бронюй за 30€,229₴,12 124₴,300,44
https://eurotrips.ua/viden-zaltsburh/,Вікенд у Відні + Зальцбург,21.10.26 - 25.10.26,Ціна раннього бронювання – бронюй за 30€,229₴,12 124₴,300,37
https://eurotrips.ua/viden-zaltsburh/,Вікенд у Відні + Зальцбург,28.10.26 - 01.11.26,Ціна раннього бронювання – бронюй за 30€,229₴,12 124₴,300,38
https://eurotrips.ua/viden-zaltsburh/,Вікенд у Відні + Зальцбург,09.12.26 - 13.12.26,Ціна раннього бронювання – бронюй за 30€,229₴,12 124₴,300,40
https://eurotrips.ua/viden-zaltsburh/,Вікенд у Відні + Зальцбург,16.12.26 - 20.12.26,Ціна раннього бронювання – бронюй за 30€,229₴,12 124₴,300,44
https://eurotrips.ua/vikend-u-budapeshti-ta-vidni/,Будапешт – Відень,20.06.26 - 23.06.26,Ціна раннього бронювання – бронюй за 30€,149₴,7 889₴,250,16
https://eurotrips.ua/vikend-u-budapeshti-ta-vidni/,Будапешт – Відень,24.10.26 - 27.10.26,Ціна раннього бронювання – бронюй за 30€,149₴,7 889₴,250,30
https://eurotrips.ua/vikend-u-budapeshti-ta-vidni/,Будапешт – Відень,31.10.26 - 03.11.26,Ціна раннього бронювання – бронюй за 30€,149₴,7 889₴,250,36
https://eurotrips.ua/vikend-u-budapeshti-ta-vidni/,Будапешт – Відень,20.06.26 - 23.06.26,Ціна раннього бронювання – бронюй за 30€,149₴,7 889₴,250,16
https://eurotrips.ua/vikend-u-budapeshti-ta-vidni/,Будапешт – Відень,24.10.26 - 27.10.26,Ціна раннього бронювання – бронюй за 30€,149₴,7 889₴,250,30
https://eurotrips.ua/vikend-u-budapeshti-ta-vidni/,Будапешт – Відень,31.10.26 - 03.11.26,Ціна раннього бронювання – бронюй за 30€,149₴,7 889₴,250,36
https://eurotrips.ua/transylvaniya-vikend/,Вікенд у Трансильванії + Трансфагараш,16.07.26 - 19.07.26,,99₴,5 242₴,130,35
https://eurotrips.ua/transylvaniya-vikend/,Вікенд у Трансильванії + Трансфагараш,20.08.26 - 23.08.26,,99₴,5 242₴,130,39
https://eurotrips.ua/transylvaniya-vikend/,Вікенд у Трансильванії + Трансфагараш,24.09.26 - 27.09.26,Ціна раннього бронювання – бронюй за 30€,99₴,5 242₴,130,39
https://eurotrips.ua/transylvaniya-vikend/,Вікенд у Трансильванії + Трансфагараш,08.10.26 - 11.10.26,Ціна раннього бронювання – бронюй за 30€,99₴,5 242₴,130,40
https://eurotrips.ua/transylvaniya-vikend/,Вікенд у Трансильванії + Трансфагараш,16.07.26 - 19.07.26,,99₴,5 242₴,130,35
https://eurotrips.ua/transylvaniya-vikend/,Вікенд у Трансильванії + Трансфагараш,20.08.26 - 23.08.26,,99₴,5 242₴,130,39
https://eurotrips.ua/transylvaniya-vikend/,Вікенд у Трансильванії + Трансфагараш,24.09.26 - 27.09.26,Ціна раннього бронювання – бронюй за 30€,99₴,5 242₴,130,39
https://eurotrips.ua/transylvaniya-vikend/,Вікенд у Трансильванії + Трансфагараш,08.10.26 - 11.10.26,Ціна раннього бронювання – бронюй за 30€,99₴,5 242₴,130,40
https://eurotrips.ua/vikend-u-venetsiyi/,Вікенд у Венеції + озеро Гарда,06.06.26 - 09.06.26,Гарантований тур – відмовні місця,99₴,5 242₴,240,2
https://eurotrips.ua/vikend-u-venetsiyi/,Вікенд у Венеції + озеро Гарда,01.08.26 - 04.08.26,,159₴,8 418₴,240,30
https://eurotrips.ua/vikend-u-venetsiyi/,Вікенд у Венеції + озеро Гарда,29.08.26 - 01.09.26,,159₴,8 418₴,240,31
https://eurotrips.ua/vikend-u-venetsiyi/,Вікенд у Венеції + озеро Гарда,24.10.26 - 27.10.26,Ціна раннього бронювання – бронюй за 30€,149₴,7 889₴,240,43
https://eurotrips.ua/vikend-u-venetsiyi/,Вікенд у Венеції + озеро Гарда,14.11.26 - 17.11.26,Ціна раннього бронювання – бронюй за 30€,149₴,7 889₴,240,52
https://eurotrips.ua/vikend-u-venetsiyi/,Вікенд у Венеції + озеро Гарда,04.07.26 - 07.07.26,SOLD OUT,149₴,7 889₴,240,SOLD OUT
https://eurotrips.ua/vikend-u-venetsiyi/,Вікенд у Венеції + озеро Гарда,06.06.26 - 09.06.26,Гарантований тур – відмовні місця,99₴,5 242₴,240,2
https://eurotrips.ua/vikend-u-venetsiyi/,Вікенд у Венеції + озеро Гарда,01.08.26 - 04.08.26,,159₴,8 418₴,240,30
https://eurotrips.ua/vikend-u-venetsiyi/,Вікенд у Венеції + озеро Гарда,29.08.26 - 01.09.26,,159₴,8 418₴,240,31
https://eurotrips.ua/vikend-u-venetsiyi/,Вікенд у Венеції + озеро Гарда,24.10.26 - 27.10.26,Ціна раннього бронювання – бронюй за 30€,149₴,7 889₴,240,43
https://eurotrips.ua/vikend-u-venetsiyi/,Вікенд у Венеції + озеро Гарда,14.11.26 - 17.11.26,Ціна раннього бронювання – бронюй за 30€,149₴,7 889₴,240,52
https://eurotrips.ua/vikend-u-venetsiyi/,Вікенд у Венеції + озеро Гарда,04.07.26 - 07.07.26,SOLD OUT,149₴,7 889₴,240,SOLD OUT
https://eurotrips.ua/vyhidni-u-prazi-drezden/,Вихідні у Празі + Дрезден,22.10.26 - 25.10.26,Ціна раннього бронювання – бронюй за 30€,129₴,6 830₴,200,37
https://eurotrips.ua/vyhidni-u-prazi-drezden/,Вихідні у Празі + Дрезден,29.10.26 - 01.11.26,Ціна раннього бронювання – бронюй за 30€,129₴,6 830₴,200,39
https://eurotrips.ua/vyhidni-u-prazi-drezden/,Вихідні у Празі + Дрезден,10.12.26 - 13.12.26,Ціна раннього бронювання – бронюй за 30€,129₴,6 830₴,200,41
https://eurotrips.ua/vyhidni-u-prazi-drezden/,Вихідні у Празі + Дрезден,17.12.26 - 20.12.26,Ціна раннього бронювання – бронюй за 30€,129₴,6 830₴,200,45
https://eurotrips.ua/vyhidni-u-prazi-drezden/,Вихідні у Празі + Дрезден,22.10.26 - 25.10.26,Ціна раннього бронювання – бронюй за 30€,129₴,6 830₴,200,37
https://eurotrips.ua/vyhidni-u-prazi-drezden/,Вихідні у Празі + Дрезден,29.10.26 - 01.11.26,Ціна раннього бронювання – бронюй за 30€,129₴,6 830₴,200,39
https://eurotrips.ua/vyhidni-u-prazi-drezden/,Вихідні у Празі + Дрезден,10.12.26 - 13.12.26,Ціна раннього бронювання – бронюй за 30€,129₴,6 830₴,200,41
https://eurotrips.ua/vyhidni-u-prazi-drezden/,Вихідні у Празі + Дрезден,17.12.26 - 20.12.26,Ціна раннього бронювання – бронюй за 30€,129₴,6 830₴,200,45
https://eurotrips.ua/praga-drezden/,Вікенд у Празі + Дрезден БЕЗ НІЧНИХ,22.10.26 - 25.10.26,Ціна раннього бронювання – бронюй за 30€,199₴,10 536₴,250,39
https://eurotrips.ua/praga-drezden/,Вікенд у Празі + Дрезден БЕЗ НІЧНИХ,29.10.26 - 02.11.26,Ціна раннього бронювання – бронюй за 30€,199₴,10 536₴,250,37
https://eurotrips.ua/praga-drezden/,Вікенд у Празі + Дрезден БЕЗ НІЧНИХ,10.12.26 - 13.12.26,Ціна раннього бронювання – бронюй за 30€,199₴,10 536₴,250,42
https://eurotrips.ua/praga-drezden/,Вікенд у Празі + Дрезден БЕЗ НІЧНИХ,17.12.26 - 20.12.26,Ціна раннього бронювання – бронюй за 30€,199₴,10 536₴,250,45
https://eurotrips.ua/praga-drezden/,Вікенд у Празі + Дрезден БЕЗ НІЧНИХ,22.10.26 - 25.10.26,Ціна раннього бронювання – бронюй за 30€,199₴,10 536₴,250,39
https://eurotrips.ua/praga-drezden/,Вікенд у Празі + Дрезден БЕЗ НІЧНИХ,29.10.26 - 02.11.26,Ціна раннього бронювання – бронюй за 30€,199₴,10 536₴,250,37
https://eurotrips.ua/praga-drezden/,Вікенд у Празі + Дрезден БЕЗ НІЧНИХ,10.12.26 - 13.12.26,Ціна раннього бронювання – бронюй за 30€,199₴,10 536₴,250,42
https://eurotrips.ua/praga-drezden/,Вікенд у Празі + Дрезден БЕЗ НІЧНИХ,17.12.26 - 20.12.26,Ціна раннього бронювання – бронюй за 30€,199₴,10 536₴,250,45
https://eurotrips.ua/transylvaniya/,Вікенд у Трансильванії + Бухарест,23.10.26 - 26.10.26,Ціна раннього бронювання – бронюй за 30€,159₴,8 418₴,200,47
https://eurotrips.ua/transylvaniya/,Вікенд у Трансильванії + Бухарест,30.10.26 - 02.11.26,Ціна раннього бронювання – бронюй за 30€,159₴,8 418₴,200,49
https://eurotrips.ua/transylvaniya/,Вікенд у Трансильванії + Бухарест,11.12.26 - 14.12.26,Ціна раннього бронювання – бронюй за 30€,159₴,8 418₴,197,50
https://eurotrips.ua/transylvaniya/,Вікенд у Трансильванії + Бухарест,23.10.26 - 26.10.26,Ціна раннього бронювання – бронюй за 30€,159₴,8 418₴,200,47
https://eurotrips.ua/transylvaniya/,Вікенд у Трансильванії + Бухарест,30.10.26 - 02.11.26,Ціна раннього бронювання – бронюй за 30€,159,8418,200,49
https://eurotrips.ua/transylvaniya/,Вікенд у Трансильванії + Бухарест,11.12.26 - 14.12.26,Ціна раннього бронювання – бронюй за 30€,159,8418,197,50
https://eurotrips.ua/italijski-rizdvyani-yarmarky/,Італійські різдвяні ярмарки,25.11.26 - 29.11.26,Ціна раннього бронювання – бронюй за 30€,229,12124,300,48
https://eurotrips.ua/italijski-rizdvyani-yarmarky/,Італійські різдвяні ярмарки,09.12.26 - 13.12.26,Ціна раннього бронювання – бронюй за 30€,229,12124,300,50
https://eurotrips.ua/italijski-rizdvyani-yarmarky/,Італійські різдвяні ярмарки,25.11.26 - 29.11.26,Ціна раннього бронювання – бронюй за 30€,229,12124,300,48
https://eurotrips.ua/italijski-rizdvyani-yarmarky/,Італійські різдвяні ярмарки,09.12.26 - 13.12.26,Ціна раннього бронювання – бронюй за 30€,229,12124,300,50
https://eurotrips.ua/kanikuly-v-barseloni/,Канікули в Барселоні,24.10.26 - 31.10.26,Ціни раннього бронювання до 28.02/Бронюй за 10€,399,21124,500,36
https://eurotrips.ua/kanikuly-v-barseloni/,Канікули в Барселоні,24.10.26 - 31.10.26,Ціни раннього бронювання до 28.02/Бронюй за 10€,399,21124,500,36
https://eurotrips.ua/vikend-u-krakovi/,Канікули в Енерджиландії + Краків БЕЗ НІЧНИХ,23.10.26 - 25.10.26,Ціна раннього бронювання – бронюй за 30€,129₴,6 830₴,200,41
https://eurotrips.ua/vikend-u-krakovi/,Канікули в Енерджиландії + Краків БЕЗ НІЧНИХ,29.10.26 - 31.10.26,Ціна раннього бронювання – бронюй за 30€,129₴,6 830₴,200,45
https://eurotrips.ua/vikend-u-krakovi/,Канікули в Енерджиландії + Краків БЕЗ НІЧНИХ,23.10.26 - 25.10.26,Ціна раннього бронювання – бронюй за 30€,129₴,6 830₴,200,41
https://eurotrips.ua/vikend-u-krakovi/,Канікули в Енерджиландії + Краків БЕЗ НІЧНИХ,29.10.26 - 31.10.26,Ціна раннього бронювання – бронюй за 30€,129₴,6 830₴,200,45
https://eurotrips.ua/krakiv-zakopane-morske-oko-bez-nichnyh/,Краків Закопане Морське Око БЕЗ НІЧНИХ,23.10.26 - 25.10.26,Ціна за умови поїздки у Закопане за 35€,99₴,5 242₴,200,40
https://eurotrips.ua/krakiv-zakopane-morske-oko-bez-nichnyh/,Краків Закопане Морське Око БЕЗ НІЧНИХ,29.10.26 - 31.10.26,Ціна за умови поїздки у Закопане за 35€,99₴,5 242₴,200,43
https://eurotrips.ua/krakiv-zakopane-morske-oko-bez-nichnyh/,Краків Закопане Морське Око БЕЗ НІЧНИХ,23.10.26 - 25.10.26,Ціна за умови поїздки у Закопане за 35€,99₴,5 242₴,200,40
https://eurotrips.ua/krakiv-zakopane-morske-oko-bez-nichnyh/,Краків Закопане Морське Око БЕЗ НІЧНИХ,29.10.26 - 31.10.26,Ціна за умови поїздки у Закопане за 35€,99₴,5 242₴,200,43
https://eurotrips.ua/best-beaches/,Найкращі пляжі Європи,06.06.26 - 12.06.26,Гарантований тур - відмовне 1 місце,299₴,15 830₴,470,1
https://eurotrips.ua/best-beaches/,Найкращі пляжі Європи,04.07.26 - 10.07.26,,399₴,21 124₴,470,12
https://eurotrips.ua/best-beaches/,Найкращі пляжі Європи,08.08.26 - 14.08.26,Гарантований тур,399₴,21 124₴,470,31
https://eurotrips.ua/best-beaches/,Найкращі пляжі Європи,05.09.26 - 11.09.26,Ціна раннього бронювання,399₴,21 124₴,470,34
https://eurotrips.ua/best-beaches/,Найкращі пляжі Європи,06.06.26 - 12.06.26,Гарантований тур - відмовне 1 місце,299₴,15 830₴,470,1
https://eurotrips.ua/best-beaches/,Найкращі пляжі Європи,04.07.26 - 10.07.26,,399₴,21 124₴,470,12
https://eurotrips.ua/best-beaches/,Найкращі пляжі Європи,08.08.26 - 14.08.26,Гарантований тур,399₴,21 124₴,470,31
https://eurotrips.ua/best-beaches/,Найкращі пляжі Європи,05.09.26 - 11.09.26,Ціна раннього бронювання,399₴,21 124₴,470,34
https://eurotrips.ua/milan-komo-alps/,Мілан — Комо — Альпи,06.06.26 - 11.06.26,Ціна за умови депозиту 55€ на озеро Браєс,159₴,8 418₴,300,3
https://eurotrips.ua/milan-komo-alps/,Мілан — Комо — Альпи,21.06.26 - 26.06.26,Ціна за умови депозиту 55€ на озеро Браєс,229₴,12 124₴,300,7
https://eurotrips.ua/milan-komo-alps/,Мілан — Комо — Альпи,05.07.26 - 10.07.26,Ціна за умови депозиту 55€ на озеро Браєс,219₴,11 594₴,300,13
https://eurotrips.ua/milan-komo-alps/,Мілан — Комо — Альпи,19.07.26 - 24.07.26,Ціна за умови депозиту 55€ на озеро Браєс,229₴,12 124₴,300,16
https://eurotrips.ua/milan-komo-alps/,Мілан — Комо — Альпи,02.08.26 - 07.08.26,Ціна за умови депозиту 55€ на озеро Браєс,219₴,11 594₴,300,27
https://eurotrips.ua/milan-komo-alps/,Мілан — Комо — Альпи,16.08.26 - 21.08.26,Ціна за умови депозиту 55€ на озеро Браєс,219₴,11 594₴,300,19
https://eurotrips.ua/milan-komo-alps/,Мілан — Комо — Альпи,06.09.26 - 11.09.26,Ціна за умови депозиту 55€ на озеро Браєс,219₴,11 594₴,300,40
https://eurotrips.ua/milan-komo-alps/,Мілан — Комо — Альпи,13.09.26 - 18.09.26,Ціна за умови депозиту 55€ на озеро Браєс,219₴,11 594₴,300,41
https://eurotrips.ua/milan-komo-alps/,Мілан — Комо — Альпи,20.09.26 - 25.09.26,Ціна за умови депозиту 55€ на озеро Браєс,219₴,11 594₴,300,41
https://eurotrips.ua/milan-komo-alps/,Мілан — Комо — Альпи,04.10.26 - 09.10.26,Ціна за умови депозиту 55€ на озеро Браєс,219₴,11 594₴,300,43
https://eurotrips.ua/milan-komo-alps/,Мілан — Комо — Альпи,18.10.26 - 23.10.26,Ціна за умови депозиту 55€ на озеро Браєс,219₴,11 594₴,300,44
https://eurotrips.ua/milan-komo-alps/,Мілан — Комо — Альпи,01.11.26 - 06.11.26,Ціна за умови депозиту 55€ на озеро Браєс,219₴,11 594₴,300,47
https://eurotrips.ua/milan-komo-alps/,Мілан — Комо — Альпи,14.06.26 - 19.06.26,SOLD OUT,239₴,12 653₴,300,SOLD OUT
https://eurotrips.ua/milan-komo-alps/,Мілан — Комо — Альпи,06.06.26 - 11.06.26,Ціна за умови депозиту 55€ на озеро Браєс,159₴,8 418₴,300,3
https://eurotrips.ua/milan-komo-alps/,Мілан — Комо — Альпи,21.06.26 - 26.06.26,Ціна за умови депозиту 55€ на озеро Браєс,229₴,12 124₴,300,7
https://eurotrips.ua/milan-komo-alps/,Мілан — Комо — Альпи,05.07.26 - 10.07.26,Ціна за умови депозиту 55€ на озеро Браєс,219₴,11 594₴,300,13
https://eurotrips.ua/milan-komo-alps/,Мілан — Комо — Альпи,19.07.26 - 24.07.26,Ціна за умови депозиту 55€ на озеро Браєс,229₴,12 124₴,300,16
https://eurotrips.ua/milan-komo-alps/,Мілан — Комо — Альпи,02.08.26 - 07.08.26,Ціна за умови депозиту 55€ на озеро Браєс,219₴,11 594₴,300,27
https://eurotrips.ua/milan-komo-alps/,Мілан — Комо — Альпи,16.08.26 - 21.08.26,Ціна за умови депозиту 55€ на озеро Браєс,219₴,11 594₴,300,19
https://eurotrips.ua/milan-komo-alps/,Мілан — Комо — Альпи,06.09.26 - 11.09.26,Ціна за умови депозиту 55€ на озеро Браєс,219₴,11 594₴,300,40
https://eurotrips.ua/milan-komo-alps/,Мілан — Комо — Альпи,13.09.26 - 18.09.26,Ціна за умови депозиту 55€ на озеро Браєс,219₴,11 594₴,300,41
https://eurotrips.ua/milan-komo-alps/,Мілан — Комо — Альпи,20.09.26 - 25.09.26,Ціна за умови депозиту 55€ на озеро Браєс,219₴,11 594₴,300,41
https://eurotrips.ua/milan-komo-alps/,Мілан — Комо — Альпи,04.10.26 - 09.10.26,Ціна за умови депозиту 55€ на озеро Браєс,219₴,11 594₴,300,43
https://eurotrips.ua/milan-komo-alps/,Мілан — Комо — Альпи,18.10.26 - 23.10.26,Ціна за умови депозиту 55€ на озеро Браєс,219₴,11 594₴,300,44
https://eurotrips.ua/milan-komo-alps/,Мілан — Комо — Альпи,01.11.26 - 06.11.26,Ціна за умови депозиту 55€ на озеро Браєс,219₴,11 594₴,300,47
https://eurotrips.ua/milan-komo-alps/,Мілан — Комо — Альпи,14.06.26 - 19.06.26,SOLD OUT,239₴,12 653₴,300,SOLD OUT
https://eurotrips.ua/morska-italiya-5-nochej-na-lido-di-yezolo/,Морська Італія (5 ночей на Лідо-ді-Єзоло),21.06.26 - 28.06.26,Бронюй за 10%,379₴,20 065₴,450,29
https://eurotrips.ua/morska-italiya-5-nochej-na-lido-di-yezolo/,Морська Італія (5 ночей на Лідо-ді-Єзоло),06.09.26 - 13.09.26,Бронюй за 10%,379₴,20 065₴,450,35
https://eurotrips.ua/morska-italiya-5-nochej-na-lido-di-yezolo/,Морська Італія (5 ночей на Лідо-ді-Єзоло),13.09.26 - 20.09.26,Бронюй за 10%,379₴,20 065₴,450,48
https://eurotrips.ua/morska-italiya-5-nochej-na-lido-di-yezolo/,Морська Італія (5 ночей на Лідо-ді-Єзоло),21.06.26 - 28.06.26,Бронюй за 10%,379₴,20 065₴,450,29
https://eurotrips.ua/morska-italiya-5-nochej-na-lido-di-yezolo/,Морська Італія (5 ночей на Лідо-ді-Єзоло),06.09.26 - 13.09.26,Бронюй за 10%,379₴,20 065₴,450,35
https://eurotrips.ua/morska-italiya-5-nochej-na-lido-di-yezolo/,Морська Італія (5 ночей на Лідо-ді-Єзоло),13.09.26 - 20.09.26,Бронюй за 10%,379₴,20 065₴,450,48
https://eurotrips.ua/novyj-rik-u-krakovi/?utm_source=google&utm_campaign=performance_max&utm_medium=cpc&utm_content=performance_max,Новий рік у Кракові БЕЗ НІЧНИХ,30.12.26 - 01.01.27,Ціна раннього бронювання – бронюй за 30€,129₴,6 830₴,200,50
https://eurotrips.ua/novyj-rik-u-krakovi/?utm_source=google&utm_campaign=performance_max&utm_medium=cpc&utm_content=performance_max,Новий рік у Кракові БЕЗ НІЧНИХ,30.12.26 - 01.01.27,Ціна раннього бронювання – бронюй за 30€,129₴,6 830₴,200,50
https://eurotrips.ua/novyj-rik-u-milani/?utm_source=google&utm_campaign=performance_max&utm_medium=cpc&utm_content=performance_max,Новий рік у Мілані,29.12.26 - 02.01.27,Ціна раннього бронювання – бронюй за 30€,229₴,12 124₴,300,47
https://eurotrips.ua/novyj-rik-u-milani/?utm_source=google&utm_campaign=performance_max&utm_medium=cpc&utm_content=performance_max,Новий рік у Мілані,29.12.26 - 02.01.27,Ціна раннього бронювання – бронюй за 30€,229₴,12 124₴,300,47
https://eurotrips.ua/vikend-v-budapeshti-viden/,Вікенд у Будапешті + Відень,13.06.26 - 16.06.26,,99₴,5 242₴,200,3
https://eurotrips.ua/vikend-v-budapeshti-viden/,Вікенд у Будапешті + Відень,20.06.26 - 23.06.26,Гарантований тур,109₴,5 771₴,200,6
https://eurotrips.ua/vikend-v-budapeshti-viden/,Вікенд у Будапешті + Відень,04.07.26 - 07.07.26,,99₴,5 242₴,200,9
https://eurotrips.ua/vikend-v-budapeshti-viden/,Вікенд у Будапешті + Відень,18.07.26 - 21.07.26,,99₴,5 242₴,200,18
https://eurotrips.ua/vikend-v-budapeshti-viden/,Вікенд у Будапешті + Відень,25.07.26 - 28.07.26,,99₴,5 242₴,200,20
https://eurotrips.ua/vikend-v-budapeshti-viden/,Вікенд у Будапешті + Відень,08.08.26 - 11.08.26,,99₴,5 242₴,200,34
https://eurotrips.ua/vikend-v-budapeshti-viden/,Вікенд у Будапешті + Відень,15.08.26 - 18.08.26,,99₴,5 242₴,200,35
https://eurotrips.ua/vikend-v-budapeshti-viden/,Вікенд у Будапешті + Відень,22.08.26 - 25.08.26,,99₴,5 242₴,200,37
https://eurotrips.ua/vikend-v-budapeshti-viden/,Вікенд у Будапешті + Відень,29.08.26 - 01.09.26,,99₴,5 242₴,200,39
https://eurotrips.ua/vikend-v-budapeshti-viden/,Вікенд у Будапешті + Відень,05.09.26 - 08.09.26,Ціна раннього бронювання,99₴,5 242₴,200,38
https://eurotrips.ua/vikend-v-budapeshti-viden/,Вікенд у Будапешті + Відень,12.09.26 - 15.09.26,Ціна раннього бронювання,99₴,5 242₴,200,37
https://eurotrips.ua/vikend-v-budapeshti-viden/,Вікенд у Будапешті + Відень,19.09.26 - 22.09.26,Ціна раннього бронювання,99₴,5 242₴,200,39
https://eurotrips.ua/vikend-v-budapeshti-viden/,Вікенд у Будапешті + Відень,26.09.26 - 29.09.26,Ціна раннього бронювання,99₴,5 242₴,200,38
https://eurotrips.ua/vikend-v-budapeshti-viden/,Вікенд у Будапешті + Відень,10.10.26 - 13.10.26,Ціна раннього бронювання – бронюй за 30€,99₴,5 242₴,200,50
https://eurotrips.ua/vikend-v-budapeshti-viden/,Вікенд у Будапешті + Відень,17.10.26 - 20.10.26,Ціна раннього бронювання – бронюй за 30€,99₴,5 242₴,200,56
https://eurotrips.ua/vikend-v-budapeshti-viden/,Вікенд у Будапешті + Відень,24.10.26 - 27.10.26,Ціна раннього бронювання – бронюй за 30€,99₴,5 242₴,200,57
https://eurotrips.ua/vikend-v-budapeshti-viden/,Вікенд у Будапешті + Відень,31.10.26 - 03.11.26,Ціна раннього бронювання – бронюй за 30€,99₴,5 242₴,200,48
https://eurotrips.ua/vikend-v-budapeshti-viden/,Вікенд у Будапешті + Відень,14.11.26 - 17.11.26,Ціна раннього бронювання – бронюй за 30€,99₴,5 242₴,200,55
https://eurotrips.ua/vikend-v-budapeshti-viden/,Вікенд у Будапешті + Відень,21.11.26 - 24.11.26,Ціна раннього бронювання – бронюй за 30€,99₴,5 242₴,200,57
https://eurotrips.ua/vikend-v-budapeshti-viden/,Вікенд у Будапешті + Відень,28.11.26 - 01.12.26,Ціна раннього бронювання – бронюй за 30€,99₴,5 242₴,200,59
https://eurotrips.ua/vikend-v-budapeshti-viden/,Вікенд у Будапешті + Відень,05.12.26 - 08.12.26,Ціна раннього бронювання – бронюй за 30€,99₴,5 242₴,200,48
https://eurotrips.ua/vikend-v-budapeshti-viden/,Вікенд у Будапешті + Відень,12.12.26 - 15.12.26,Ціна раннього бронювання – бронюй за 30€,99₴,5 242₴,200,47
https://eurotrips.ua/vikend-v-budapeshti-viden/,Вікенд у Будапешті + Відень,19.12.26 - 22.12.26,Ціна раннього бронювання – бронюй за 30€,99₴,5 242₴,200,49
https://eurotrips.ua/vikend-v-budapeshti-viden/,Вікенд у Будапешті + Відень,26.12.26 - 29.12.26,Ціна раннього бронювання – бронюй за 30€,99₴,5 242₴,200,50
https://eurotrips.ua/vikend-v-budapeshti-viden/,Вікенд у Будапешті + Відень,11.07.26 - 14.07.26,SOLD OUT,99₴,5 242₴,200,SOLD OUT
https://eurotrips.ua/vikend-v-budapeshti-viden/,Вікенд у Будапешті + Відень,13.06.26 - 16.06.26,,99₴,5 242₴,200,3
https://eurotrips.ua/vikend-v-budapeshti-viden/,Вікенд у Будапешті + Відень,20.06.26 - 23.06.26,Гарантований тур,109₴,5 771₴,200,6
https://eurotrips.ua/vikend-v-budapeshti-viden/,Вікенд у Будапешті + Відень,04.07.26 - 07.07.26,,99₴,5 242₴,200,9
https://eurotrips.ua/vikend-v-budapeshti-viden/,Вікенд у Будапешті + Відень,18.07.26 - 21.07.26,,99₴,5 242₴,200,18
https://eurotrips.ua/vikend-v-budapeshti-viden/,Вікенд у Будапешті + Відень,25.07.26 - 28.07.26,,99₴,5 242₴,200,20
https://eurotrips.ua/vikend-v-budapeshti-viden/,Вікенд у Будапешті + Відень,08.08.26 - 11.08.26,,99₴,5 242₴,200,34
https://eurotrips.ua/vikend-v-budapeshti-viden/,Вікенд у Будапешті + Відень,15.08.26 - 18.08.26,,99₴,5 242₴,200,35
https://eurotrips.ua/vikend-v-budapeshti-viden/,Вікенд у Будапешті + Відень,22.08.26 - 25.08.26,,99₴,5 242₴,200,37
https://eurotrips.ua/vikend-v-budapeshti-viden/,Вікенд у Будапешті + Відень,29.08.26 - 01.09.26,,99₴,5 242₴,200,39
https://eurotrips.ua/vikend-v-budapeshti-viden/,Вікенд у Будапешті + Відень,05.09.26 - 08.09.26,Ціна раннього бронювання,99₴,5 242₴,200,38
https://eurotrips.ua/vikend-v-budapeshti-viden/,Вікенд у Будапешті + Відень,12.09.26 - 15.09.26,Ціна раннього бронювання,99₴,5 242₴,200,37
https://eurotrips.ua/vikend-v-budapeshti-viden/,Вікенд у Будапешті + Відень,19.09.26 - 22.09.26,Ціна раннього бронювання,99₴,5 242₴,200,39
https://eurotrips.ua/vikend-v-budapeshti-viden/,Вікенд у Будапешті + Відень,26.09.26 - 29.09.26,Ціна раннього бронювання,99₴,5 242₴,200,38
https://eurotrips.ua/vikend-v-budapeshti-viden/,Вікенд у Будапешті + Відень,10.10.26 - 13.10.26,Ціна раннього бронювання – бронюй за 30€,99₴,5 242₴,200,50
https://eurotrips.ua/vikend-v-budapeshti-viden/,Вікенд у Будапешті + Відень,17.10.26 - 20.10.26,Ціна раннього бронювання – бронюй за 30€,99₴,5 242₴,200,56
https://eurotrips.ua/vikend-v-budapeshti-viden/,Вікенд у Будапешті + Відень,24.10.26 - 27.10.26,Ціна раннього бронювання – бронюй за 30€,99₴,5 242₴,200,57
https://eurotrips.ua/vikend-v-budapeshti-viden/,Вікенд у Будапешті + Відень,31.10.26 - 03.11.26,Ціна раннього бронювання – бронюй за 30€,99₴,5 242₴,200,48
https://eurotrips.ua/vikend-v-budapeshti-viden/,Вікенд у Будапешті + Відень,14.11.26 - 17.11.26,Ціна раннього бронювання – бронюй за 30€,99₴,5 242₴,200,55
https://eurotrips.ua/vikend-v-budapeshti-viden/,Вікенд у Будапешті + Відень,21.11.26 - 24.11.26,Ціна раннього бронювання – бронюй за 30€,99₴,5 242₴,200,57
https://eurotrips.ua/vikend-v-budapeshti-viden/,Вікенд у Будапешті + Відень,28.11.26 - 01.12.26,Ціна раннього бронювання – бронюй за 30€,99₴,5 242₴,200,59
https://eurotrips.ua/vikend-v-budapeshti-viden/,Вікенд у Будапешті + Відень,05.12.26 - 08.12.26,Ціна раннього бронювання – бронюй за 30€,99₴,5 242₴,200,48
https://eurotrips.ua/vikend-v-budapeshti-viden/,Вікенд у Будапешті + Відень,12.12.26 - 15.12.26,Ціна раннього бронювання – бронюй за 30€,99₴,5 242₴,200,47
https://eurotrips.ua/vikend-v-budapeshti-viden/,Вікенд у Будапешті + Відень,19.12.26 - 22.12.26,Ціна раннього бронювання – бронюй за 30€,99₴,5 242₴,200,49
https://eurotrips.ua/vikend-v-budapeshti-viden/,Вікенд у Будапешті + Відень,26.12.26 - 29.12.26,Ціна раннього бронювання – бронюй за 30€,99₴,5 242₴,200,50
https://eurotrips.ua/vikend-v-budapeshti-viden/,Вікенд у Будапешті + Відень,11.07.26 - 14.07.26,SOLD OUT,99₴,5 242₴,200,SOLD OUT
https://eurotrips.ua/novyj-rik-u-venecziyi/,Новий рік у Венеції БЕЗ НІЧНИХ,30.12.26 - 03.01.27,Ціна раннього бронювання – бронюй за 30€,309₴,16 359₴,400,48
https://eurotrips.ua/novyj-rik-u-venecziyi/,Новий рік у Венеції БЕЗ НІЧНИХ,30.12.26 - 03.01.27,Ціна раннього бронювання – бронюй за 30€,309₴,16 359₴,400,48
https://eurotrips.ua/novyj-rik-v-rymi/,Новий рік у Римі,29.12.26 - 03.01.27,Ціна раннього бронювання – бронюй за 30€,329₴,17 418₴,400,49
https://eurotrips.ua/novyj-rik-v-rymi/,Новий рік у Римі,29.12.26 - 03.01.27,Ціна раннього бронювання – бронюй за 30€,329₴,17 418₴,400,49
https://eurotrips.ua/paris-normandiya/,Париж + Нормандія,20.06.26 - 26.06.26,Гарантований тур,359₴,19 006₴,430,6
https://eurotrips.ua/paris-normandiya/,Париж + Нормандія,11.07.26 - 17.07.26,Гарантований тур,359₴,19 006₴,430,15
https://eurotrips.ua/paris-normandiya/,Париж + Нормандія,25.07.26 - 31.07.26,Гарантований тур,359₴,19 006₴,430,11
https://eurotrips.ua/paris-normandiya/,Париж + Нормандія,08.08.26 - 14.08.26,,359₴,19 006₴,430,30
https://eurotrips.ua/paris-normandiya/,Париж + Нормандія,22.08.26 - 28.08.26,Гарантований тур,359₴,19 006₴,430,32
https://eurotrips.ua/paris-normandiya/,Париж + Нормандія,05.09.26 - 11.09.26,Ціна раннього бронювання,349₴,18 477₴,430,35
https://eurotrips.ua/paris-normandiya/,Париж + Нормандія,19.09.26 - 25.09.26,Ціна раннього бронювання,349₴,18 477₴,430,33
https://eurotrips.ua/paris-normandiya/,Париж + Нормандія,10.10.26 - 16.10.26,Ціна раннього бронювання – бронюй за 30€,349₴,18 477₴,430,37
https://eurotrips.ua/paris-normandiya/,Париж + Нормандія,24.10.26 - 30.10.26,Ціна раннього бронювання – бронюй за 30€,349₴,18 477₴,430,39
https://eurotrips.ua/paris-normandiya/,Париж + Нормандія,20.06.26 - 26.06.26,Гарантований тур,359₴,19 006₴,430,6
https://eurotrips.ua/paris-normandiya/,Париж + Нормандія,11.07.26 - 17.07.26,Гарантований тур,359₴,19 006₴,430,15
https://eurotrips.ua/paris-normandiya/,Париж + Нормандія,25.07.26 - 31.07.26,Гарантований тур,359₴,19 006₴,430,11
https://eurotrips.ua/paris-normandiya/,Париж + Нормандія,08.08.26 - 14.08.26,,359₴,19 006₴,430,30
https://eurotrips.ua/paris-normandiya/,Париж + Нормандія,22.08.26 - 28.08.26,Гарантований тур,359₴,19 006₴,430,32
https://eurotrips.ua/paris-normandiya/,Париж + Нормандія,05.09.26 - 11.09.26,Ціна раннього бронювання,349₴,18 477₴,430,35
https://eurotrips.ua/paris-normandiya/,Париж + Нормандія,19.09.26 - 25.09.26,Ціна раннього бронювання,349₴,18 477₴,430,33
https://eurotrips.ua/paris-normandiya/,Париж + Нормандія,10.10.26 - 16.10.26,Ціна раннього бронювання – бронюй за 30€,349₴,18 477₴,430,37
https://eurotrips.ua/paris-normandiya/,Париж + Нормандія,24.10.26 - 30.10.26,Ціна раннього бронювання – бронюй за 30€,349₴,18 477₴,430,39
https://eurotrips.ua/paryzh-bryusel-mon-sen-mishel/,Мон-Сен-Мішель – Париж – Брюссель,25.07.26 - 02.08.26,Ціна за умови депозиту 40€ на Брюгге,399₴,21 124₴,500,18
https://eurotrips.ua/paryzh-bryusel-mon-sen-mishel/,Мон-Сен-Мішель – Париж – Брюссель,15.08.26 - 23.08.26,Ціна за умови депозиту 40€ на Брюгге,399₴,21 124₴,500,29
https://eurotrips.ua/paryzh-bryusel-mon-sen-mishel/,Мон-Сен-Мішель – Париж – Брюссель,12.09.26 - 20.09.26,Ціна за умови депозиту 40€ на Брюгге,399₴,21 124₴,500,36
https://eurotrips.ua/paryzh-bryusel-mon-sen-mishel/,Мон-Сен-Мішель – Париж – Брюссель,25.07.26 - 02.08.26,Ціна за умови депозиту 40€ на Брюгге,399₴,21 124₴,500,18
https://eurotrips.ua/paryzh-bryusel-mon-sen-mishel/,Мон-Сен-Мішель – Париж – Брюссель,15.08.26 - 23.08.26,Ціна за умови депозиту 40€ на Брюгге,399₴,21 124₴,500,29
https://eurotrips.ua/paryzh-bryusel-mon-sen-mishel/,Мон-Сен-Мішель – Париж – Брюссель,12.09.26 - 20.09.26,Ціна за умови депозиту 40€ на Брюгге,399₴,21 124₴,500,36
https://eurotrips.ua/neapol-rim/,Південна Італія,19.06.26 - 26.06.26,,359₴,19 006₴,450,6
https://eurotrips.ua/neapol-rim/,Південна Італія,24.07.26 - 31.07.26,Гарантований тур,399₴,21 124₴,450,20
https://eurotrips.ua/neapol-rim/,Південна Італія,28.08.26 - 04.09.26,,389₴,20 594₴,450,32
https://eurotrips.ua/neapol-rim/,Південна Італія,11.09.26 - 18.09.26,Ціна раннього бронювання,379₴,20 065₴,450,35
https://eurotrips.ua/neapol-rim/,Південна Італія,19.06.26 - 26.06.26,,359₴,19 006₴,450,6
https://eurotrips.ua/neapol-rim/,Південна Італія,24.07.26 - 31.07.26,Гарантований тур,399₴,21 124₴,450,20
https://eurotrips.ua/neapol-rim/,Південна Італія,28.08.26 - 04.09.26,,389₴,20 594₴,450,32
https://eurotrips.ua/neapol-rim/,Південна Італія,11.09.26 - 18.09.26,Ціна раннього бронювання,379₴,20 065₴,450,35
https://eurotrips.ua/piknik-v-alpah-halshtat/,Пікнік в Альпах + Гальштат,12.09.26 - 15.09.26,Ціна раннього бронювання – бронюй за 30€,159₴,8 418₴,200,33
https://eurotrips.ua/piknik-v-alpah-halshtat/,Пікнік в Альпах + Гальштат,10.10.26 - 13.10.26,Ціна раннього бронювання – бронюй за 30€,159₴,8 418₴,200,42
https://eurotrips.ua/piknik-v-alpah-halshtat/,Пікнік в Альпах + Гальштат,07.11.26 - 10.11.26,Ціна раннього бронювання – бронюй за 30€,159₴,8 418₴,200,44
https://eurotrips.ua/piknik-v-alpah-halshtat/,Пікнік в Альпах + Гальштат,12.09.26 - 15.09.26,Ціна раннього бронювання – бронюй за 30€,159₴,8 418₴,200,33
https://eurotrips.ua/piknik-v-alpah-halshtat/,Пікнік в Альпах + Гальштат,10.10.26 - 13.10.26,Ціна раннього бронювання – бронюй за 30€,159₴,8 418₴,200,42
https://eurotrips.ua/piknik-v-alpah-halshtat/,Пікнік в Альпах + Гальштат,07.11.26 - 10.11.26,Ціна раннього бронювання – бронюй за 30€,159₴,8 418₴,200,44
https://eurotrips.ua/budapesht-vena-praga/,Прага-Відень-Будапешт,19.09.26 - 22.09.26,Ціна раннього бронювання – бронюй за 30€,199,10536,250,31
https://eurotrips.ua/budapesht-vena-praga/,Прага-Відень-Будапешт,24.10.26 - 27.10.26,Ціна раннього бронювання – бронюй за 30€,199,10536,250,33
https://eurotrips.ua/budapesht-vena-praga/,Прага-Відень-Будапешт,31.10.26 - 03.11.26,Ціна раннього бронювання – бронюй за 30€,199,10536,250,35
https://eurotrips.ua/budapesht-vena-praga/,Прага-Відень-Будапешт,21.11.26 - 24.11.26,Ціна раннього бронювання – бронюй за 30€,199,10536,250,37
https://eurotrips.ua/budapesht-vena-praga/,Прага-Відень-Будапешт,28.11.26 - 01.12.26,Ціна раннього бронювання – бронюй за 30€,199,10536,250,38
https://eurotrips.ua/budapesht-vena-praga/,Прага-Відень-Будапешт,05.12.26 - 08.12.26,Ціна раннього бронювання – бронюй за 30€,199,10536,250,40
https://eurotrips.ua/budapesht-vena-praga/,Прага-Відень-Будапешт,19.12.26 - 22.12.26,Ціна раннього бронювання – бронюй за 30€,199₴,10 536₴,250,43
https://eurotrips.ua/budapesht-vena-praga/,Прага-Відень-Будапешт,19.09.26 - 22.09.26,Ціна раннього бронювання – бронюй за 30€,199₴,10 536₴,250,31
https://eurotrips.ua/budapesht-vena-praga/,Прага-Відень-Будапешт,24.10.26 - 27.10.26,Ціна раннього бронювання – бронюй за 30€,199₴,10 536₴,250,33
https://eurotrips.ua/budapesht-vena-praga/,Прага-Відень-Будапешт,31.10.26 - 03.11.26,Ціна раннього бронювання – бронюй за 30€,199₴,10 536₴,250,35
https://eurotrips.ua/budapesht-vena-praga/,Прага-Відень-Будапешт,21.11.26 - 24.11.26,Ціна раннього бронювання – бронюй за 30€,199₴,10 536₴,250,37
https://eurotrips.ua/budapesht-vena-praga/,Прага-Відень-Будапешт,28.11.26 - 01.12.26,Ціна раннього бронювання – бронюй за 30€,199₴,10 536₴,250,38
https://eurotrips.ua/budapesht-vena-praga/,Прага-Відень-Будапешт,05.12.26 - 08.12.26,Ціна раннього бронювання – бронюй за 30€,199₴,10 536₴,250,40
https://eurotrips.ua/budapesht-vena-praga/,Прага-Відень-Будапешт,19.12.26 - 22.12.26,Ціна раннього бронювання – бронюй за 30€,199₴,10 536₴,250,43
https://eurotrips.ua/rimskie-kanikulyi/,Римські канікули,14.06.26 - 19.06.26,Гарантований тур,299₴,15 830₴,380,3
https://eurotrips.ua/rimskie-kanikulyi/,Римські канікули,19.07.26 - 24.07.26,Гарантований тур,309₴,16 359₴,380,18
https://eurotrips.ua/rimskie-kanikulyi/,Римські канікули,09.08.26 - 14.08.26,,309₴,16 359₴,380,32
https://eurotrips.ua/rimskie-kanikulyi/,Римські канікули,13.09.26 - 18.09.26,Ціна раннього бронювання,299₴,15 830₴,380,38
https://eurotrips.ua/rimskie-kanikulyi/,Римські канікули,27.09.26 - 02.10.26,Ціна раннього бронювання,299₴,15 830₴,380,37
https://eurotrips.ua/rimskie-kanikulyi/,Римські канікули,25.10.26 - 30.10.26,Ціна раннього бронювання – бронюй за 30€,299₴,15 830₴,380,47
https://eurotrips.ua/rimskie-kanikulyi/,Римські канікули,22.11.26 - 27.11.26,Ціна раннього бронювання – бронюй за 30€,299₴,15 830₴,380,50
https://eurotrips.ua/rimskie-kanikulyi/,Римські канікули,14.06.26 - 19.06.26,Гарантований тур,299₴,15 830₴,380,3
https://eurotrips.ua/rimskie-kanikulyi/,Римські канікули,19.07.26 - 24.07.26,Гарантований тур,309₴,16 359₴,380,18
https://eurotrips.ua/rimskie-kanikulyi/,Римські канікули,09.08.26 - 14.08.26,,309₴,16 359₴,380,32
https://eurotrips.ua/rimskie-kanikulyi/,Римські канікули,13.09.26 - 18.09.26,Ціна раннього бронювання,299₴,15 830₴,380,38
https://eurotrips.ua/rimskie-kanikulyi/,Римські канікули,27.09.26 - 02.10.26,Ціна раннього бронювання,299₴,15 830₴,380,37
https://eurotrips.ua/rimskie-kanikulyi/,Римські канікули,25.10.26 - 30.10.26,Ціна раннього бронювання – бронюй за 30€,299₴,15 830₴,380,47
https://eurotrips.ua/rimskie-kanikulyi/,Римські канікули,22.11.26 - 27.11.26,Ціна раннього бронювання – бронюй за 30€,299₴,15 830₴,380,50
https://eurotrips.ua/rizdvo-i-novyj-rik-u-krakovi-bez-nichnyh/,Різдвяний вікенд у Кракові БЕЗ НІЧНИХ,11.12.26 - 13.12.26,Ціна раннього бронювання – бронюй за 30€,129₴,6 830₴,200,52
https://eurotrips.ua/rizdvo-i-novyj-rik-u-krakovi-bez-nichnyh/,Різдвяний вікенд у Кракові БЕЗ НІЧНИХ,25.12.26 - 27.12.26,Ціна раннього бронювання – бронюй за 30€,129₴,6 830₴,200,50
https://eurotrips.ua/rizdvo-i-novyj-rik-u-krakovi-bez-nichnyh/,Різдвяний вікенд у Кракові БЕЗ НІЧНИХ,11.12.26 - 13.12.26,Ціна раннього бронювання – бронюй за 30€,129₴,6 830₴,200,52
https://eurotrips.ua/rizdvo-i-novyj-rik-u-krakovi-bez-nichnyh/,Різдвяний вікенд у Кракові БЕЗ НІЧНИХ,25.12.26 - 27.12.26,Ціна раннього бронювання – бронюй за 30€,129₴,6 830₴,200,50
https://eurotrips.ua/skandinaviya/,Скандинавія + Язик Троля,27.08.26 - 05.09.26,,589₴,31 182₴,630,34
https://eurotrips.ua/skandinaviya/,Скандинавія + Язик Троля,27.08.26 - 05.09.26,,589₴,31 182₴,630,34
https://eurotrips.ua/sonce-more-barselona/,Сонце Море Барселона,05.06.26 - 14.06.26,1 останнє місце,449₴,23 771₴,630,1
https://eurotrips.ua/sonce-more-barselona/,Сонце Море Барселона,21.08.26 - 30.08.26,Гарантований тур,639₴,33 829₴,750,17
https://eurotrips.ua/sonce-more-barselona/,Сонце Море Барселона,28.08.26 - 06.09.26,Гарантований тур,639₴,33 829₴,630,27
https://eurotrips.ua/sonce-more-barselona/,Сонце Море Барселона,04.09.26 - 13.09.26,Гарантований тур,609₴,32 241₴,600,30
https://eurotrips.ua/sonce-more-barselona/,Сонце Море Барселона,26.06.26 - 05.07.26,SOLD OUT,599₴,31 712₴,650,SOLD OUT
https://eurotrips.ua/sonce-more-barselona/,Сонце Море Барселона,10.07.26 - 19.07.26,SOLD OUT,639₴,33 829₴,700,SOLD OUT
https://eurotrips.ua/sonce-more-barselona/,Сонце Море Барселона,05.06.26 - 14.06.26,1 останнє місце,449₴,23 771₴,630,1
https://eurotrips.ua/sonce-more-barselona/,Сонце Море Барселона,21.08.26 - 30.08.26,Гарантований тур,639₴,33 829₴,750,17
https://eurotrips.ua/sonce-more-barselona/,Сонце Море Барселона,28.08.26 - 06.09.26,Гарантований тур,639₴,33 829₴,630,27
https://eurotrips.ua/sonce-more-barselona/,Сонце Море Барселона,04.09.26 - 13.09.26,Гарантований тур,609₴,32 241₴,600,30
https://eurotrips.ua/sonce-more-barselona/,Сонце Море Барселона,26.06.26 - 05.07.26,SOLD OUT,599,31712,650,SOLD OUT
https://eurotrips.ua/sonce-more-barselona/,Сонце Море Барселона,10.07.26 - 19.07.26,SOLD OUT,639,33829,700,SOLD OUT
https://eurotrips.ua/sonyachna-grecziya-asteris/,Сонячна Греція: Asteris Village,04.06.26 - 13.06.26,Гарантований тур – бронюй за 10%,199,10536,500,2
https://eurotrips.ua/sonyachna-grecziya-asteris/,Сонячна Греція: Asteris Village,11.06.26 - 20.06.26,Гарантований тур – бронюй за 10%,449,23771,500,1
https://eurotrips.ua/sonyachna-grecziya-asteris/,Сонячна Греція: Asteris Village,18.06.26 - 27.06.26,Гарантований тур – місця з Києва,335₴,17 735₴,500,4
https://eurotrips.ua/sonyachna-grecziya-asteris/,Сонячна Греція: Asteris Village,25.06.26 - 04.07.26,Гарантований тур – бронюй за 10%,335₴,17 735₴,500,9
https://eurotrips.ua/sonyachna-grecziya-asteris/,Сонячна Греція: Asteris Village,02.07.26 - 11.07.26,Гарантований тур – бронюй за 10%,335₴,17 735₴,550,12
https://eurotrips.ua/sonyachna-grecziya-asteris/,Сонячна Греція: Asteris Village,09.07.26 - 18.07.26,Гарантований тур – бронюй за 10%,335₴,17 735₴,550,15
https://eurotrips.ua/sonyachna-grecziya-asteris/,Сонячна Греція: Asteris Village,16.07.26 - 25.07.26,Гарантований тур – бронюй за 10%,335₴,17 735₴,500,18
https://eurotrips.ua/sonyachna-grecziya-asteris/,Сонячна Греція: Asteris Village,23.07.26 - 01.08.26,Гарантований тур – бронюй за 10%,335₴,17 735₴,500,13
https://eurotrips.ua/sonyachna-grecziya-asteris/,Сонячна Греція: Asteris Village,30.07.26 - 08.08.26,Гарантований тур – бронюй за 10%,335₴,17 735₴,500,27
https://eurotrips.ua/sonyachna-grecziya-asteris/,Сонячна Греція: Asteris Village,06.08.26 - 15.08.26,Гарантований тур – бронюй за 10%,335₴,17 735₴,500,29
https://eurotrips.ua/sonyachna-grecziya-asteris/,Сонячна Греція: Asteris Village,13.08.26 - 22.08.26,Гарантований тур – бронюй за 10%,335₴,17 735₴,500,30
https://eurotrips.ua/sonyachna-grecziya-asteris/,Сонячна Греція: Asteris Village,20.08.26 - 29.08.26,Гарантований тур – бронюй за 10%,335₴,17 735₴,500,30
https://eurotrips.ua/sonyachna-grecziya-asteris/,Сонячна Греція: Asteris Village,27.08.26 - 05.09.26,Гарантований тур – бронюй за 10%,335₴,17 735₴,500,30
https://eurotrips.ua/sonyachna-grecziya-asteris/,Сонячна Греція: Asteris Village,03.09.26 - 12.09.26,Гарантований тур – бронюй за 10%,335₴,17 735₴,500,26
https://eurotrips.ua/sonyachna-grecziya-asteris/,Сонячна Греція: Asteris Village,10.09.26 - 19.09.26,Гарантований тур – бронюй за 10%,335₴,17 735₴,500,32
https://eurotrips.ua/sonyachna-grecziya-asteris/,Сонячна Греція: Asteris Village,17.09.26 - 26.09.26,Гарантований тур – бронюй за 10%,335₴,17 735₴,500,34
https://eurotrips.ua/sonyachna-grecziya-asteris/,Сонячна Греція: Asteris Village,24.09.26 - 03.10.26,Гарантований тур – бронюй за 10%,335,17735,450,33
https://eurotrips.ua/sonyachna-grecziya-asteris/,Сонячна Греція: Asteris Village,04.06.26 - 13.06.26,Гарантований тур – бронюй за 10%,199,10536,500,2
https://eurotrips.ua/sonyachna-grecziya-asteris/,Сонячна Греція: Asteris Village,11.06.26 - 20.06.26,Гарантований тур – бронюй за 10%,449,23771,500,1
https://eurotrips.ua/sonyachna-grecziya-asteris/,Сонячна Греція: Asteris Village,18.06.26 - 27.06.26,Гарантований тур – місця з Києва,335,17735,500,4
https://eurotrips.ua/sonyachna-grecziya-asteris/,Сонячна Греція: Asteris Village,25.06.26 - 04.07.26,Гарантований тур – бронюй за 10%,335,17735,500,9
https://eurotrips.ua/sonyachna-grecziya-asteris/,Сонячна Греція: Asteris Village,02.07.26 - 11.07.26,Гарантований тур – бронюй за 10%,335,17735,550,12
https://eurotrips.ua/sonyachna-grecziya-asteris/,Сонячна Греція: Asteris Village,09.07.26 - 18.07.26,Гарантований тур – бронюй за 10%,335,17735,550,15
https://eurotrips.ua/sonyachna-grecziya-asteris/,Сонячна Греція: Asteris Village,16.07.26 - 25.07.26,Гарантований тур – бронюй за 10%,335,17735,500,18
https://eurotrips.ua/sonyachna-grecziya-asteris/,Сонячна Греція: Asteris Village,23.07.26 - 01.08.26,Гарантований тур – бронюй за 10%,335,17735,500,13
https://eurotrips.ua/sonyachna-grecziya-asteris/,Сонячна Греція: Asteris Village,30.07.26 - 08.08.26,Гарантований тур – бронюй за 10%,335,17735,500,27
https://eurotrips.ua/sonyachna-grecziya-asteris/,Сонячна Греція: Asteris Village,06.08.26 - 15.08.26,Гарантований тур – бронюй за 10%,335,17735,500,29
https://eurotrips.ua/sonyachna-grecziya-asteris/,Сонячна Греція: Asteris Village,13.08.26 - 22.08.26,Гарантований тур – бронюй за 10%,335,17735,500,30
https://eurotrips.ua/sonyachna-grecziya-asteris/,Сонячна Греція: Asteris Village,20.08.26 - 29.08.26,Гарантований тур – бронюй за 10%,335,17735,500,30
https://eurotrips.ua/sonyachna-grecziya-asteris/,Сонячна Греція: Asteris Village,27.08.26 - 05.09.26,Гарантований тур – бронюй за 10%,335,17735,500,30
https://eurotrips.ua/sonyachna-grecziya-asteris/,Сонячна Греція: Asteris Village,03.09.26 - 12.09.26,Гарантований тур – бронюй за 10%,335,17735,500,26
https://eurotrips.ua/sonyachna-grecziya-asteris/,Сонячна Греція: Asteris Village,10.09.26 - 19.09.26,Гарантований тур – бронюй за 10%,335,17735,500,32
https://eurotrips.ua/sonyachna-grecziya-asteris/,Сонячна Греція: Asteris Village,17.09.26 - 26.09.26,Гарантований тур – бронюй за 10%,335,17735,500,34
https://eurotrips.ua/sonyachna-grecziya-asteris/,Сонячна Греція: Asteris Village,24.09.26 - 03.10.26,Гарантований тур – бронюй за 10%,335,17735,450,33
https://eurotrips.ua/stambul/,Стамбул,01.07.26 - 05.07.26,,209,11065,250,12
https://eurotrips.ua/stambul/,Стамбул,15.07.26 - 19.07.26,,199,10536,250,18
https://eurotrips.ua/stambul/,Стамбул,05.08.26 - 09.08.26,,179,9477,250,28
https://eurotrips.ua/stambul/,Стамбул,19.08.26 - 23.08.26,,179,9477,250,30
https://eurotrips.ua/stambul/,Стамбул,02.09.26 - 06.09.26,Ціна раннього бронювання,179,9477,250,35
https://eurotrips.ua/stambul/,Стамбул,09.09.26 - 13.09.26,Ціна раннього бронювання,179,9477,250,36
https://eurotrips.ua/stambul/,Стамбул,14.10.26 - 18.10.26,Ціна раннього бронювання – бронюй за 30€,179,9477,250,46
https://eurotrips.ua/stambul/,Стамбул,21.10.26 - 25.10.26,Ціна раннього бронювання – бронюй за 30€,179,9477,250,45
https://eurotrips.ua/stambul/,Стамбул,04.11.26 - 08.11.26,Ціна раннього бронювання – бронюй за 30€,189,10006,250,49
https://eurotrips.ua/stambul/,Стамбул,25.11.26 - 29.11.26,Ціна раннього бронювання – бронюй за 30€,189,10006,250,45
https://eurotrips.ua/stambul/,Стамбул,09.12.26 - 13.12.26,Ціна раннього бронювання – бронюй за 30€,189,10006,250,49
https://eurotrips.ua/stambul/,Стамбул,23.12.26 - 27.12.26,Ціна раннього бронювання – бронюй за 30€,189,10006,250,50
https://eurotrips.ua/stambul/,Стамбул,10.06.26 - 14.06.26,SOLD OUT,199,10536,250,SOLD OUT
https://eurotrips.ua/stambul/,Стамбул,01.07.26 - 05.07.26,,209,11065,250,12
https://eurotrips.ua/stambul/,Стамбул,15.07.26 - 19.07.26,,199,10536,250,18
https://eurotrips.ua/stambul/,Стамбул,05.08.26 - 09.08.26,,179,9477,250,28
https://eurotrips.ua/stambul/,Стамбул,19.08.26 - 23.08.26,,179₴,9 477₴,250,30
https://eurotrips.ua/stambul/,Стамбул,02.09.26 - 06.09.26,Ціна раннього бронювання,179₴,9 477₴,250,35
https://eurotrips.ua/stambul/,Стамбул,09.09.26 - 13.09.26,Ціна раннього бронювання,179₴,9 477₴,250,36
https://eurotrips.ua/stambul/,Стамбул,14.10.26 - 18.10.26,Ціна раннього бронювання – бронюй за 30€,179₴,9 477₴,250,46
https://eurotrips.ua/stambul/,Стамбул,21.10.26 - 25.10.26,Ціна раннього бронювання – бронюй за 30€,179₴,9 477₴,250,45
https://eurotrips.ua/stambul/,Стамбул,04.11.26 - 08.11.26,Ціна раннього бронювання – бронюй за 30€,189₴,10 006₴,250,49
https://eurotrips.ua/stambul/,Стамбул,25.11.26 - 29.11.26,Ціна раннього бронювання – бронюй за 30€,189₴,10 006₴,250,45
https://eurotrips.ua/stambul/,Стамбул,09.12.26 - 13.12.26,Ціна раннього бронювання – бронюй за 30€,189₴,10 006₴,250,49
https://eurotrips.ua/stambul/,Стамбул,23.12.26 - 27.12.26,Ціна раннього бронювання – бронюй за 30€,189₴,10 006₴,250,50
https://eurotrips.ua/stambul/,Стамбул,10.06.26 - 14.06.26,SOLD OUT,199₴,10 536₴,250,SOLD OUT
https://eurotrips.ua/vikend-v-budapeshti-viden/,Вікенд у Будапешті + Відень,13.06.26 - 16.06.26,,99₴,5 242₴,200,3
https://eurotrips.ua/vikend-v-budapeshti-viden/,Вікенд у Будапешті + Відень,20.06.26 - 23.06.26,Гарантований тур,109₴,5 771₴,200,6
https://eurotrips.ua/vikend-v-budapeshti-viden/,Вікенд у Будапешті + Відень,04.07.26 - 07.07.26,,99₴,5 242₴,200,9
https://eurotrips.ua/vikend-v-budapeshti-viden/,Вікенд у Будапешті + Відень,18.07.26 - 21.07.26,,99₴,5 242₴,200,18
https://eurotrips.ua/vikend-v-budapeshti-viden/,Вікенд у Будапешті + Відень,25.07.26 - 28.07.26,,99₴,5 242₴,200,20
https://eurotrips.ua/vikend-v-budapeshti-viden/,Вікенд у Будапешті + Відень,08.08.26 - 11.08.26,,99₴,5 242₴,200,34
https://eurotrips.ua/vikend-v-budapeshti-viden/,Вікенд у Будапешті + Відень,15.08.26 - 18.08.26,,99₴,5 242₴,200,35
https://eurotrips.ua/vikend-v-budapeshti-viden/,Вікенд у Будапешті + Відень,22.08.26 - 25.08.26,,99₴,5 242₴,200,37
https://eurotrips.ua/vikend-v-budapeshti-viden/,Вікенд у Будапешті + Відень,29.08.26 - 01.09.26,,99₴,5 242₴,200,39
https://eurotrips.ua/vikend-v-budapeshti-viden/,Вікенд у Будапешті + Відень,05.09.26 - 08.09.26,Ціна раннього бронювання,99₴,5 242₴,200,38
https://eurotrips.ua/vikend-v-budapeshti-viden/,Вікенд у Будапешті + Відень,12.09.26 - 15.09.26,Ціна раннього бронювання,99₴,5 242₴,200,37
https://eurotrips.ua/vikend-v-budapeshti-viden/,Вікенд у Будапешті + Відень,19.09.26 - 22.09.26,Ціна раннього бронювання,99₴,5 242₴,200,39
https://eurotrips.ua/vikend-v-budapeshti-viden/,Вікенд у Будапешті + Відень,26.09.26 - 29.09.26,Ціна раннього бронювання,99₴,5 242₴,200,38
https://eurotrips.ua/vikend-v-budapeshti-viden/,Вікенд у Будапешті + Відень,10.10.26 - 13.10.26,Ціна раннього бронювання – бронюй за 30€,99₴,5 242₴,200,50
https://eurotrips.ua/vikend-v-budapeshti-viden/,Вікенд у Будапешті + Відень,17.10.26 - 20.10.26,Ціна раннього бронювання – бронюй за 30€,99₴,5 242₴,200,56
https://eurotrips.ua/vikend-v-budapeshti-viden/,Вікенд у Будапешті + Відень,24.10.26 - 27.10.26,Ціна раннього бронювання – бронюй за 30€,99₴,5 242₴,200,57
https://eurotrips.ua/vikend-v-budapeshti-viden/,Вікенд у Будапешті + Відень,31.10.26 - 03.11.26,Ціна раннього бронювання – бронюй за 30€,99₴,5 242₴,200,48
https://eurotrips.ua/vikend-v-budapeshti-viden/,Вікенд у Будапешті + Відень,14.11.26 - 17.11.26,Ціна раннього бронювання – бронюй за 30€,99₴,5 242₴,200,55
https://eurotrips.ua/vikend-v-budapeshti-viden/,Вікенд у Будапешті + Відень,21.11.26 - 24.11.26,Ціна раннього бронювання – бронюй за 30€,99₴,5 242₴,200,57
https://eurotrips.ua/vikend-v-budapeshti-viden/,Вікенд у Будапешті + Відень,28.11.26 - 01.12.26,Ціна раннього бронювання – бронюй за 30€,99₴,5 242₴,200,59
https://eurotrips.ua/vikend-v-budapeshti-viden/,Вікенд у Будапешті + Відень,05.12.26 - 08.12.26,Ціна раннього бронювання – бронюй за 30€,99₴,5 242₴,200,48
https://eurotrips.ua/vikend-v-budapeshti-viden/,Вікенд у Будапешті + Відень,12.12.26 - 15.12.26,Ціна раннього бронювання – бронюй за 30€,99₴,5 242₴,200,47
https://eurotrips.ua/vikend-v-budapeshti-viden/,Вікенд у Будапешті + Відень,19.12.26 - 22.12.26,Ціна раннього бронювання – бронюй за 30€,99₴,5 242₴,200,49
https://eurotrips.ua/vikend-v-budapeshti-viden/,Вікенд у Будапешті + Відень,26.12.26 - 29.12.26,Ціна раннього бронювання – бронюй за 30€,99₴,5 242₴,200,50
https://eurotrips.ua/vikend-v-budapeshti-viden/,Вікенд у Будапешті + Відень,11.07.26 - 14.07.26,SOLD OUT,99₴,5 242₴,200,SOLD OUT
https://eurotrips.ua/vikend-v-budapeshti-viden/,Вікенд у Будапешті + Відень,13.06.26 - 16.06.26,,99₴,5 242₴,200,3
https://eurotrips.ua/vikend-v-budapeshti-viden/,Вікенд у Будапешті + Відень,20.06.26 - 23.06.26,Гарантований тур,109₴,5 771₴,200,6
https://eurotrips.ua/vikend-v-budapeshti-viden/,Вікенд у Будапешті + Відень,04.07.26 - 07.07.26,,99₴,5 242₴,200,9
https://eurotrips.ua/vikend-v-budapeshti-viden/,Вікенд у Будапешті + Відень,18.07.26 - 21.07.26,,99₴,5 242₴,200,18
https://eurotrips.ua/vikend-v-budapeshti-viden/,Вікенд у Будапешті + Відень,25.07.26 - 28.07.26,,99₴,5 242₴,200,20
https://eurotrips.ua/vikend-v-budapeshti-viden/,Вікенд у Будапешті + Відень,08.08.26 - 11.08.26,,99₴,5 242₴,200,34
https://eurotrips.ua/vikend-v-budapeshti-viden/,Вікенд у Будапешті + Відень,15.08.26 - 18.08.26,,99₴,5 242₴,200,35
https://eurotrips.ua/vikend-v-budapeshti-viden/,Вікенд у Будапешті + Відень,22.08.26 - 25.08.26,,99₴,5 242₴,200,37
https://eurotrips.ua/vikend-v-budapeshti-viden/,Вікенд у Будапешті + Відень,29.08.26 - 01.09.26,,99₴,5 242₴,200,39
https://eurotrips.ua/vikend-v-budapeshti-viden/,Вікенд у Будапешті + Відень,05.09.26 - 08.09.26,Ціна раннього бронювання,99₴,5 242₴,200,38
https://eurotrips.ua/vikend-v-budapeshti-viden/,Вікенд у Будапешті + Відень,12.09.26 - 15.09.26,Ціна раннього бронювання,99₴,5 242₴,200,37
https://eurotrips.ua/vikend-v-budapeshti-viden/,Вікенд у Будапешті + Відень,19.09.26 - 22.09.26,Ціна раннього бронювання,99₴,5 242₴,200,39
https://eurotrips.ua/vikend-v-budapeshti-viden/,Вікенд у Будапешті + Відень,26.09.26 - 29.09.26,Ціна раннього бронювання,99₴,5 242₴,200,38
https://eurotrips.ua/vikend-v-budapeshti-viden/,Вікенд у Будапешті + Відень,10.10.26 - 13.10.26,Ціна раннього бронювання – бронюй за 30€,99₴,5 242₴,200,50
https://eurotrips.ua/vikend-v-budapeshti-viden/,Вікенд у Будапешті + Відень,17.10.26 - 20.10.26,Ціна раннього бронювання – бронюй за 30€,99₴,5 242₴,200,56
https://eurotrips.ua/vikend-v-budapeshti-viden/,Вікенд у Будапешті + Відень,24.10.26 - 27.10.26,Ціна раннього бронювання – бронюй за 30€,99₴,5 242₴,200,57
https://eurotrips.ua/vikend-v-budapeshti-viden/,Вікенд у Будапешті + Відень,31.10.26 - 03.11.26,Ціна раннього бронювання – бронюй за 30€,99₴,5 242₴,200,48
https://eurotrips.ua/vikend-v-budapeshti-viden/,Вікенд у Будапешті + Відень,14.11.26 - 17.11.26,Ціна раннього бронювання – бронюй за 30€,99₴,5 242₴,200,55
https://eurotrips.ua/vikend-v-budapeshti-viden/,Вікенд у Будапешті + Відень,21.11.26 - 24.11.26,Ціна раннього бронювання – бронюй за 30€,99₴,5 242₴,200,57
https://eurotrips.ua/vikend-v-budapeshti-viden/,Вікенд у Будапешті + Відень,28.11.26 - 01.12.26,Ціна раннього бронювання – бронюй за 30€,99₴,5 242₴,200,59
https://eurotrips.ua/vikend-v-budapeshti-viden/,Вікенд у Будапешті + Відень,05.12.26 - 08.12.26,Ціна раннього бронювання – бронюй за 30€,99₴,5 242₴,200,48
https://eurotrips.ua/vikend-v-budapeshti-viden/,Вікенд у Будапешті + Відень,12.12.26 - 15.12.26,Ціна раннього бронювання – бронюй за 30€,99₴,5 242₴,200,47
https://eurotrips.ua/vikend-v-budapeshti-viden/,Вікенд у Будапешті + Відень,19.12.26 - 22.12.26,Ціна раннього бронювання – бронюй за 30€,99₴,5 242₴,200,49
https://eurotrips.ua/vikend-v-budapeshti-viden/,Вікенд у Будапешті + Відень,26.12.26 - 29.12.26,Ціна раннього бронювання – бронюй за 30€,99₴,5 242₴,200,50
https://eurotrips.ua/vikend-v-budapeshti-viden/,Вікенд у Будапешті + Відень,11.07.26 - 14.07.26,SOLD OUT,99₴,5 242₴,200,SOLD OUT
https://eurotrips.ua/transylvaniya-halloween/,Хелловін у Трансильванії + Бухарест,30.10.26 - 02.11.26,Ціна раннього бронювання – бронюй за 30€,129₴,6 830₴,200,38
https://eurotrips.ua/transylvaniya-halloween/,Хелловін у Трансильванії + Бухарест,30.10.26 - 02.11.26,Ціна раннього бронювання – бронюй за 30€,129₴,6 830₴,200,38
https://eurotrips.ua/more-u-chornogoriyi/,Чорногорія: де море торкається гір,13.06.26 - 22.06.26,Гарантований тур,409₴,21 653₴,470,3
https://eurotrips.ua/more-u-chornogoriyi/,Чорногорія: де море торкається гір,20.06.26 - 29.06.26,Гарантований тур,419₴,22 182₴,470,6
https://eurotrips.ua/more-u-chornogoriyi/,Чорногорія: де море торкається гір,27.06.26 - 06.07.26,Гарантований тур,419₴,22 182₴,470,9
https://eurotrips.ua/more-u-chornogoriyi/,Чорногорія: де море торкається гір,04.07.26 - 13.07.26,Гарантований тур,439₴,23 241₴,470,1
https://eurotrips.ua/more-u-chornogoriyi/,Чорногорія: де море торкається гір,11.07.26 - 20.07.26,Гарантований тур,439₴,23 241₴,470,15
https://eurotrips.ua/more-u-chornogoriyi/,Чорногорія: де море торкається гір,18.07.26 - 27.07.26,Гарантований тур,439₴,23 241₴,470,13
https://eurotrips.ua/more-u-chornogoriyi/,Чорногорія: де море торкається гір,25.07.26 - 03.08.26,Гарантований тур,439₴,23 241₴,470,21
https://eurotrips.ua/more-u-chornogoriyi/,Чорногорія: де море торкається гір,01.08.26 - 10.08.26,Гарантований тур,439₴,23 241₴,470,29
https://eurotrips.ua/more-u-chornogoriyi/,Чорногорія: де море торкається гір,08.08.26 - 17.08.26,Гарантований тур,439₴,23 241₴,470,29
https://eurotrips.ua/more-u-chornogoriyi/,Чорногорія: де море торкається гір,15.08.26 - 24.08.26,Гарантований тур,439₴,23 241₴,470,26
https://eurotrips.ua/more-u-chornogoriyi/,Чорногорія: де море торкається гір,22.08.26 - 31.08.26,Гарантований тур,439₴,23 241₴,470,34
https://eurotrips.ua/more-u-chornogoriyi/,Чорногорія: де море торкається гір,29.08.26 - 07.09.26,Гарантований тур,399₴,21 124₴,470,36
https://eurotrips.ua/more-u-chornogoriyi/,Чорногорія: де море торкається гір,05.09.26 - 14.09.26,Гарантований тур,379₴,20 065₴,470,37
https://eurotrips.ua/more-u-chornogoriyi/,Чорногорія: де море торкається гір,13.06.26 - 22.06.26,Гарантований тур,409₴,21 653₴,470,3
https://eurotrips.ua/more-u-chornogoriyi/,Чорногорія: де море торкається гір,20.06.26 - 29.06.26,Гарантований тур,419₴,22 182₴,470,6
https://eurotrips.ua/more-u-chornogoriyi/,Чорногорія: де море торкається гір,27.06.26 - 06.07.26,Гарантований тур,419₴,22 182₴,470,9
https://eurotrips.ua/more-u-chornogoriyi/,Чорногорія: де море торкається гір,04.07.26 - 13.07.26,Гарантований тур,439₴,23 241₴,470,1
https://eurotrips.ua/more-u-chornogoriyi/,Чорногорія: де море торкається гір,11.07.26 - 20.07.26,Гарантований тур,439₴,23 241₴,470,15
https://eurotrips.ua/more-u-chornogoriyi/,Чорногорія: де море торкається гір,18.07.26 - 27.07.26,Гарантований тур,439₴,23 241₴,470,13
https://eurotrips.ua/more-u-chornogoriyi/,Чорногорія: де море торкається гір,25.07.26 - 03.08.26,Гарантований тур,439₴,23 241₴,470,21
https://eurotrips.ua/more-u-chornogoriyi/,Чорногорія: де море торкається гір,01.08.26 - 10.08.26,Гарантований тур,439,23241,470,29
https://eurotrips.ua/more-u-chornogoriyi/,Чорногорія: де море торкається гір,08.08.26 - 17.08.26,Гарантований тур,439,23241,470,29
https://eurotrips.ua/more-u-chornogoriyi/,Чорногорія: де море торкається гір,15.08.26 - 24.08.26,Гарантований тур,439,23241,470,26
https://eurotrips.ua/more-u-chornogoriyi/,Чорногорія: де море торкається гір,22.08.26 - 31.08.26,Гарантований тур,439,23241,470,34
https://eurotrips.ua/more-u-chornogoriyi/,Чорногорія: де море торкається гір,29.08.26 - 07.09.26,Гарантований тур,399,21124,470,36
https://eurotrips.ua/more-u-chornogoriyi/,Чорногорія: де море торкається гір,05.09.26 - 14.09.26,Гарантований тур,379,20065,470,37
https://eurotrips.ua/switzerland/,Швейцарія,14.06.26 - 19.06.26,Ціна за умови депозиту 40€ на Рейнський водоспад,309,16359,350,6
https://eurotrips.ua/switzerland/,Швейцарія,12.07.26 - 17.07.26,Ціна за умови депозиту 40€ на Рейнський водоспад,289,15300,350,15
https://eurotrips.ua/switzerland/,Швейцарія,26.07.26 - 31.07.26,Ціна за умови депозиту 40€ на Рейнський водоспад,289,15300,350,20
https://eurotrips.ua/switzerland/,Швейцарія,09.08.26 - 14.08.26,Ціна за умови депозиту 40€ на Рейнський водоспад,279,14771,350,24
https://eurotrips.ua/switzerland/,Швейцарія,06.09.26 - 11.09.26,Ціна за умови депозиту 40€ на Рейнський водоспад,279,14771,350,31
https://eurotrips.ua/switzerland/,Швейцарія,25.10.26 - 30.10.26,Ціна за умови депозиту 40€ на Рейнський водоспад,279,14771,350,41
https://eurotrips.ua/switzerland/,Швейцарія,08.11.26 - 13.11.26,Ціна за умови депозиту 40€ на Рейнський водоспад,279,14771,350,45
https://eurotrips.ua/switzerland/,Швейцарія,06.12.26 - 11.12.26,Ціна за умови депозиту 40€ на Рейнський водоспад,279,14771,350,50
https://eurotrips.ua/switzerland/,Швейцарія,14.06.26 - 19.06.26,Ціна за умови депозиту 40€ на Рейнський водоспад,309,16359,350,6
https://eurotrips.ua/switzerland/,Швейцарія,12.07.26 - 17.07.26,Ціна за умови депозиту 40€ на Рейнський водоспад,289,15300,350,15
https://eurotrips.ua/switzerland/,Швейцарія,26.07.26 - 31.07.26,Ціна за умови депозиту 40€ на Рейнський водоспад,289,15300,350,20
https://eurotrips.ua/switzerland/,Швейцарія,09.08.26 - 14.08.26,Ціна за умови депозиту 40€ на Рейнський водоспад,279,14771,350,24
https://eurotrips.ua/switzerland/,Швейцарія,06.09.26 - 11.09.26,Ціна за умови депозиту 40€ на Рейнський водоспад,279,14771,350,31
https://eurotrips.ua/switzerland/,Швейцарія,25.10.26 - 30.10.26,Ціна за умови депозиту 40€ на Рейнський водоспад,279,14771,350,41
https://eurotrips.ua/switzerland/,Швейцарія,08.11.26 - 13.11.26,Ціна за умови депозиту 40€ на Рейнський водоспад,279,14771,350,45
https://eurotrips.ua/switzerland/,Швейцарія,06.12.26 - 11.12.26,Ціна за умови депозиту 40€ на Рейнський водоспад,279,14771,350,50