ID ТУРУ,НАЗВА ТУРУ,КІЛЬКІСТЬ ЗУПИНОК ПО МАРШРУТУ,КІЛЬКІСТЬ МІСТ У МАРШРУТІ,КІЛЬКІСТЬ КРАЇН У МАРШРУТІ,КІЛЬКІСТЬ ІНШИХ ТОЧОК,ДНІ,ІНТЕНСИВНІСТЬ ПОДОРОЖІ,ЩІЛЬНІСТЬ МІСТ,ЩІЛЬНІСТЬ КРАЇН,ЧАСТКА ІНШИХ ТОЧОК,ЦІННІСТЬ МАРШРУТУ,ЕФЕКТИВНІСТЬ МАРШРУТУ,ПЕРЕВАНТАЖЕНИЙ МАРШРУТ,ПОРОЖНІЙ МАРШРУТ
EUR-1,Адріатичне море Італії (3 ночі),5,3,2,2,6,"0,50","0,33","0,33","0,40","2,30","0,38",0,0
EUR-2,Вікенд у Амстердамі,8,5,4,1,6,"0,83","0,17","0,67","0,13","3,70","0,62",0,0
EUR-3,Балтійський круїз БЕЗ НІЧНИХ,5,5,4,0,6,"0,83","0,00","0,67","0,00","3,50","0,58",0,0
EUR-4,Венеція без нічних,4,2,3,0,5,"0,40","0,00","0,60","0,00","2,10","0,42",0,0
EUR-5,Вікенд у Відні + Зальцбург,6,5,4,0,5,"1,00","0,00","0,80","0,00","3,50","0,70",0,0
EUR-6,Будапешт – Відень,2,2,2,0,4,"0,50","0,00","0,50","0,00","1,60","0,40",0,0
EUR-7,Вікенд у Трансильванії + Трансфагараш,2,1,1,1,4,"0,25","0,25","0,25","0,50","1,00","0,25",0,0
EUR-8,Вікенд у Венеції,3,2,2,0,4,"0,50","0,00","0,50","0,00","1,60","0,40",0,0
EUR-9,Вихідні у Празі + Дрезден,3,2,2,0,4,"0,50","0,00","0,50","0,00","1,60","0,40",0,0
EUR-10,Вікенд у Празі + Дрезден БЕЗ НІЧНИХ,4,2,3,1,4,"0,50","0,25","0,75","0,25","2,30","0,58",0,0
EUR-11,Вікенд у Трансильванії + Бухарест,5,2,1,3,4,"0,50","0,75","0,25","0,60","1,70","0,43",0,0
EUR-12,Італійські різдвяні ярмарки,3,3,1,0,5,"0,60","0,00","0,20","0,00","1,40","0,28",0,0
EUR-13,Канікули в Барселоні,9,4,5,3,8,"0,50","0,38","0,63","0,33","4,30","0,54",0,0
EUR-14,Канікули в Енерджиландії + Краків БЕЗ НІЧНИХ,2,2,1,0,3,"0,67","0,00","0,33","0,00","1,10","0,37",0,0
EUR-15,Краків Закопане Морське Око БЕЗ НІЧНИХ,3,2,1,1,3,"0,67","0,33","0,33","0,33","1,30","0,43",0,0
EUR-16,Найкращі пляжі Європи,11,5,5,3,7,"0,71","0,43","0,71","0,27","4,60","0,66",1,0
EUR-17,Мілан — Комо — Альпи,8,4,2,4,6,"0,67","0,67","0,33","0,50","3,00","0,50",0,0
EUR-18,Морська Італія (7 ночей на Лідо-ді-Єзоло),7,3,1,3,10,"0,30","0,30","0,10","0,43","2,00","0,20",0,0
EUR-19,Новий рік у Кракові БЕЗ НІЧНИХ,2,2,1,0,3,"0,67","0,00","0,33","0,00","1,10","0,37",0,0
EUR-20,Новий рік у Мілані,3,3,1,0,5,"0,60","0,00","0,20","0,00","1,40","0,28",0,0
EUR-21,Вікенд у Будапешті + Відень,2,2,2,0,4,"0,50","0,00","0,50","0,00","1,60","0,40",0,0
EUR-22,Новий рік у Венеції БЕЗ НІЧНИХ,4,2,3,0,5,"0,40","0,00","0,60","0,00","2,10","0,42",0,0
EUR-23,Новий рік у Римі,3,3,1,0,6,"0,50","0,00","0,17","0,00","1,40","0,23",0,0
EUR-24,Париж + Нормандія,5,3,4,1,7,"0,43","0,14","0,57","0,20","3,10","0,44",0,0
EUR-25,Мон-Сен-Мішель – Париж – Брюссель,12,9,5,1,9,"1,00","0,11","0,56","0,08","5,40","0,60",0,0
EUR-26,Південна Італія,11,7,2,1,8,"0,88","0,13","0,25","0,09","3,30","0,41",0,0
EUR-27,Пікнік в Альпах + Гальштат,3,3,2,0,4,"0,75","0,00","0,50","0,00","1,90","0,48",0,0
EUR-28,Прага-Відень-Будапешт,5,5,4,0,4,"1,25","0,00","1,00","0,00","3,50","0,88",0,0
EUR-29,Римські канікули,4,4,2,0,6,"0,67","0,00","0,33","0,00","2,20","0,37",0,0
EUR-30,Різдвяний вікенд у Кракові БЕЗ НІЧНИХ,2,2,1,0,3,"0,67","0,00","0,33","0,00","1,10","0,37",0,0
EUR-31,Скандинавія + Язик Троля,9,7,5,0,10,"0,70","0,00","0,50","0,00","4,60","0,46",0,0
EUR-32,Сонце Море Барселона,5,2,2,3,10,"0,20","0,30","0,20","0,60","2,20","0,22",0,0
EUR-33,Сонячна Греція: Simeon,9,3,3,1,10,"0,30","0,10","0,30","0,11","2,60","0,26",0,0
EUR-34,Сонячна Греція: Asteris Village,9,3,3,1,10,"0,30","0,10","0,30","0,11","2,60","0,26",0,0
EUR-35,Стамбул,1,1,1,0,5,"0,20","0,00","0,20","0,00","0,80","0,16",0,1
EUR-36,Вікенд у Будапешті + Відень,2,2,2,0,4,"0,50","0,00","0,50","0,00","1,60","0,40",0,0
EUR-37,Хелловін у Трансильванії + Бухарест,5,2,1,3,4,"0,50","0,75","0,25","0,60","1,70","0,43",0,0
EUR-38,Чорногорія: де море торкається гір,1,1,1,0,10,"0,10","0,00","0,10","0,00","0,80","0,08",0,1
EUR-39,Швейцарія,8,5,3,1,6,"0,83","0,17","0,50","0,13","3,20","0,53",0,0
ACC-1,Амурний тиждень в Амстердамі і Парижі!!!,10,8,6,1,7,"1,14","0,14","0,86","0,10","5,60","0,80",0,0
ACC-2,"Три щасливих смайлика: Амстердам, Париж, Рим + Лазурове узбережжя!",15,11,8,2,10,"1,10","0,20","0,80","0,13","7,70","0,77",0,0
ACC-3,Мільйон посмішок... або 4 дні в Амстердамі!,14,10,4,1,8,"1,25","0,13","0,50","0,07","5,20","0,65",1,0
ACC-4,"Вояж в Париж  Нормандія, Замки Луари + Люксембург",8,6,5,0,8,"0,75","0,00","0,63","0,00","4,30","0,54",0,0
ACC-5,"Париж, квіти..... і Компліменти!  Амстердам, Брюссель, Париж, Люксембург, Кельн",16,12,6,1,10,"1,20","0,10","0,60","0,06","6,80","0,68",1,0
ACC-6,Три дні в Парижі + Діснейленд,9,6,4,1,7,"0,86","0,14","0,57","0,11","4,00","0,57",0,0
ACC-7,Амурні пригоди в Амстердамі і Парижі!!!,9,7,6,1,7,"1,00","0,14","0,86","0,11","5,30","0,76",0,0
ACC-8,Амстердам та Париж... запалив та привабив...,10,6,6,2,7,"0,86","0,29","0,86","0,20","5,20","0,74",0,0
ACC-9,"Яскравий Бенілюкс: Нідерланди, Бельгія та Люксембург!",9,7,4,0,7,"1,00","0,00","0,57","0,00","4,10","0,59",0,0
ACC-10,"Французький Каприз   4 дні в Парижі + Нормандія, долина Луари, Мон-Сен-Мішель!",17,4,3,2,8,"0,50","0,25","0,38","0,12","3,10","0,39",1,0
ACC-11,"Вітаю, милий Амстердам!",14,7,4,3,7,"1,00","0,43","0,57","0,21","4,70","0,67",1,0
ACC-12,"Бонжур Лямур або 3 дні в Парижі! ...Париж, Діснейленд та Люксембург...",11,5,4,1,7,"0,71","0,14","0,57","0,09","3,70","0,53",1,0
ACC-13,Любовне зізнання: Відень + Прага!,4,4,3,0,5,"0,80","0,00","0,60","0,00","2,70","0,54",0,0
ACC-14,"Бонжорно, Італія + Швейцарія!",14,12,5,1,7,"1,71","0,14","0,71","0,07","6,30","0,90",1,0
ACC-15,"Дивовижний світ  4 дні в Швейцарії Женева, Берн, Люцерн + Монблан",12,7,4,1,7,"1,00","0,14","0,57","0,08","4,30","0,61",1,0
ACC-16,Святкова Прага!!! Виїзд з Києва,7,7,4,0,5,"1,40","0,00","0,80","0,00","4,10","0,82",0,0
ACC-17,Прикольними містами: Дрезден + Прага + Брно + Краків!!!,7,5,3,0,4,"1,25","0,00","0,75","0,00","3,00","0,75",1,0
ACC-18,"Мюнхен і компанія: Краків, Прага, Відень!",5,4,4,1,4,"1,00","0,25","1,00","0,20","3,40","0,85",0,0
ACC-19,"Душевний Вікенд   Краків, Прага, Відень, Будапешт + Егер ",5,5,4,0,4,"1,25","0,00","1,00","0,00","3,50","0,88",0,0
ACC-20,"Відень, я вже їду!",5,4,1,0,4,"1,00","0,00","0,25","0,00","1,70","0,43",0,0
ACC-21,Французька для початківців  Париж+ Діснейленд,11,9,4,0,6,"1,50","0,00","0,67","0,00","4,70","0,78",1,0
ACC-22,"Вікенд на трьох!  Краків, Відень, Будапешт",4,4,3,0,3,"1,33","0,00","1,00","0,00","2,70","0,90",0,0
ACC-23,Секрети смаку: вся Швейцарія + Зальцбург та Відень!!!,14,9,5,1,7,"1,29","0,14","0,71","0,07","5,40","0,77",1,0
ACC-24,"Альпійська симфонія   Цюрих, Женева, Берн + Монблан",13,10,5,1,7,"1,43","0,14","0,71","0,08","5,70","0,81",1,0
ACC-25,"В гостях у Швейцарії   Цюрих, Женева, Берн + Монблан",13,9,4,1,8,"1,13","0,13","0,50","0,08","4,90","0,61",1,0
ACC-26,Празький вогник!,8,5,3,0,5,"1,00","0,00","0,60","0,00","3,00","0,60",1,0
ACC-27,Вікенд в Краків!,5,2,1,0,3,"0,67","0,00","0,33","0,00","1,10","0,37",1,0
ACC-28,Барселона – Королева Півдня,13,7,6,1,8,"0,88","0,13","0,75","0,08","5,30","0,66",1,0
ACC-29,Сонячний поцілунок Барселони,11,8,7,1,8,"1,00","0,13","0,88","0,09","6,10","0,76",0,0
ACC-30,"Шедеври Франції  Етрета, Мон Сан Мішель, Замки Луари",14,8,3,1,8,"1,00","0,13","0,38","0,07","4,10","0,51",1,0
ACC-31,"Все, про що мрію, — це Париж! Je t'aime, mon cher Paris!",11,5,5,1,9,"0,56","0,11","0,56","0,09","4,20","0,47",0,0
ACC-32,Краківський Вояж!,3,1,1,0,2,"0,50","0,00","0,50","0,00","0,80","0,40",0,0
ACC-33,Вікенд в Берліні!,4,2,2,1,4,"0,50","0,25","0,50","0,25","1,80","0,45",0,0
ACC-34,Кастаньєти іспанського серця  3 дні в Барселоні,15,11,9,0,10,"1,10","0,00","0,90","0,00","7,80","0,78",0,0
ACC-35,"Закохані в Париж Діснейленд, Нормандія + Страсбург...",8,6,4,1,6,"1,00","0,17","0,67","0,13","4,00","0,67",0,0
ACC-36,Апельсиновий рай  відпочинок на морі Іспанії та Франції + Швейцарія!!!,15,8,6,1,9,"0,89","0,11","0,67","0,07","5,60","0,62",1,0
ACC-37,Пристрасть по-іспанськи! Відпочинок на морі!,17,7,7,4,10,"0,70","0,40","0,70","0,24","6,40","0,64",1,0
ACC-38,"Романтичний Париж!   Страсбург, Кольмар, Нюрнберг",10,7,4,1,7,"1,00","0,14","0,57","0,10","4,30","0,61",0,0
ACC-39,"Атмосфера свята  Франція та Швейцарія  Париж, Цюріх, Люцерн",9,6,5,0,6,"1,00","0,00","0,83","0,00","4,30","0,72",0,0
ACC-40,"Розкішна подорож  Франція та Швейцарія  Париж, Нормандія, Берн, Цюріх, Люцерн",11,8,5,0,7,"1,14","0,00","0,71","0,00","4,90","0,70",1,0
ACC-41,Іспанська сієста... Відпочинок на морі!,16,7,6,4,11,"0,64","0,36","0,55","0,25","5,90","0,54",0,0
ACC-42,"Любов і голуби… Париж, Франкфурт, Дрезден і Прага!!!",8,5,4,2,6,"0,83","0,33","0,67","0,25","3,90","0,65",0,0
ACC-43,Французький настрій в Парижі та Діснейленді!,9,8,4,0,6,"1,33","0,00","0,67","0,00","4,40","0,73",0,0
ACC-44,В Привабливому Парижі + Мюнхен та Діснейленд!!!,5,5,4,0,6,"0,83","0,00","0,67","0,00","3,50","0,58",0,0
ACC-45,Казкова Прага + Дрезден,2,2,2,0,4,"0,50","0,00","0,50","0,00","1,60","0,40",0,0
ACC-46,Маленька французька подорож Париж та Діснейленд,11,9,5,0,6,"1,50","0,00","0,83","0,00","5,20","0,87",1,0
ACC-47,В повному шоколаді... або 2 дні в Швейцарії!,11,8,5,0,6,"1,33","0,00","0,83","0,00","4,90","0,82",1,0
ACC-48,В полоні Парижа  Діснейленд + Ельзас+ Швейцарія,9,7,4,1,6,"1,17","0,17","0,67","0,11","4,30","0,72",0,0
ACC-49,"Фантастична четвірка: Амстердам, Брюссель, Люксембург та Берлін!",11,9,6,0,6,"1,50","0,00","1,00","0,00","5,70","0,95",1,0
ACC-50,Бельгія для гурманів або 2 дні в Брюсселі!,12,9,3,0,6,"1,50","0,00","0,50","0,00","4,20","0,70",1,0
ACC-51,"Лайк там, де Амстердам!",9,6,3,2,4,"1,50","0,50","0,75","0,22","3,70","0,93",1,0
ACC-52,"Вікенд в Швейцарію або Фондю для двох!  Берн, Цюріх, Люцерн, Інтерлакен, Гріндельвальд",9,5,4,1,5,"1,00","0,20","0,80","0,11","3,70","0,74",1,0
ACC-53,"Зустрінемось в Амстердамі + парк ""Кекенхоф"" і парк розваг Ефтелінг!!!",8,5,4,2,6,"0,83","0,33","0,67","0,25","3,90","0,65",0,0
ACC-54,"Магія Парижа  Діснейленд, замок Нойшвайнштайн, долина Вахау",10,7,4,0,6,"1,17","0,00","0,67","0,00","4,10","0,68",1,0
ACC-55,"Вихідні в Словаччині   Термали, гори і релакс...",8,1,1,0,4,"0,25","0,00","0,25","0,00","0,80","0,20",1,0
ACC-56,"Відпочинок на висоті Швейцарія, Баварія, Австрія  Острів Майнау, Замок Нойшвайнштайн, Світ Сваровскі...",12,7,5,1,7,"1,00","0,14","0,71","0,08","4,80","0,69",1,0
ACC-57,"Мої найкращі друзі    Амстердам, Брюсель, Париж",12,8,6,0,8,"1,00","0,00","0,75","0,00","5,40","0,68",0,0
ACC-58,"Дефіле для романтиків: Прага, Мілан, Венеція",7,6,4,0,5,"1,20","0,00","0,80","0,00","3,80","0,76",0,0
ACC-59,Знайомство з Казанова! Відень+Верона+Венеція,8,6,4,1,5,"1,20","0,20","0,80","0,13","4,00","0,80",1,0
ACC-60,"Коротке побачення в Італії: Верона, Мілан, Венеція",7,5,2,0,6,"0,83","0,00","0,33","0,00","2,50","0,42",0,0
ACC-61,Солодкий круасан - Париж,8,5,4,3,6,"0,83","0,50","0,67","0,38","4,10","0,68",0,0
ACC-62,"Happy days або 5 столиць!!! ...Берлін, Прага, Відень, Будапешт та Варшава...",5,5,5,0,5,"1,00","0,00","1,00","0,00","4,00","0,80",0,0
ACC-63,"Французький реверанс  Париж, Нормандія, Мон-Сен-Мішель, Аквітанія, Замки Луари, Ельзас",17,8,3,0,10,"0,80","0,00","0,30","0,00","3,90","0,39",1,0
ACC-64,"Яскраві нотки Італії: 2 дні в Римі + Флоренція, Венеція",6,5,3,0,6,"0,83","0,00","0,50","0,00","3,00","0,50",0,0
ACC-65,"Сто причин любити Італію, і перша - Рим! Флоренція + Венеція!",18,12,4,0,8,"1,50","0,00","0,50","0,00","5,60","0,70",1,0
ACC-66,"Моя Португалія  Лісабон, Порту, Сінтра, Мадрид, Барселона, Ніцца, Монако!",19,9,7,1,11,"0,82","0,09","0,64","0,05","6,40","0,58",1,0
ACC-67,"Швейцарський вікенд + Баварія Цюріх, Люцерн + Мюнхен та Відень",7,6,4,0,4,"1,50","0,00","1,00","0,00","3,80","0,95",1,0
ACC-68,Мій Італійський вікенд: Венеція+Верона,7,4,2,0,4,"1,00","0,00","0,50","0,00","2,20","0,55",1,0
ACC-69,Вікенд в Доломітах: озеро Блед+озеро Мольвено+Венеція,9,4,3,1,5,"0,80","0,20","0,60","0,11","2,90","0,58",1,0
ACC-70,Заряд бадьорості: Доломітові Альпи+Адріатичне море Італії,11,4,2,1,6,"0,67","0,17","0,33","0,09","2,40","0,40",1,0
ACC-71,Знайомтесь - Німеччина: Берлін + Потсдам + Дрезден + Саксонська Швейцарія,6,4,2,0,4,"1,00","0,00","0,50","0,00","2,20","0,55",0,0
ACC-72,"Кращі коліжанки Чеського королівства + SPA релакс  Прага, Дрезден, Карлові Вари",7,7,3,0,5,"1,40","0,00","0,60","0,00","3,60","0,72",0,0
ACC-73,"Вихідні в Італії  Флоренція, Рим, Венеція",6,5,3,0,5,"1,00","0,00","0,60","0,00","3,00","0,60",0,0
ACC-74,Особливий вікенд: Любляна + Венеція,7,4,3,0,4,"1,00","0,00","0,75","0,00","2,70","0,68",1,0
ACC-75,"Соковитий вікенд: Верона, Рим, Венеція!",5,4,3,0,5,"0,80","0,00","0,60","0,00","2,70","0,54",0,0
ACC-76,Під прапором Греції... Салоніки + Метеори + Афіни + Дельфи,16,4,2,1,8,"0,50","0,13","0,25","0,06","2,40","0,30",1,0
ACC-77,Любовне зізнання: Відень + Прага!,4,4,3,0,5,"0,80","0,00","0,60","0,00","2,70","0,54",0,0
ACC-78,"Мелодії Альп... Швейцарія, Баварія, Австрія +Майнау –острів весняних мрій...",10,7,4,2,5,"1,40","0,40","0,80","0,20","4,50","0,90",1,0
ACC-79,"Чао, Італія! 2 дні в Римі + Флоренція і Венеція!",9,8,4,0,7,"1,14","0,00","0,57","0,00","4,40","0,63",0,0
ACC-80,Секрет вічності… Рим + Флоренція і Венеція,10,8,3,0,7,"1,14","0,00","0,43","0,00","3,90","0,56",0,0
ACC-81,"Таємнича Греція:  Салоніки, Афіни, Метеори",8,2,1,1,7,"0,29","0,14","0,14","0,13","1,30","0,19",0,0
ACC-82,"Скажемо «чііііз» в Італії: 3 дні в Римі + Неаполь, Флоренція і Венеція",14,10,3,0,8,"1,25","0,00","0,38","0,00","4,50","0,56",1,0
ACC-83,"Завжди на висоті... Італія! Флоренція, Рим, Венеція + Доломітові Альпи",19,9,3,1,8,"1,13","0,13","0,38","0,05","4,40","0,55",1,0
ACC-84,Грація Північної Італії,16,6,2,0,8,"0,75","0,00","0,25","0,00","2,80","0,35",1,0
ACC-85,Пригоди невгамовних або ще більше Італії + Сан-Марино,22,15,2,0,10,"1,50","0,00","0,20","0,00","5,50","0,55",1,0
ACC-86,Найкращі хвилини в Італії!,8,6,4,0,6,"1,00","0,00","0,67","0,00","3,80","0,63",0,0
ACC-87,"Стильна Італія... Трієст, Мілан, озеро Комо, Верона!",10,7,3,0,6,"1,17","0,00","0,50","0,00","3,60","0,60",1,0
ACC-88,"Вікенд на трьох! Краків, Відень, Будапешт",4,4,3,0,3,"1,33","0,00","1,00","0,00","2,70","0,90",0,0
ACC-89,"Мелодії Альп...  Швейцарія, Баварія, Австрія...",10,7,4,2,5,"1,40","0,40","0,80","0,20","4,50","0,90",1,0
ACC-90,Італійська пригода: 2 дні в Римі + Адріатичне узбережжя,9,5,3,0,6,"0,83","0,00","0,50","0,00","3,00","0,50",0,0
ACC-91,https://www.accordtour.com/tours/660106/tab/tab_price/tour_date/2026-04-29/cls_number_adult_cnt/%7B1:1%7D/cls_number_child_age/%7B%7D/tour_include_ins/true,8,4,2,1,4,"1,00","0,25","0,50","0,13","2,40","0,60",1,0
ACC-92,Ритми моди:Париж+Мілан,12,8,5,2,8,"1,00","0,25","0,63","0,17","5,30","0,66",0,0
ACC-93,Фіорди Півночі!!!,6,5,4,0,7,"0,71","0,00","0,57","0,00","3,50","0,50",0,0
ACC-94,Вихідні в Ельзасі + Швейцарія,11,10,5,1,5,"2,00","0,20","1,00","0,09","5,70","1,14",1,0
ACC-95,"Мікс щасливих емоцій  Ніцца, Монако, Портофіно",6,4,4,1,6,"0,67","0,17","0,67","0,17","3,40","0,57",0,0
ACC-96,Три щасливі дні  Прага + Дрезден,12,10,3,0,4,"2,50","0,00","0,75","0,00","4,50","1,13",1,0
ACC-97,Французький поцілунок!!!,7,5,4,2,5,"1,00","0,40","0,80","0,29","3,90","0,78",0,0
ACC-98,Вікенд з видом на море: Венеція + відпочинок на Адріатичному морі Італії,6,4,2,1,5,"0,80","0,20","0,40","0,17","2,40","0,48",0,0
ACC-99,В хорошому настрої:  Салоніки + Метеори + відпочинок на Егейському морі,8,1,1,1,5,"0,20","0,20","0,20","0,13","1,00","0,20",1,0
ACC-100,Натхненний вікенд в Трансільванії...,6,2,1,1,3,"0,67","0,33","0,33","0,17","1,30","0,43",1,0
ACC-101,Вище неба: відпочинок у Доломітових Альпах Італії,12,3,3,1,6,"0,50","0,17","0,50","0,08","2,60","0,43",1,0
ACC-102,"Лазурові пригоди  Ніцца, Монако, Канни, Прованс",8,6,4,0,7,"0,86","0,00","0,57","0,00","3,80","0,54",0,0
ACC-103,"Олімпійський привіт: Салоніки, Афіни, Метеори",12,2,1,1,6,"0,33","0,17","0,17","0,08","1,30","0,22",1,0
ACC-104,"Там, де Північ зустрічається з Півднем… Амстердам+Мілан+Венеція!",17,10,5,1,7,"1,43","0,14","0,71","0,06","5,70","0,81",1,0
ACC-105,"Лазурова відпустка  Ніцца, Канни, Монако, Сан Ремо, Портофіно",17,9,5,0,8,"1,13","0,00","0,63","0,00","5,20","0,65",1,0
ACC-106,Яскраві враження.... Амстердам та Париж...,7,5,5,1,7,"0,71","0,14","0,71","0,14","4,20","0,60",0,0
ACC-107,"Рим притягує нас!  Відень, Флоренція та Венеція",6,6,4,0,6,"1,00","0,00","0,67","0,00","3,80","0,63",0,0
ACC-108,"Швейцарська казка  Цюріх, Берн, Женева + Монблан",14,10,5,2,6,"1,67","0,33","0,83","0,14","5,90","0,98",1,0
ACC-109,"Швейцарська інтрига  Австрія, Італія та Доломітові Альпи",9,6,3,0,6,"1,00","0,00","0,50","0,00","3,30","0,55",0,0
ACC-110,"Віденський експрес!  Краків, Відень, Будапешт",5,4,3,0,4,"1,00","0,00","0,75","0,00","2,70","0,68",0,0
ACC-111,Вічна класика: Салоніки + Афіни + Метеори,9,2,1,1,6,"0,33","0,17","0,17","0,11","1,30","0,22",0,0
ACC-112,Перше побачення в Греції:  Салоніки + Олімп + Метеори + Грецькі Альпи,7,1,1,1,5,"0,20","0,20","0,20","0,14","1,00","0,20",0,0
ACC-113,Наш красивий вікенд!,7,4,4,0,5,"0,80","0,00","0,80","0,00","3,20","0,64",0,0
ACC-114,Іспанія – горда квітка Півдня  Відпочинок на морі,10,5,5,0,8,"0,63","0,00","0,63","0,00","4,00","0,50",0,0
ACC-115,Літня відпустка під іспанськими вітрилами  Відпочинок на морі,11,7,6,1,10,"0,70","0,10","0,60","0,09","5,30","0,53",0,0
ACC-116,"Сонячна відпустка:  Трієст, Мілан, Генуя і Венеція",12,7,2,0,6,"1,17","0,00","0,33","0,00","3,10","0,52",1,0
ACC-117,Випускний в Італії: 2 дні в Римі + відпочинок на морі,9,5,3,0,6,"0,83","0,00","0,50","0,00","3,00","0,50",0,0
ACC-118,"Париж в моді, при любій погоді!",11,7,4,2,7,"1,00","0,29","0,57","0,18","4,50","0,64",1,0
ACC-119,"Мрії в подарунок…  Егер, Відень і Будапешт!",10,4,2,0,4,"1,00","0,00","0,50","0,00","2,20","0,55",1,0
ACC-120,Естетика півдня: Амальфітанське узбережжя + Рим,20,12,4,0,9,"1,33","0,00","0,44","0,00","5,60","0,62",1,0
ACC-121,"Love is...Венеція і Париж! + Діснейленд, Верона та Мілан...",9,8,5,0,7,"1,14","0,00","0,71","0,00","4,90","0,70",0,0
ACC-122,Must seе - Amsterdam або 2 дні в Амстердамі!,12,9,4,3,6,"1,50","0,50","0,67","0,25","5,30","0,88",1,0
ACC-123,Мій маленький рай - Чорногорія!,13,5,2,3,8,"0,63","0,38","0,25","0,23","3,10","0,39",1,0
ACC-124,Балканська красуня - Чорногорія!  Відпочинок на Адріатичному узбережжі...,14,7,4,2,8,"0,88","0,25","0,50","0,14","4,50","0,56",1,0
ACC-125,Швейцарське фондю: вся Швейцарія і Австрія!!!,17,9,4,1,10,"0,90","0,10","0,40","0,06","4,90","0,49",1,0
ACC-126,У ритмі літа... Відпочинок на Адріатичному морі Італії,13,8,3,2,8,"1,00","0,25","0,38","0,15","4,30","0,54",1,0
ACC-127,Моя морська насолода!  Відпочинок на Адріатичному морі Італії!,14,9,3,0,8,"1,13","0,00","0,38","0,00","4,20","0,53",1,0
ACC-128,Куточок морського раю… відпочинок на Лігурійському узбережжі Італії,16,5,4,0,9,"0,56","0,00","0,44","0,00","3,50","0,39",1,0
ACC-129,Відпустка на морі: відпочинок на Адріатичному узбережжя Італії,19,10,3,2,10,"1,00","0,20","0,30","0,11","4,90","0,49",1,0
ACC-130,Я і море - це amore: 3 ночі на узбережжі Адріатичного моря Італії,9,4,2,2,6,"0,67","0,33","0,33","0,22","2,60","0,43",0,0
ACC-131,"Скандинавський бум: Стокгольм, Осло, Копенгаген!  3 столиці Скандинавії!",7,6,4,0,7,"0,86","0,00","0,57","0,00","3,80","0,54",0,0
ACC-132,Підкоренні красою… Скандинавія і Фйорди!,10,7,4,0,9,"0,78","0,00","0,44","0,00","4,10","0,46",0,0
ACC-133,Цікаві вихідні в Трансільванії,7,3,1,1,3,"1,00","0,33","0,33","0,14","1,60","0,53",1,0
ACC-134,Серце Адріатики... Чорногорія + Хорватія,14,4,3,2,9,"0,44","0,22","0,33","0,14","3,10","0,34",1,0
ACC-135,Морський бриз Чорногорії,6,3,2,1,8,"0,38","0,13","0,25","0,17","2,10","0,26",0,0
ACC-136,Палкий тиждень в Іспанії,7,4,4,1,10,"0,40","0,10","0,40","0,14","3,40","0,34",0,0
ACC-137,Незнайомка з Півдня... Італія,35,15,4,0,10,"1,50","0,00","0,40","0,00","6,50","0,65",1,0
ACC-138,"Казки Балтійського моря  Стокгольм, Рига, Таллінн",6,6,4,0,5,"1,20","0,00","0,80","0,00","3,80","0,76",0,0
ACC-139,Спокій Адріатики  Відпочинок на морі в Чорногорії,11,5,3,2,10,"0,50","0,20","0,30","0,18","3,40","0,34",0,0
ACC-140,Курортний Роман  Відпочинок на морі Іспанії  Швейцарія + Іспанія + Франція,30,14,10,0,14,"1,00","0,00","0,71","0,00","9,20","0,66",1,0
ACC-141,Серенада південного сонця  Іспанія + Швейцарія   Відпочинок на морі,18,13,9,0,14,"0,93","0,00","0,64","0,00","8,40","0,60",0,0
ACC-142,"«Релакс» по-італійськи: Амальфітанське узбережжя + Рим, Флоренція і Венеція!",18,10,5,0,10,"1,00","0,00","0,50","0,00","5,50","0,55",1,0
ACC-143,Вікенд у Будапешт! + Відень!,5,3,2,0,4,"0,75","0,00","0,50","0,00","1,90","0,48",0,0
ACC-144,"Жага пригод  Амстердам, Париж + Діснейленд",13,8,5,0,7,"1,14","0,00","0,71","0,00","4,90","0,70",1,0
ACC-145,Мої зимові пригоди в Італії: відпочинок в Доломітових Альпах,11,5,4,1,7,"0,71","0,14","0,57","0,09","3,70","0,53",1,0
ACC-146,Східний хіт - Істанбул!,1,1,1,0,7,"0,14","0,00","0,14","0,00","0,80","0,11",0,1
ACC-147,Шалене серце або дорога до улюблених місць...,7,3,3,0,6,"0,50","0,00","0,50","0,00","2,40","0,40",0,0
ACC-148,Захоплюючий вікенд… + Трансфегераш,9,2,1,0,3,"0,67","0,00","0,33","0,00","1,10","0,37",1,0
ACC-149,Побачення з вампіром!!! Бухарест+Брашов,4,3,1,0,4,"0,75","0,00","0,25","0,00","1,40","0,35",0,0
ACC-150,"Там, де сонце торкається гірських вершин…",5,2,1,0,5,"0,40","0,00","0,20","0,00","1,10","0,22",0,0
ACC-151,Вікенд з родзинкою… Замок Корвінів + Турда!,10,0,0,0,3,"0,00","0,00","0,00","0,00","0,00","0,00",1,0
ACC-152,У компанії з морем: Відпочинок на Егейському узбережжі,8,1,1,2,6,"0,17","0,33","0,17","0,25","1,20","0,20",0,0
ACC-153,"Посмішка Кармен! Любляна, Мілан, Барселона, Ніцца та Венеція!",11,8,6,1,8,"1,00","0,13","0,75","0,09","5,60","0,70",0,0
ACC-154,Моя гірська симфонія...,9,5,4,1,6,"0,83","0,17","0,67","0,11","3,70","0,62",0,0
ACC-155,"Таємничий вікенд... Невермор, Дракула, Бухарест...",10,3,1,0,4,"0,75","0,00","0,25","0,00","1,40","0,35",1,0
ACC-156,Солодкі дотики моря... Греція! Відпочинок на Егейському морі!,13,2,1,2,10,"0,20","0,20","0,10","0,15","1,50","0,15",0,0
ACC-157,Сонячна розкіш Чорногорія + Хорватія Відпочинок на морі в Чорногорії,14,4,3,2,11,"0,36","0,18","0,27","0,14","3,10","0,28",0,0
ACC-158,Приємний вікенд  Прага + Дрезден,9,8,3,0,4,"2,00","0,00","0,75","0,00","3,90","0,98",1,0
ACC-159,Празьке дежавю  Прага та Відень,4,4,4,0,4,"1,00","0,00","1,00","0,00","3,20","0,80",0,0
ACC-160,Неймовірні пригоди у Санта-Клауса,5,4,4,0,8,"0,50","0,00","0,50","0,00","3,20","0,40",0,0
ACC-161,Полювання на вампірів,10,3,1,0,4,"0,75","0,00","0,25","0,00","1,40","0,35",1,0
ACC-162,Подорож в Трансільванію…,12,3,1,0,5,"0,60","0,00","0,20","0,00","1,40","0,28",1,0
ACC-163,Ароматний вікенд…,3,0,0,0,3,"0,00","0,00","0,00","0,00","0,00","0,00",0,0
ACC-164,Перше кохання... Прага,8,6,3,0,7,"0,86","0,00","0,43","0,00","3,30","0,47",0,0
ACC-165,Пікнічок в Амстердамі,12,10,4,0,6,"1,67","0,00","0,67","0,00","5,00","0,83",1,0
ACC-166,Побачення в Парижі! + Мюнхен!,7,4,4,2,7,"0,57","0,29","0,57","0,29","3,60","0,51",0,0
ACC-167,Вікенд в Бухаресті...,1,1,1,0,3,"0,33","0,00","0,33","0,00","0,80","0,27",0,1
ACC-168,Максимум насолоди або моя бажана відпустка!!!,4,1,1,0,13,"0,08","0,00","0,08","0,00","0,80","0,06",0,1
ACC-169,Мій літній романс або який солодкий шум прибою... Албанія,5,2,2,0,11,"0,18","0,00","0,18","0,00","1,60","0,15",0,1
ACC-170,"Канікули в Парижі +Страсбург  Діснейленд, Астерікс, Європа Парк",9,8,4,0,7,"1,14","0,00","0,57","0,00","4,40","0,63",0,0
ACC-171,Вікенд в Будапешт! + Хевіз!,5,3,2,0,4,"0,75","0,00","0,50","0,00","1,90","0,48",0,0
ACC-172,"Схід, солодка любов моя... Туреччина + Греція",8,6,4,0,7,"0,86","0,00","0,57","0,00","3,80","0,54",0,0
ACC-173,Музика прибою: Відпочинок на Егейському морі Греції!,9,2,1,2,8,"0,25","0,25","0,13","0,22","1,50","0,19",0,0
ACC-174,Сієста у греків:  відпочинок на Егейському морі і Охридському озері,13,3,2,1,11,"0,27","0,09","0,18","0,08","2,10","0,19",0,0
ACC-175,"Всі фарби Балкан  Албанія, Північна Македонія, Болгарія",7,4,3,0,10,"0,40","0,00","0,30","0,00","2,70","0,27",0,0
ACC-176,Неймовірне знайомство... Македонія + Албанія,3,1,1,0,11,"0,09","0,00","0,09","0,00","0,80","0,07",0,1
ACC-177,Мій літній коктейль…  Тур з відпочинком на морі в Албанії…,4,2,2,0,13,"0,15","0,00","0,15","0,00","1,60","0,12",0,1
ACC-178,Аромат зі східними нотами...,14,5,4,1,8,"0,63","0,13","0,50","0,07","3,70","0,46",1,0
ACC-179,Лапландія і Томтеленд - У світі Санта Клауса!,7,2,2,0,10,"0,20","0,00","0,20","0,00","1,60","0,16",0,0
ACC-180,Полуниця з Портвейном... Португалія,27,10,8,0,14,"0,71","0,00","0,57","0,00","7,00","0,50",1,0
ACC-181,Амстердам - ковток свободи,14,10,4,0,6,"1,67","0,00","0,67","0,00","5,00","0,83",1,0
ACC-182,"Веселий ярмарок...  Різдвяна Німеччина та Франція.  Дрезден, Нюрнберг, Страсбург, Кольмар, Прага",7,7,4,0,5,"1,40","0,00","0,80","0,00","4,10","0,82",0,0
ACC-183,Без меж - Будапешт!  Виїзд  з Києва,9,5,3,0,5,"1,00","0,00","0,60","0,00","3,00","0,60",1,0
ADR-1,Чеські перлини: 4 ночі в Празі + Дрезден  ,6,6,3,0,5,"1,20","0,00","0,60","0,00","3,30","0,66",0,0
ADR-2,"Рим прекрасний завжди...: 2 дні в Римі + Венеція, Флоренція  ",9,5,2,0,6,"0,83","0,00","0,33","0,00","2,50","0,42",0,0
ADR-3,Європейська мозаїка: Краків-Прага-Відень-Будапешт ,6,5,4,0,4,"1,25","0,00","1,00","0,00","3,50","0,88",0,0
ADR-4,Неймовірна Швейцарія та Ельзас!  ,10,9,6,0,5,"1,80","0,00","1,20","0,00","5,70","1,14",1,0
ADR-5,"Італійський вікенд... Венеція, Флоренція, Рим  ",6,5,3,0,5,"1,00","0,00","0,60","0,00","3,00","0,60",0,0
ADR-6,Париж - місто кохання ,6,6,4,0,6,"1,00","0,00","0,67","0,00","3,80","0,63",0,0
ADR-7,«Австрійський хіт + Будапешт» ,4,4,2,0,4,"1,00","0,00","0,50","0,00","2,20","0,55",0,0
ADR-8,"Богемські вихідні: 3 ночі в Празі + Дрезден, Карлові Вари, Чеський Крумлов  ",7,7,3,0,4,"1,75","0,00","0,75","0,00","3,60","0,90",1,0
ADR-9,Мікс вікенд: Будапешт + Відень  ,3,3,2,0,4,"0,75","0,00","0,50","0,00","1,90","0,48",0,0
ADR-10,Так добре разом: Париж+ Бенілюкс  ,16,8,7,0,8,"1,00","0,00","0,88","0,00","5,90","0,74",1,0
ADR-11,Містична Трансільванія  ,2,1,1,0,3,"0,33","0,00","0,33","0,00","0,80","0,27",0,0
ADR-12,"Смарагди Польщі: Морське Око, Закопане, Краків ",2,2,1,0,3,"0,67","0,00","0,33","0,00","1,10","0,37",0,0
ADR-13,Вікенд в Трансільванії  ,2,1,1,0,4,"0,25","0,00","0,25","0,00","0,80","0,20",0,0
ADR-14,"Прага - місто, яке обрало мене ",3,3,3,0,4,"0,75","0,00","0,75","0,00","2,40","0,60",0,0
ADR-15,"Погляд в минуле: 3 дні в Римі + Помпеї, Неаполь  ",9,8,4,0,8,"1,00","0,00","0,50","0,00","4,40","0,55",0,0
ADR-16,Який чудовий Краків + парк Енерджіландія  ,3,2,1,0,3,"0,67","0,00","0,33","0,00","1,10","0,37",0,0
ADR-17,Прага - моє улюблене місто ,3,3,3,0,4,"0,75","0,00","0,75","0,00","2,40","0,60",0,0
ADR-18,"О Рим, ти цілий світ! ",8,7,5,0,6,"1,17","0,00","0,83","0,00","4,60","0,77",0,0
ADR-19,Зустрічаємось в Парижі + Мюнхен та Зальцбург ,6,5,5,0,6,"0,83","0,00","0,83","0,00","4,00","0,67",0,0
ADR-20,Веселі канікули: 3 дні в Парижі + Нормандія та Діснейленд!  ,12,7,4,0,7,"1,00","0,00","0,57","0,00","4,10","0,59",1,0
ADR-21,Румунія запрошує! Бухарест + замки Трансільванії  ,2,2,1,0,4,"0,50","0,00","0,25","0,00","1,10","0,28",0,0
ADR-22,Блискучий вікенд: Дрезден - Прага - Відень - Будапешт  ,8,7,5,0,5,"1,40","0,00","1,00","0,00","4,60","0,92",1,0
ADR-23,Кращі з кращих: Відень-Зальцбург-Мюнхен  ,4,4,3,0,4,"1,00","0,00","0,75","0,00","2,70","0,68",0,0
ADR-24,Який чудовий цей Краків  ,3,2,1,0,3,"0,67","0,00","0,33","0,00","1,10","0,37",0,0
ADR-25,Приємний вікенд: Краків-Прага-Відень-Будапешт  ,5,5,4,0,4,"1,25","0,00","1,00","0,00","3,50","0,88",0,0
ADR-26,Париж - це пристрасть! Париж - це свято!»,14,9,4,0,7,"1,29","0,00","0,57","0,00","4,70","0,67",1,0
ADR-27,"Відпустка класу ""Люкс"" - країни БеНіЛюкс!  ",9,6,6,0,6,"1,00","0,00","1,00","0,00","4,80","0,80",0,0
ADR-28,Наш чудовий вікенд: Краків-Дрезден-Прага  ,6,6,3,0,4,"1,50","0,00","0,75","0,00","3,30","0,83",0,0
ADR-29,"Від краю до краю: Париж, Амстердам, Нормандія… ",15,10,6,0,7,"1,43","0,00","0,86","0,00","6,00","0,86",1,0
ADR-30,"Французький колорит: Париж, Страсбург та Діснейленд!  ",13,7,5,0,6,"1,17","0,00","0,83","0,00","4,60","0,77",1,0
ADR-31,"Vive La France! Мон-Сен-Мішель, Луара та Нормандія! ",13,6,4,0,7,"0,86","0,00","0,57","0,00","3,80","0,54",1,0
ADR-32,Гарно так: Париж + Цюрих! ,12,6,5,0,6,"1,00","0,00","0,83","0,00","4,30","0,72",1,0
ADR-33,"Швейцарія для тебе... Гріндельвальд, Швейцарська Рів'єра, гора Пілатус + гора Монблан!  ",11,9,5,0,6,"1,50","0,00","0,83","0,00","5,20","0,87",1,0
ADR-34,Вікенд в Швейцарію + Зальцбург та Прага! ,6,5,4,0,4,"1,25","0,00","1,00","0,00","3,50","0,88",0,0
ADR-35,Побачення на двох - Венеція і Верона… ,4,4,2,0,4,"1,00","0,00","0,50","0,00","2,20","0,55",0,0
ADR-36,"Смак Тоскани: Флоренція, Сієна та Сан-Джиміньяно  ",16,6,3,0,7,"0,86","0,00","0,43","0,00","3,30","0,47",1,0
ADR-37,Прекрасна - як мадонна! Донна Барселона!  ,10,8,6,0,8,"1,00","0,00","0,75","0,00","5,40","0,68",0,0
ADR-38,Австрійський вікенд: Відень - Зальцбург - Прага  ,4,3,2,0,4,"0,75","0,00","0,50","0,00","1,90","0,48",0,0
ADR-39,Міста для поцілунків: Відень-Венеція-Верона  ,6,5,4,0,5,"1,00","0,00","0,80","0,00","3,50","0,70",0,0
ADR-40,Незабутня відпустка в Німеччині  ,5,2,2,0,6,"0,33","0,00","0,33","0,00","1,60","0,27",0,0
ADR-41,Доломітові Альпи Італії: Відпочинок на вершині небес  ,6,2,2,0,6,"0,33","0,00","0,33","0,00","1,60","0,27",0,0
ADR-42,"Краса без фільтрів: Зальцбург, Гальштат та озерний край Зальцкаммергут ",6,4,3,0,5,"0,80","0,00","0,60","0,00","2,70","0,54",0,0
ADR-43,Париж та Амстердам збирає друзів!  ,12,7,6,0,7,"1,00","0,00","0,86","0,00","5,10","0,73",1,0
ADR-44,Італія моя любов... Венеція-Мілан-Верона  ,5,5,2,0,5,"1,00","0,00","0,40","0,00","2,50","0,50",0,0
ADR-45,"Від Альп до пальм: 3 дні в Барселоні + Зальцбург, Цюрих ",9,7,7,0,9,"0,78","0,00","0,78","0,00","5,60","0,62",0,0
ADR-46,Незабутні моменти в Доломітових Альпах  ,7,4,3,0,7,"0,57","0,00","0,43","0,00","2,70","0,39",0,0
ADR-47,"Альпійська розкіш: Словенія, Італія та Австрія  ",8,5,3,0,5,"1,00","0,00","0,60","0,00","3,00","0,60",1,0
ADR-48,Привіт Париж! (3 дні в Парижі + Нормандія та Діснейленд ,13,8,6,0,7,"1,14","0,00","0,86","0,00","5,40","0,77",1,0
ADR-49,Подаруй собі Amsterdam  ,13,11,5,0,7,"1,57","0,00","0,71","0,00","5,80","0,83",1,0
ADR-50,Селфі в Амстердамі ,10,8,4,0,6,"1,33","0,00","0,67","0,00","4,40","0,73",1,0
ADR-51,Слідами вікінгів: Стокгольм + Осло  ,9,8,6,0,7,"1,14","0,00","0,86","0,00","5,40","0,77",0,0
ADR-52,"Ах, мій милий Амстердам… ",10,8,3,0,6,"1,33","0,00","0,50","0,00","3,90","0,65",1,0
ADR-53,Романтика Адріатики: Хорватія та Чорногорія  ,12,7,3,0,7,"1,00","0,00","0,43","0,00","3,60","0,51",1,0
ADR-54,"Подорож Балканами: Хорватія, Чорногорія, Албанія, Македонія та Боснія і Герцеговина  ",15,7,5,0,9,"0,78","0,00","0,56","0,00","4,60","0,51",1,0
ADR-55,"Ми в Ніццу, в Ніццу з вітерцем  ",18,8,5,0,8,"1,00","0,00","0,63","0,00","4,90","0,61",1,0
ADR-56,Лазурна перлина - Ніцца  ,20,8,5,0,9,"0,89","0,00","0,56","0,00","4,90","0,54",1,0
ADR-57,Тіроль - серце Альп ,8,5,3,0,6,"0,83","0,00","0,50","0,00","3,00","0,50",0,0
ADR-58,"Венеція - земля кохання і море чар… Портофіно, Мілан, озеро Комо  ",6,6,3,0,6,"1,00","0,00","0,50","0,00","3,30","0,55",0,0
ADR-59,"Світ фантазій: Амстердам, Брюссель, Париж + парки розваг!  ",18,11,6,0,9,"1,22","0,00","0,67","0,00","6,30","0,70",1,0
ADR-60,"Земля фіордів, льодовиків... Норвегія... ",7,5,4,0,7,"0,71","0,00","0,57","0,00","3,50","0,50",0,0
ADR-61,"Італійський вікенд... Венеція, Флоренція, Рим ",3,3,1,0,5,"0,60","0,00","0,20","0,00","1,40","0,28",0,0
ADR-62,Вікенд в Берліні  ,4,3,2,0,4,"0,75","0,00","0,50","0,00","1,90","0,48",0,0
ADR-63,"Польськими містами - Краків, Вроцлав, Варшава + Енерджіландія, Африкаріум і аквапарк ",3,3,1,0,5,"0,60","0,00","0,20","0,00","1,40","0,28",0,0
ADR-64,"Секрети півночі: Стокгольм, Копенгаген та Гамбурґ  ",11,9,6,0,8,"1,13","0,00","0,75","0,00","5,70","0,71",0,0
ADR-65,Європейський експрес - від Кракова до Берліна ,6,6,3,0,5,"1,20","0,00","0,60","0,00","3,30","0,66",0,0
ADR-66,"Три дні релаксу: Будапешт, Егер, Токай + Відень  ",8,4,2,0,3,"1,33","0,00","0,67","0,00","2,20","0,73",1,0
ADR-67,Слідами таємниць і легенд: Вроцлав-Берлін-Дрезден  ,4,4,2,0,4,"1,00","0,00","0,50","0,00","2,20","0,55",0,0
ADR-68,Дрезден та Берлін - Живи і Подорожуй  ,4,3,2,0,4,"0,75","0,00","0,50","0,00","1,90","0,48",0,0
ADR-69,Італійські канікули на трьох морях ,15,7,3,0,7,"1,00","0,00","0,43","0,00","3,60","0,51",1,0
ADR-70,Пригоди в Парижі + Кольмар та Страсбург!  ,12,6,4,0,6,"1,00","0,00","0,67","0,00","3,80","0,63",1,0
ADR-71,Подорож до мрії: Париж та Діснейленд  ,12,7,4,0,6,"1,17","0,00","0,67","0,00","4,10","0,68",1,0
ADR-72,"Тур де Франс: Париж, Мон-Сен-Мішель, Луара та Нормандія! ",20,9,4,0,8,"1,13","0,00","0,50","0,00","4,70","0,59",1,0
ADR-73,"Магія Скандинавії: Фіорди, Язик Троля, Берген, Льодовик!  ",8,6,4,0,7,"0,86","0,00","0,57","0,00","3,80","0,54",0,0
ADR-74,Давай разом в Амстердам  ,11,8,4,0,6,"1,33","0,00","0,67","0,00","4,40","0,73",1,0
ADR-75,Чорногорія - перлина Балканської Адріатики  ,9,6,3,0,12,"0,50","0,00","0,25","0,00","3,30","0,28",0,0
ADR-76,Морські історії в серці Чорногорії  ,9,6,3,0,12,"0,50","0,00","0,25","0,00","3,30","0,28",0,0
ADR-77,Вдала ідея - відпустка в Чорногорії,9,6,3,0,12,"0,50","0,00","0,25","0,00","3,30","0,28",0,0
ADR-78,Знайомство з Норвегією: 4 фіорди + Язик Троля/Берген/Льодовик!» ,8,6,4,0,7,"0,86","0,00","0,57","0,00","3,80","0,54",0,0
ADR-79,Казкові канікули у Парижі + Нормандія! ,12,7,4,0,7,"1,00","0,00","0,57","0,00","4,10","0,59",1,0
ADR-80,"Лігурійське узбережжя - відпочинок в задоволення: Генуя, Флоренція, Венеція  ",7,7,2,0,6,"1,17","0,00","0,33","0,00","3,10","0,52",0,0
ADR-81,Грецькі канікули (7 ночей на морі) ,5,1,1,0,10,"0,10","0,00","0,10","0,00","0,80","0,08",0,0
ADR-82,«Італія моя любов... Венеція-Мілан-Верона»,5,5,2,0,5,"1,00","0,00","0,40","0,00","2,50","0,50",0,0
ADR-83,Еліксир кохання або 3 дні в Парижі: Нормандія + Ельзас,14,8,4,0,7,"1,14","0,00","0,57","0,00","4,40","0,63",1,0
ADR-84,Селфі в Парижі + Берлін та Прага!  ,7,7,4,0,5,"1,40","0,00","0,80","0,00","4,10","0,82",0,0
ADR-85,Грецькі контрасти (7 ночей на морі в Калітеї)  ,5,1,1,0,10,"0,10","0,00","0,10","0,00","0,80","0,08",0,0
ADR-86,Візьми мене до Греції ,5,1,1,0,10,"0,10","0,00","0,10","0,00","0,80","0,08",0,0
ADR-87,Греція - моя любов  ,4,1,1,0,10,"0,10","0,00","0,10","0,00","0,80","0,08",0,1
ADR-88,"Казковими містами: Амстердам, Брюссель, Париж ",18,8,6,0,8,"1,00","0,00","0,75","0,00","5,40","0,68",1,0
ADR-89,Ласкаво просимо в Стокгольм ,5,5,5,0,6,"0,83","0,00","0,83","0,00","4,00","0,67",0,0
ADR-90,Балтійський дует: Таллінн та Стокгольм  ,3,3,3,0,5,"0,60","0,00","0,60","0,00","2,40","0,48",0,0
ADR-91,Золоті піски Іспанії! (6 ночей на морі)  ,13,5,4,0,12,"0,42","0,00","0,33","0,00","3,50","0,29",0,0
ADR-92,Шарм Парижу та розкіш Нормандії!  ,12,7,3,0,7,"1,00","0,00","0,43","0,00","3,60","0,51",1,0
ADR-93,"Хвилями Балтійського моря: Таллінн, Гельсінкі, Стокгольм  ",7,6,5,0,6,"1,00","0,00","0,83","0,00","4,30","0,72",0,0
ADR-94,Незабутній Амстердам  ,9,7,4,0,5,"1,40","0,00","0,80","0,00","4,10","0,82",1,0
ADR-95,Ідеальна формула Швейцарії: Пілатус + Матергорн + Сан-Бернардіно та Монблан!  ,13,7,5,0,7,"1,00","0,00","0,71","0,00","4,60","0,66",1,0
ADR-96,Прекрасні дні в Швейцарії!  ,7,7,4,0,5,"1,40","0,00","0,80","0,00","4,10","0,82",0,0
ADR-97,"Стильна Франція: Мон-Сен-Мішель, Луара та Нормандія!  ",17,8,5,0,8,"1,00","0,00","0,63","0,00","4,90","0,61",1,0
ADR-98,Океан почуттів - Португалія!  ,31,12,6,0,14,"0,86","0,00","0,43","0,00","6,60","0,47",1,0
ADR-99,"Вікенд в Хорватії - сонце, море і термали  ",4,2,2,0,4,"0,50","0,00","0,50","0,00","1,60","0,40",0,0
ADR-100,"Адріатичні пригоди: Любляна, Загреб, Плітвіцькі озера та острів Крк  ",4,3,3,0,5,"0,60","0,00","0,60","0,00","2,40","0,48",0,0
ADR-101,Солодкий тиждень - Франція та Швейцарія! ,13,8,5,0,7,"1,14","0,00","0,71","0,00","4,90","0,70",1,0
ADR-102,"Париж запалює серця… Мюнхен, Дрезден, Прага та Діснейленд  ",12,7,4,0,6,"1,17","0,00","0,67","0,00","4,10","0,68",1,0
ADR-103,"Чудеса Швейцарії: Гріндельвальд, Бріенц, Цюрих, Люцерн, Верзаска та Лугано  ",7,5,4,0,6,"0,83","0,00","0,67","0,00","3,50","0,58",0,0
ADR-104,Кохання в Льорет-де-Мар (5 ночей на морі)  ,23,10,8,0,12,"0,83","0,00","0,67","0,00","7,00","0,58",1,0
ADR-105,"Південна красуня, красуня Іспанія  ",17,6,6,0,10,"0,60","0,00","0,60","0,00","4,80","0,48",1,0
ADR-106,Ідеальне літо в Іспанії (5 ночей на морі) ,17,7,6,0,11,"0,64","0,00","0,55","0,00","5,10","0,46",1,0
ADR-107,Бажання дам - Амстердам! 3 дні в Амстердамі + парк Кекенхоф,11,7,3,0,6,"1,17","0,00","0,50","0,00","3,60","0,60",1,0
ADR-108,Альпійські чари! Швейцарія + Італія + Австрія…  ,10,9,5,0,6,"1,50","0,00","0,83","0,00","5,20","0,87",1,0
ADR-109,"Якщо на землі є рай, то це Швейцарія  ",8,6,5,0,5,"1,20","0,00","1,00","0,00","4,30","0,86",1,0
ADR-110,Just Hvar. Просто Хвар» (7 ночей на морі в Хорватії)  ,6,3,2,0,10,"0,30","0,00","0,20","0,00","1,90","0,19",0,0
ADR-111,Хорватія... Мить насолоди. Острів Хвар  ,6,3,2,0,10,"0,30","0,00","0,20","0,00","1,90","0,19",0,0
ADR-112,"Амстердам від ""А"" до ""М"" або 4 дні в Нідерландах + парк Кекенхоф",13,10,4,0,7,"1,43","0,00","0,57","0,00","5,00","0,71",1,0
ADR-113,Вище хмар - Швейцарія..,11,8,6,0,8,"1,00","0,00","0,75","0,00","5,40","0,68",0,0
ADR-114,Країна гір і моря... Моя Чорногорія  ,9,5,3,0,8,"0,63","0,00","0,38","0,00","3,00","0,38",0,0
ADR-115,"Казкові три дні на Лазурному березі! Ніцца, Канни та Монако  ",12,6,5,0,7,"0,86","0,00","0,71","0,00","4,30","0,61",1,0
ADR-116,Канікули у Франції! Парки розваг + Нормандія!  ,12,6,4,0,7,"0,86","0,00","0,57","0,00","3,80","0,54",1,0
ADR-117,"Вітаю, Montenegro!  ",6,3,2,0,7,"0,43","0,00","0,29","0,00","1,90","0,27",0,0
ADR-118,"Buona sera, Сицилія: Палермо, Катанія, Етна + морський круїз»  ",15,6,2,0,11,"0,55","0,00","0,18","0,00","2,80","0,25",0,0
ADR-119,"Сонячна Апулія: Барі, Матера та Альберобелло  ",19,11,4,0,10,"1,10","0,00","0,40","0,00","5,30","0,53",1,0
ADR-120,Мелодії Адріатичного моря  ,9,7,2,0,8,"0,88","0,00","0,25","0,00","3,10","0,39",0,0
ADR-121,Італія - морська спокуса: 5 ночей на морі в Ріміні  ,10,8,2,0,8,"1,00","0,00","0,25","0,00","3,40","0,43",0,0
ADR-122,"Під одним небом, Рим та Париж! ",17,10,6,0,8,"1,25","0,00","0,75","0,00","6,00","0,75",1,0
ADR-123,Тур від кутюр: Париж та Мілан!  ,15,10,6,0,8,"1,25","0,00","0,75","0,00","6,00","0,75",1,0
ADR-124,На хвилинку в Амстердам + парк Кекенхоф  ,8,5,3,0,5,"1,00","0,00","0,60","0,00","3,00","0,60",1,0
ADR-125,Яскраві барви Адріатики: 6 ночей на морі в Ріміні  ,6,4,1,0,9,"0,44","0,00","0,11","0,00","1,70","0,19",0,0
ADR-126,"Дивовижні канікули в Нідерландах + 4 парки: ""Fantasialand"", ""Efteling"", ""Keukenhof"" та ""Madurodam""  ",11,8,5,0,7,"1,14","0,00","0,71","0,00","4,90","0,70",1,0
ADR-127,Красуня Албанія  ,5,1,1,0,12,"0,08","0,00","0,08","0,00","0,80","0,07",0,1
ADR-128,Дорогами казкової Німеччини: Мюнхен + замок Нойшванштайн  ,7,6,5,0,5,"1,20","0,00","1,00","0,00","4,30","0,86",0,0
ADR-129,Європейський випускний: Краків - Прага - Відень - Будапешт,6,5,4,0,4,"1,25","0,00","1,00","0,00","3,50","0,88",0,0
ADR-130,Дитячі пригоди в Італії + парки розваг Гардаленд та Леоландія  ,4,4,2,0,5,"0,80","0,00","0,40","0,00","2,20","0,44",0,0
ADR-131,Наша Хорватська відпустка  ,7,3,2,0,10,"0,30","0,00","0,20","0,00","1,90","0,19",0,0
ADR-132,Італія серце Адріатики: 5 ночей на морі в Лідо ді Єзоло  ,8,5,2,0,9,"0,56","0,00","0,22","0,00","2,50","0,28",0,0
ADR-133,"Марципанові канікули в Угорщині: Будапешт, Сентендре + аквапарк Aquasziget, зоопарк Шошто  ",4,2,1,0,3,"0,67","0,00","0,33","0,00","1,10","0,37",0,0
ADR-134,Барселона - серце Каталонії  ,12,7,5,0,8,"0,88","0,00","0,63","0,00","4,60","0,58",0,0
ADR-135,Літня відпустка в Албанії  ,8,1,1,0,12,"0,08","0,00","0,08","0,00","0,80","0,07",0,0
ADR-136,"Рандеву в Парижі + Ельзас = 5 днів у Франції (Нормандія, Замки Луари, Мон-Сен-Мішель + 2 парки розваг) ",17,9,4,0,8,"1,13","0,00","0,50","0,00","4,70","0,59",1,0
DAV-1,Празький вікенд з Києва,5,3,3,0,5,"0,60","0,00","0,60","0,00","2,40","0,48",0,0
DAV-2,Європейський вікенд,5,2,2,0,6,"0,33","0,00","0,33","0,00","1,60","0,27",0,0
DAV-3,Грецькі Канікули (Олімпійська Рив'єра) 2025,7,2,2,2,9,"0,22","0,22","0,22","0,29","2,00","0,22",0,0
DAV-4,Bella Італія - відпочинок на морі,9,4,2,0,9,"0,44","0,00","0,22","0,00","2,20","0,24",0,0
DAV-5,Грецькі Канікули (Олімпійська Рив'єра) 2025,7,2,2,2,10,"0,20","0,20","0,20","0,29","2,00","0,20",0,0
DAV-6,Молодіжний центр Orfeas Olympic Camp у Греції 2025,11,3,2,0,12,"0,25","0,00","0,17","0,00","1,90","0,16",0,0
DAV-7,Чарівна Італія з Одеси,10,5,4,0,8,"0,63","0,00","0,50","0,00","3,50","0,44",0,0
DAV-8,Альпійський вікенд,7,5,4,0,6,"0,83","0,00","0,67","0,00","3,50","0,58",0,0
DAV-9,Казкова Угорщина + Відень,3,2,2,0,4,"0,50","0,00","0,50","0,00","1,60","0,40",0,0
DAV-10,"Мріючи про нього: Амстердам, Брюссель, Париж, Люксембург, Прага і Берлін!",10,6,7,0,8,"0,75","0,00","0,88","0,00","5,30","0,66",0,0
DAV-11,Казкова Угорщина + Відень,0,0,0,0,4,"0,00","0,00","0,00",#DIV/0!,"0,00","0,00",0,1
ITR-1,Неповторна Баварія + Прага та Відень,5,4,4,0,5,"0,80","0,00","0,80","0,00","3,20","0,64",0,0
ITR-2,"VIVA Італія! Венеція, Мілан, озера Гарда та Комо",5,4,2,0,5,"0,80","0,00","0,40","0,00","2,20","0,44",0,0
ITR-3,Баварська мрія,6,4,3,0,6,"0,67","0,00","0,50","0,00","2,70","0,45",0,0
ITR-4,Париж та голуби: 3 дні в Парижі (без нічних переїздів),11,6,4,0,7,"0,86","0,00","0,57","0,00","3,80","0,54",1,0
ITR-5,"Три бажання: Краків, Прага та Відень",3,3,3,0,4,"0,75","0,00","0,75","0,00","2,40","0,60",0,0
ITR-6,Амстердамський експрес,5,5,4,0,6,"0,83","0,00","0,67","0,00","3,50","0,58",0,0
ITR-7,Круасани і тюльпани: Амстердам + Париж,7,6,6,0,8,"0,75","0,00","0,75","0,00","4,80","0,60",0,0
ITR-8,Голландський калейдоскоп,11,9,4,0,7,"1,29","0,00","0,57","0,00","4,70","0,67",1,0
ITR-9,"Столичні пригоди: Будапешт, Відень, Прага + Краків!",4,4,4,0,4,"1,00","0,00","1,00","0,00","3,20","0,80",0,0
ITR-10,Словацька мелодія з Віденським шармом!,5,2,2,0,5,"0,40","0,00","0,40","0,00","1,60","0,32",0,0
ITR-11,Кураж столицями,6,4,4,0,4,"1,00","0,00","1,00","0,00","3,20","0,80",0,0
ITR-12,Угорський танок: Будапешт і Відень,6,4,2,0,4,"1,00","0,00","0,50","0,00","2,20","0,55",0,0
ITR-13,"Європейська розкіш – Ніцца, Монако, Портофіно…",7,5,4,0,6,"0,83","0,00","0,67","0,00","3,50","0,58",0,0
ITR-14,Лазурний МЕГАтур,9,7,5,0,8,"0,88","0,00","0,63","0,00","4,60","0,58",0,0
ITR-15,Лазурний шик: 2 дні на Рив'єрі,9,7,4,0,7,"1,00","0,00","0,57","0,00","4,10","0,59",0,0
ITR-16,Джульєтта і гондоли,3,3,2,0,4,"0,75","0,00","0,50","0,00","1,90","0,48",0,0
ITR-17,"Спокусливе тріо: Венеція, Ніцца, Барселона",9,7,6,0,9,"0,78","0,00","0,67","0,00","5,10","0,57",0,0
ITR-18,"Тисячі лайків: Венеція, Рим, Флоренцію, Піза",6,3,3,0,5,"0,60","0,00","0,60","0,00","2,40","0,48",0,0
ITR-19,Італійська симфонія: Венеція + Доломітові Альпи,7,4,4,0,6,"0,67","0,00","0,67","0,00","3,20","0,53",0,0
ITR-20,Доломітові Альпи - мандрівка серед величі вершин,6,4,3,0,7,"0,57","0,00","0,43","0,00","2,70","0,39",0,0
ITR-21,Альпійський експрес: Швейцарія + Австрія,9,8,4,0,6,"1,33","0,00","0,67","0,00","4,40","0,73",0,0
ITR-22,"Тур-де-Круасан: Париж (4 дні), Нормандія, замки Луари",11,7,4,0,8,"0,88","0,00","0,50","0,00","4,10","0,51",0,0
ITR-23,"Їж.Люби.Подорожуй: Венеція, Рим 2 ночі, Флоренцію, Піза",8,5,4,0,7,"0,71","0,00","0,57","0,00","3,50","0,50",0,0
ITR-24,Альпійська красуня – Швейцарія,10,5,3,0,6,"0,83","0,00","0,50","0,00","3,00","0,50",1,0
ITR-25,"Романтичний мікс: Кельн, Люксембург, Страсбург",10,7,5,0,7,"1,00","0,00","0,71","0,00","4,60","0,66",0,0
ITR-26,"VIVA Італія! Венеція, Мілан, озера Гарда та Комо",5,3,1,2,5,"0,60","0,40","0,20","0,40","1,80","0,36",0,0
ITR-27,Benelux - таємниці трьох країн,9,7,5,0,6,"1,17","0,00","0,83","0,00","4,60","0,77",0,0
ITR-28,Європейська відпустка у Europa Park,7,6,4,0,7,"0,86","0,00","0,57","0,00","3,80","0,54",0,0
ITR-29,Берлінський експресс,5,3,2,0,4,"0,75","0,00","0,50","0,00","1,90","0,48",0,0
ITR-30,Лазурний шик: 2 дні на Рив’єрі,12,7,4,1,7,"1,00","0,14","0,57","0,08","4,30","0,61",1,0
ITR-31,"Кава та круасан: Відень, Париж, Зальцбург",8,7,3,0,6,"1,17","0,00","0,50","0,00","3,60","0,60",0,0
ITR-32,"Європейські канікули – Прага, Париж, Берлін",7,6,4,0,6,"1,00","0,00","0,67","0,00","3,80","0,63",0,0
ITR-33,Італійська симфонія: Венеція + Доломітові Альпи,6,4,4,0,6,"0,67","0,00","0,67","0,00","3,20","0,53",0,0
ITR-34,Канікули у Данії: Legoland,7,6,3,0,6,"1,00","0,00","0,50","0,00","3,30","0,55",0,0
ITR-35,Паризька мрія – 3 дні в Парижі!,5,5,4,0,7,"0,71","0,00","0,57","0,00","3,50","0,50",0,0
ITR-36,"Смак Франції: Париж, Нормандія, Ельзас",9,7,4,0,7,"1,00","0,00","0,57","0,00","4,10","0,59",0,0
ITR-37,МЕГАтур до Чорногорії,11,4,3,0,10,"0,40","0,00","0,30","0,00","2,70","0,27",0,0
ITR-38,Джульєтта і гондоли,4,3,2,0,4,"0,75","0,00","0,50","0,00","1,90","0,48",0,0
ITR-39,"Тисячі лайків: Венеція, Рим, Піза Флоренція",6,5,2,0,5,"1,00","0,00","0,40","0,00","2,50","0,50",0,0
ITR-40,На вікенд до двох сестер: Латвія-Литва,3,3,2,0,4,"0,75","0,00","0,50","0,00","1,90","0,48",0,0
ITR-41,Балтійські пригоди,4,3,2,0,4,"0,75","0,00","0,50","0,00","1,90","0,48",0,0
ITR-42,"Балтійські Скарби + круїз до Стокгольму : Таллін, Стокгольм, Рига",4,3,2,0,6,"0,50","0,00","0,33","0,00","1,90","0,32",0,0
ITR-43,"Європейська розкіш – Ніцца, Монако, Портофіно…",0,0,0,0,6,"0,00","0,00","0,00",#DIV/0!,"0,00","0,00",0,1
ITR-44,Чудовий мікс - Чорногорія+Албанія з відпочинком на морі,0,0,0,0,10,"0,00","0,00","0,00",#DIV/0!,"0,00","0,00",0,1
ITR-45,Румунський експрес,0,0,0,0,4,"0,00","0,00","0,00",#DIV/0!,"0,00","0,00",0,1
ITR-46,"Їж.Люби.Подорожуй: Любляна, Венеція, Рим 2 дні, Флоренція",0,0,0,0,7,"0,00","0,00","0,00",#DIV/0!,"0,00","0,00",0,1
ITR-47,Релакс у Чехії та Угорщині,0,0,0,0,6,"0,00","0,00","0,00",#DIV/0!,"0,00","0,00",0,1
ITR-48,Зеленими берегами Корфу,6,3,3,0,9,"0,33","0,00","0,33","0,00","2,40","0,27",0,0
ITR-49,Містична Трансільванія та Трансфагараш,0,0,0,0,5,"0,00","0,00","0,00",#DIV/0!,"0,00","0,00",0,1
ITR-50,Казки старої Німеччини,0,0,0,0,7,"0,00","0,00","0,00",#DIV/0!,"0,00","0,00",0,1
ITR-51,Лавандове серце Франції – Валансоль + Лазурове узбережжя,14,5,4,2,7,"0,71","0,29","0,57","0,14","3,90","0,56",1,0
ITR-52,Доломітові Альпи – мандрівка серед величі вершин,6,4,3,0,7,"0,57","0,00","0,43","0,00","2,70","0,39",0,0
ITR-53,На зустріч до Афродіти,5,3,3,0,10,"0,30","0,00","0,30","0,00","2,40","0,24",0,0
ITR-54,Халкідіки. Ідеальна грецька відпустка,5,4,4,0,10,"0,40","0,00","0,40","0,00","3,20","0,32",0,0
RIC-1,Дивовижна Хорватія,5,2,2,0,10,"0,20","0,00","0,20","0,00","1,60","0,16",0,0
RIC-2,ПІВДЕНЬ ІТАЛІЇ - ТІРРЕНСЬКЕ МОРЕ,3,2,2,0,10,"0,20","0,00","0,20","0,00","1,60","0,16",0,1
RIC-3,Сонячні пляжі Ріміні - Італія,4,3,2,0,8,"0,38","0,00","0,25","0,00","1,90","0,24",0,0
RIC-4,МОРЕ ГРЕЦІЇ,5,0,0,0,10,"0,00","0,00","0,00","0,00","0,00","0,00",0,0
RIC-5,Подих Адріатики – Чорногорія,1,1,1,0,10,"0,10","0,00","0,10","0,00","0,80","0,08",0,1
RIC-6,Під небом ПАРИЖУ + Прага і Дрезден,3,3,3,0,6,"0,50","0,00","0,50","0,00","2,40","0,40",0,0
RIC-7,В гостях у Нідерландської корони,5,4,4,0,7,"0,57","0,00","0,57","0,00","3,20","0,46",0,0
RIC-8,Мрія блогерів: Венеція + Альпи,5,1,1,0,5,"0,20","0,00","0,20","0,00","0,80","0,16",0,0
RIC-9,Від Провансу до Швейцарських вершин,9,4,4,0,7,"0,57","0,00","0,57","0,00","3,20","0,46",0,0
RIC-10,Скандинавська сага,9,5,5,0,9,"0,56","0,00","0,56","0,00","4,00","0,44",0,0
TAN-1,Відень та Прага - імперії королів,1,0,0,0,4,"0,00","0,00","0,00","0,00","0,00","0,00",0,1
TAN-2,"Театр вражень - Венеція, Верона та Мілан!",1,0,0,0,5,"0,00","0,00","0,00","0,00","0,00","0,00",0,1
TAN-3,Будапешт - мій найкращий вікенд! ,1,0,0,0,4,"0,00","0,00","0,00","0,00","0,00","0,00",0,1
TAN-4,Ключ в Європу : Будапешт + Відень,1,0,0,0,4,"0,00","0,00","0,00","0,00","0,00","0,00",0,1
TAN-5,Прага та Дрезден #нашілюдивсюди,1,0,0,0,4,"0,00","0,00","0,00","0,00","0,00","0,00",0,1
TAN-6,"Quattro Formaggi. Венеція, Флоренція і Рим",1,0,0,0,5,"0,00","0,00","0,00","0,00","0,00","0,00",0,1
TAN-7,Відень неперевершений!,1,0,0,0,4,"0,00","0,00","0,00","0,00","0,00","0,00",0,1
TAN-8,Мої голландські тюльпанчики,1,0,0,0,5,"0,00","0,00","0,00","0,00","0,00","0,00",0,1
TAN-9,"L'amour en trois: ти, я і Париж!",1,0,0,0,6,"0,00","0,00","0,00","0,00","0,00","0,00",0,1
TAN-10,Румунія - любов з першого погляду. Бухарест і замки,1,0,0,0,4,"0,00","0,00","0,00","0,00","0,00","0,00",0,1
TAN-11,"Стихія моря: Таллінн, Стокгольм, Рига",1,0,0,0,5,"0,00","0,00","0,00","0,00","0,00","0,00",0,1
TAN-12,Магія Балтійського моря. Круїз Таллінн-Стокгольм,1,0,0,0,5,"0,00","0,00","0,00","0,00","0,00","0,00",0,1
TAN-13,Нідерланди. I♥Аmsterdam,1,0,0,0,6,"0,00","0,00","0,00","0,00","0,00","0,00",0,1
TAN-14,"50 відтінків літа! Італія, Адріатичне море",1,0,0,0,6,"0,00","0,00","0,00","0,00","0,00","0,00",0,1
TAN-15,Подорож у серце Трансільванії,1,0,0,0,4,"0,00","0,00","0,00","0,00","0,00","0,00",0,1
TAN-16,"Північний круїз: Таллінн, Гельсінкі, Стокгольм",1,0,0,0,6,"0,00","0,00","0,00","0,00","0,00","0,00",0,1
TAN-17,Містичний вікенд в Трансильванії,1,0,0,0,3,"0,00","0,00","0,00","0,00","0,00","0,00",0,1
TAN-18,Мелодії Парижа,1,0,0,0,6,"0,00","0,00","0,00","0,00","0,00","0,00",0,1
TAN-19,"Ідеальна четвірка: Краків, Прага, Відень, Будапешт",1,0,0,0,4,"0,00","0,00","0,00","0,00","0,00","0,00",0,1
TAN-20,"Загадка Австрії: Відень, Зальцбург, Гальштат",1,0,0,0,5,"0,00","0,00","0,00","0,00","0,00","0,00",0,1
TAN-21,Австрійські панорами: Відень та Гальштат,1,0,0,0,5,"0,00","0,00","0,00","0,00","0,00","0,00",0,1
TAN-22,"Край Тоскани - Флоренція, Піза, Рим",1,0,0,0,6,"0,00","0,00","0,00","0,00","0,00","0,00",0,1
TAN-23,Вікенд для душі: Угорщина + Словаччина,1,0,0,0,4,"0,00","0,00","0,00","0,00","0,00","0,00",0,1
TAN-24,У пошуках дива - Македонія!,1,0,0,0,4,"0,00","0,00","0,00","0,00","0,00","0,00",0,1
TAN-25,"Тільки Італія: Венеція, Мілан, Рим, Неаполь та Флоренція",1,0,0,0,7,"0,00","0,00","0,00","0,00","0,00","0,00",0,1
TAN-26,"Альпійський експрес: Венеція, Цюрих, Зальцбург",1,0,0,0,5,"0,00","0,00","0,00","0,00","0,00","0,00",0,1
TAN-27,Париж на десерт,1,0,0,0,8,"0,00","0,00","0,00","0,00","0,00","0,00",0,1
TAN-28,"Каталонський експрес: Монако, Ніцца, Барселона",7,5,5,0,7,"0,71","0,00","0,71","0,00","4,00","0,57",0,0
TAN-29,Вихідні у Кракові + Енерджіландія,2,1,1,0,4,"0,25","0,00","0,25","0,00","0,80","0,20",0,0
TAN-30,Незвіданий край - Боснія і Герцеґовина,5,1,1,0,5,"0,20","0,00","0,20","0,00","0,80","0,16",0,0
TAN-31,"В цьому році в моді лазурний:  Ніцца, Монако, Портофіно",9,6,4,0,7,"0,86","0,00","0,57","0,00","3,80","0,54",0,0
TAN-32,Албанія - морська пригода,8,2,1,0,8,"0,25","0,00","0,13","0,00","1,10","0,14",0,0
TAN-33,Словенія - альпійські термали,2,2,1,0,4,"0,50","0,00","0,25","0,00","1,10","0,28",0,0
TAN-34,"Литовські вихідні: Вільнюс, Тракай, Друскінінкай",2,1,1,0,4,"0,25","0,00","0,25","0,00","0,80","0,20",0,0
TAN-35,Зірки півночі: Рига та Норвезькі фіорди!,7,4,2,0,7,"0,57","0,00","0,29","0,00","2,20","0,31",0,0
TAN-36,Греція. Між небом та землею,3,1,1,1,10,"0,10","0,10","0,10","0,33","1,00","0,10",0,1
TAN-37,Карнавальна мандрівка,3,3,2,0,5,"0,60","0,00","0,40","0,00","1,90","0,38",0,0
TAN-38,"Нові горизонти: Таллінн, Стокгольм, Копенгаген, Амстердам",9,5,4,1,8,"0,63","0,13","0,50","0,11","3,70","0,46",0,0
TAN-39,Зимові розваги - Закопане!,2,2,1,0,5,"0,40","0,00","0,20","0,00","1,10","0,22",0,1
TAN-40,Скандинавія. Вся правда про Вікінгів,8,7,6,0,9,"0,78","0,00","0,67","0,00","5,10","0,57",0,0
TAN-41,Мої швейцарські вихідні,5,4,3,0,5,"0,80","0,00","0,60","0,00","2,70","0,54",0,0
TAN-42,Випускний в Греції,4,1,1,0,7,"0,14","0,00","0,14","0,00","0,80","0,11",0,0
TAN-43,Халкідіки. Вихідні на морі,4,1,1,0,5,"0,20","0,00","0,20","0,00","0,80","0,16",0,0
TRM-1,"Французький вояж (Париж, Мон-Сен-Мішель + 3 дні з океаном)",0,0,0,0,8,"0,00","0,00","0,00",#DIV/0!,"0,00","0,00",0,1
TRM-2,Формула краси по-італійськи,0,0,0,0,6,"0,00","0,00","0,00",#DIV/0!,"0,00","0,00",0,1
TRM-3,Париж - місто мрії!,0,0,0,0,7,"0,00","0,00","0,00",#DIV/0!,"0,00","0,00",0,1
TRM-4,Весна на острові Майнау,0,0,0,0,5,"0,00","0,00","0,00",#DIV/0!,"0,00","0,00",0,1
TRM-5,Формула краси + три узбережжя Італії,0,0,0,0,5,"0,00","0,00","0,00",#DIV/0!,"0,00","0,00",0,1
TRM-6,Вічне літо Сицилії,0,0,0,0,10,"0,00","0,00","0,00",#DIV/0!,"0,00","0,00",0,1
TRM-7,Альпійська мелодія!+ Лазурове узбережжя Франції,0,0,0,0,8,"0,00","0,00","0,00",#DIV/0!,"0,00","0,00",0,1
TRM-8,"Зимова казка: Закопане, Відень, терми",0,0,0,0,4,"0,00","0,00","0,00",#DIV/0!,"0,00","0,00",0,1
TRM-9,"Легкість Амстердама, романтика Парижа + парк тюльпанів Койкенхоф",0,0,0,0,7,"0,00","0,00","0,00",#DIV/0!,"0,00","0,00",0,1
TRM-10,Белла Італія,0,0,0,0,5,"0,00","0,00","0,00",#DIV/0!,"0,00","0,00",0,1
TRM-11,Італія - моє натхнення + Венеційський Карнавал,0,0,0,0,5,"0,00","0,00","0,00",#DIV/0!,"0,00","0,00",0,1
TRM-12,Тур на VI етап Кубка світу 2024/25 з біатлону в Італії (Антгольц-Антерсельва),0,0,0,0,5,"0,00","0,00","0,00",#DIV/0!,"0,00","0,00",0,1
TRM-13,Белла Італія + два Карнавали,0,0,0,0,5,"0,00","0,00","0,00",#DIV/0!,"0,00","0,00",0,1