tour_id,direction_main,source,route_class,current_action,value_score,keep_stops,trim_stops,add_pool,trim_count,add_pool_count,recommendation_summary,priority
ACC-1,Франція,COMPETITOR,BALANCED,REVIEW,"0,6103774298",,,"Долина Луари, Нормандія Діснейленд, Замки Луари, Замок Нойшвайнштайн, Діснейленд",0,5,Перевірити вручну,LOW
ACC-10,Бельгія,COMPETITOR,BALANCED,REVIEW,"0,4722670115",,,"Замок Вартбург, Левен, Мехелен, Аахен, Ерфурт",0,5,Перевірити вручну,LOW
ACC-100,Греція,COMPETITOR,BALANCED,REVIEW,"0,1635410421",,,"Озеро Вуліагмені, Каньйон Матка, Охридське Озеро, Гора Олімп, Олімпійська Рів Єра",0,5,Перевірити вручну,LOW
ACC-101,Румунія,COMPETITOR,BALANCED,REVIEW,"0,644633573",,,"Чернівці, Львів, Брашов, Алба, Б Єртан",0,5,Перевірити вручну,LOW
ACC-102,Італія,COMPETITOR,OVERLOADED,TRIM,"0,3442974517",,,"Гардаленд, Парк Розваг Гардаленд, Озеро Браес, Озеро Мізуріна, Діснейленд",0,5,Забрати слабкі стопи: ,HIGH
ACC-103,Франція,COMPETITOR,BALANCED,REVIEW,"0,3940249353",,,"Долина Луари, Нормандія Діснейленд, Замки Луари, Замок Нойшвайнштайн, Діснейленд",0,5,Перевірити вручну,LOW
ACC-104,Греція,COMPETITOR,OVERLOADED,TRIM,"0,2413218287",,,"Озеро Вуліагмені, Каньйон Матка, Охридське Озеро, Гора Олімп, Олімпійська Рів Єра",0,5,Забрати слабкі стопи: ,HIGH
ACC-105,Нідерланди,COMPETITOR,OVERLOADED,TRIM,"0,3483912616",,,"Саксонську Швейцарію, Парк Мадуродам, Діснейленд, Парк Ефтелінг, Парк Кекенхоф",0,5,Забрати слабкі стопи: ,HIGH
ACC-106,Італія,COMPETITOR,OVERLOADED,TRIM,"0,4629069083",,,"Доломітові Альпи, Гардаленд, Парк Розваг Гардаленд, Озеро Браес, Озеро Мізуріна",0,5,Забрати слабкі стопи: ,HIGH
ACC-107,Франція,COMPETITOR,BALANCED,REVIEW,"0,4340864509",,,"Долина Луари, Нормандія Діснейленд, Замки Луари, Замок Нойшвайнштайн, Лувр",0,5,Перевірити вручну,LOW
ACC-108,Італія,COMPETITOR,BALANCED,REVIEW,"0,5194731452",,,"Доломітові Альпи, Гардаленд, Парк Розваг Гардаленд, Озеро Браес, Озеро Мізуріна",0,5,Перевірити вручну,LOW
ACC-109,Швейцарія,COMPETITOR,OVERLOADED,REVIEW,"0,5921811671",,,"Доломитові Альпи, Швейцарська Рів Єра, Замок Нойшвайнштайн, Замок Нойшванштайн, Діснейленд",0,5,Перевірити вручну,LOW
ACC-11,Франція,COMPETITOR,OVERLOADED,REVIEW,"0,5821000836",,,"Нормандія Діснейленд, Замки Луари, Замок Нойшвайнштайн, Діснейленд, Лувр",0,5,Перевірити вручну,LOW
ACC-110,Швейцарія,COMPETITOR,BALANCED,REVIEW,"0,5951908957",,,"Монблан, Швейцарська Рів Єра, Замок Нойшвайнштайн, Замок Нойшванштайн, Діснейленд",0,5,Перевірити вручну,LOW
ACC-111,Австрія,COMPETITOR,BALANCED,REVIEW,"0,356067944",,,"Люцерн, Гальштат, Монтре, Руст, Зальцкаммергут",0,5,Перевірити вручну,LOW
ACC-112,Греція,COMPETITOR,BALANCED,REVIEW,"0,2335945949",,,"Львів, Озеро Вуліагмені, Каньйон Матка, Охридське Озеро, Гора Олімп",0,5,Перевірити вручну,LOW
ACC-113,Греція,COMPETITOR,BALANCED,REVIEW,"0,1529237341",,,"Львів, Озеро Вуліагмені, Каньйон Матка, Охридське Озеро, Гора Олімп",0,5,Перевірити вручну,LOW
ACC-114,Угорщина,COMPETITOR,BALANCED,REVIEW,"0,5843763676",,"Львів, Відень, Львів","Егер, Мукачево, Монако, Долина Красунь, Вишеград",3,5,Перевірити вручну,LOW
ACC-115,Іспанія,COMPETITOR,OVERLOADED,TRIM,"0,4275850501",,,"Монблан, Швейцарська Рів Єра, Замок Нойшванштайн, Гора Монсеррат, Лазурне Узбережжя",0,5,Забрати слабкі стопи: ,HIGH
ACC-116,Іспанія,COMPETITOR,OVERLOADED,TRIM,"0,4977601342",,,"Монблан, Швейцарська Рів Єра, Замок Нойшванштайн, Гора Монсеррат, Лазурне Узбережжя",0,5,Забрати слабкі стопи: ,HIGH
ACC-117,Італія,COMPETITOR,OVERLOADED,REVIEW,"0,5903566967",,,"Доломітові Альпи, Гардаленд, Парк Розваг Гардаленд, Озеро Браес, Озеро Мізуріна",0,5,Перевірити вручну,LOW
ACC-118,Італія,COMPETITOR,BALANCED,REVIEW,"0,4714545013",,,"Доломітові Альпи, Гардаленд, Парк Розваг Гардаленд, Озеро Браес, Озеро Мізуріна",0,5,Перевірити вручну,LOW
ACC-119,Франція,COMPETITOR,OVERLOADED,TRIM,"0,3535726496",,,"Долина Луари, Нормандія Діснейленд, Замки Луари, Замок Нойшвайнштайн, Лувр",0,5,Забрати слабкі стопи: ,HIGH
ACC-12,Нідерланди,COMPETITOR,OVERLOADED,TRIM,"0,4742881857",,,"Саксонську Швейцарію, Діснейленд, Озеро Комо, Нормандія, Саксонська Швейцарія",0,5,Забрати слабкі стопи: ,HIGH
ACC-120,Угорщина,COMPETITOR,BALANCED,REVIEW,"0,5284889106",,"Львів, Львів","Мукачево, Монако, Зальцкаммергут, Інсбрук, Львів Будапешт Венеція Рим Флоренція Піза Егер Львів",2,5,Перевірити вручну,LOW
ACC-121,Італія,COMPETITOR,OVERLOADED,TRIM,"0,4547820762",,,"Доломітові Альпи, Гардаленд, Парк Розваг Гардаленд, Озеро Браес, Озеро Мізуріна",0,5,Забрати слабкі стопи: ,HIGH
ACC-122,Італія,COMPETITOR,BALANCED,REVIEW,"0,4024886557",,,"Доломітові Альпи, Гардаленд, Парк Розваг Гардаленд, Озеро Браес, Озеро Мізуріна",0,5,Перевірити вручну,LOW
ACC-123,Нідерланди,COMPETITOR,OVERLOADED,TRIM,"0,2958890601",,,"Саксонську Швейцарію, Парк Мадуродам, Діснейленд, Озеро Комо, Нормандія",0,5,Забрати слабкі стопи: ,HIGH
ACC-124,Чорногорія,COMPETITOR,OVERLOADED,TRIM,"0,1899162174",,,"Будванськая Рів Єра, Плітвіцкі Озера, Скадарске Озеро, Каньони Річки Тараі Морача, Макарська",0,5,Забрати слабкі стопи: ,HIGH
ACC-125,Чорногорія,COMPETITOR,OVERLOADED,TRIM,"0,3878722047",,,"Плітвіцкі Озера, Будванська Рів Єра, Скадарске Озеро, Каньони Річки Тараі Морача, Макарська",0,5,Забрати слабкі стопи: ,HIGH
ACC-126,Швейцарія,COMPETITOR,OVERLOADED,REVIEW,"0,5440278599",,,"Доломитові Альпи, Монблан, Замок Нойшвайнштайн, Замок Нойшванштайн, Діснейленд",0,5,Перевірити вручну,LOW
ACC-127,Італія,COMPETITOR,OVERLOADED,TRIM,"0,1475702615",,Лідо Ді Єзоло,"Доломітові Альпи, Гардаленд, Парк Розваг Гардаленд, Озеро Браес, Озеро Мізуріна",1,5,Забрати слабкі стопи: Лідо Ді Єзоло,HIGH
ACC-128,Італія,COMPETITOR,OVERLOADED,TRIM,"0,3381073567",,,"Доломітові Альпи, Гардаленд, Парк Розваг Гардаленд, Озеро Браес, Озеро Мізуріна",0,5,Забрати слабкі стопи: ,HIGH
ACC-129,Італія,COMPETITOR,OVERLOADED,TRIM,"0,2848070994",,,"Доломітові Альпи, Гардаленд, Парк Розваг Гардаленд, Озеро Браес, Озеро Мізуріна",0,5,Забрати слабкі стопи: ,HIGH
ACC-13,Франція,COMPETITOR,OVERLOADED,REVIEW,"0,5439142557",,,"Долина Луари, Нормандія Діснейленд, Замки Луари, Замок Нойшвайнштайн, Лувр",0,5,Перевірити вручну,LOW
ACC-130,Італія,COMPETITOR,OVERLOADED,TRIM,"0,2907142931",,,"Доломітові Альпи, Парк Розваг Гардаленд, Озеро Браес, Озеро Мізуріна, Діснейленд",0,5,Забрати слабкі стопи: ,HIGH
ACC-131,Італія,COMPETITOR,BALANCED,REVIEW,"0,1249246447",,Лідо Ді Єзоло,"Доломітові Альпи, Гардаленд, Парк Розваг Гардаленд, Озеро Браес, Озеро Мізуріна",1,5,Перевірити вручну,LOW
ACC-132,Данія,COMPETITOR,BALANCED,REVIEW,"0,5526974952",,,,0,0,Перевірити вручну,LOW
ACC-133,Норвегія,COMPETITOR,BALANCED,REVIEW,"0,4063827871",,,"Сопот, Торунь, Юрмала, Таллінн, Рига",0,5,Перевірити вручну,LOW
ACC-134,Румунія,COMPETITOR,BALANCED,REVIEW,"0,6384090909",,,"Львів, Алба, Б Єртан, Пояна, Трансфегераш",0,5,Перевірити вручну,LOW
ACC-135,Чорногорія,COMPETITOR,OVERLOADED,TRIM,"0,3827847319",,,"Будванськая Рів Єра, Каньйони Річок Тара І Морача, Скадарске Озеро, Шкодер, Ловчен",0,5,Забрати слабкі стопи: ,HIGH
ACC-136,Чорногорія,COMPETITOR,BALANCED,REVIEW,"0,154853292",,,"Будванськая Рів Єра, Плітвіцкі Озера, Скадарське Озеро, Каньйони Річок Тара І Морача, Каньони Річки Тараі Морача",0,5,Перевірити вручну,LOW
ACC-137,Іспанія,COMPETITOR,BALANCED,REVIEW,"0,3201476719",,,"Монблан, Швейцарська Рів Єра, Замок Нойшванштайн, Гора Монсеррат, Лазурне Узбережжя",0,5,Перевірити вручну,LOW
ACC-138,Італія,COMPETITOR,OVERLOADED,TRIM,"0,3980924526",,,"Доломітові Альпи, Гардаленд, Парк Розваг Гардаленд, Озеро Браес, Озеро Мізуріна",0,5,Забрати слабкі стопи: ,HIGH
ACC-139,Естонія,COMPETITOR,BALANCED,REVIEW,"0,4435523979",,,"Гельсінкі, Люблін, Львів Таллінн Стокгольм Рига Львів, Вільнюс",0,4,Перевірити вручну,LOW
ACC-14,Чехія,COMPETITOR,BALANCED,REVIEW,"0,4316506934",,,"Парк Розваг Energy Land, Саксонська Швейцарія, Моравський Крас, Кутна Гора, Турнов",0,5,Перевірити вручну,LOW
ACC-140,Чорногорія,COMPETITOR,OVERLOADED,TRIM,"0,1623079306",,,"Будванськая Рів Єра, Плітвіцкі Озера, Будванська Рів Єра, Скадарске Озеро, Каньони Річки Тараі Морача",0,5,Забрати слабкі стопи: ,HIGH
ACC-141,Іспанія,COMPETITOR,OVERLOADED,TRIM,"0,4347467569",,,"Монблан, Швейцарська Рів Єра, Замок Нойшванштайн, Гора Монсеррат, Лазурне Узбережжя",0,5,Забрати слабкі стопи: ,HIGH
ACC-142,Іспанія,COMPETITOR,OVERLOADED,TRIM,"0,4320786862",,,"Монблан, Швейцарська Рів Єра, Замок Нойшванштайн, Гора Монсеррат, Лазурне Узбережжя",0,5,Забрати слабкі стопи: ,HIGH
ACC-143,Італія,COMPETITOR,OVERLOADED,TRIM,"0,3425026756",,,"Доломітові Альпи, Гардаленд, Парк Розваг Гардаленд, Озеро Браес, Озеро Мізуріна",0,5,Забрати слабкі стопи: ,HIGH
ACC-144,Угорщина,COMPETITOR,BALANCED,REVIEW,"0,0674132717",,"Львів, Львів","Егер, Монако, Долина Красунь, Вишеград, Відень Оз Балатон",2,5,Перевірити вручну,LOW
ACC-145,Нідерланди,COMPETITOR,OVERLOADED,TRIM,"0,3862812687",,,"Саксонську Швейцарію, Парк Мадуродам, Діснейленд, Парк Ефтелінг, Парк Кекенхоф",0,5,Забрати слабкі стопи: ,HIGH
ACC-146,Італія,COMPETITOR,OVERLOADED,TRIM,"0,3396195478",,,"Гардаленд, Парк Розваг Гардаленд, Озеро Браес, Озеро Мізуріна, Діснейленд",0,5,Забрати слабкі стопи: ,HIGH
ACC-147,Молдова,COMPETITOR,THIN,ADD,"0,115488439",,,"Кишинів, Хинчешти, Ясси",0,3,"Додати в маршрут сильні стопи: Кишинів, Хинчешти, Ясси",HIGH
ACC-148,Болгарія,COMPETITOR,BALANCED,REVIEW,"0,5206348368",,,"Софія, Охрид, Тирана, Котор, Жабляк",0,5,Перевірити вручну,LOW
ACC-149,Румунія,COMPETITOR,BALANCED,REVIEW,"0,6364957865",,,"Чернівці, Львів, Трансильванія, Ришнов, Альба",0,5,Перевірити вручну,LOW
ACC-15,Італія,COMPETITOR,OVERLOADED,REVIEW,"0,5934260451",,,"Доломітові Альпи, Гардаленд, Парк Розваг Гардаленд, Озеро Браес, Озеро Мізуріна",0,5,Перевірити вручну,LOW
ACC-150,Румунія,COMPETITOR,BALANCED,REVIEW,"0,3061487594",,,"Чернівці, Львів, Трансильванія, Алба, Б Єртан",0,5,Перевірити вручну,LOW
ACC-151,Румунія,COMPETITOR,BALANCED,REVIEW,"0,3434328184",,,"Чернівці, Львів, Трансильванія, Алба, Б Єртан",0,5,Перевірити вручну,LOW
ACC-152,Румунія,COMPETITOR,OVERLOADED,REVIEW,"0,5337218081",,,"Чернівці, Брашов, Трансильванія, Алба, Б Єртан",0,5,Перевірити вручну,LOW
ACC-153,Греція,COMPETITOR,BALANCED,REVIEW,"0,1005201027",,,"Львів, Озеро Вуліагмені, Каньйон Матка, Охридське Озеро, Гора Олімп",0,5,Перевірити вручну,LOW
ACC-154,Іспанія,COMPETITOR,OVERLOADED,TRIM,"0,4377903586",,,"Монблан, Швейцарська Рів Єра, Замок Нойшванштайн, Гора Монсеррат, Лазурне Узбережжя",0,5,Забрати слабкі стопи: ,HIGH
ACC-155,Греція,COMPETITOR,BALANCED,REVIEW,"0,5022814626",,,"Львів, Озеро Вуліагмені, Каньйон Матка, Охридське Озеро, Гора Олімп",0,5,Перевірити вручну,LOW
ACC-156,Румунія,COMPETITOR,OVERLOADED,TRIM,"0,4019063794",,,"Трансильванія, Алба, Б Єртан, Пояна, Трансфегераш",0,5,Забрати слабкі стопи: ,HIGH
ACC-157,Греція,COMPETITOR,OVERLOADED,TRIM,"0,1452555032",,,"Озеро Вуліагмені, Каньйон Матка, Охридське Озеро, Гора Олімп, Узбережжя Егейського Моря",0,5,Забрати слабкі стопи: ,HIGH
ACC-158,Чорногорія,COMPETITOR,OVERLOADED,TRIM,"0,3423421771",,,"Будванськая Рів Єра, Каньйони Річок Тара І Морача, Скадарске Озеро, Шкодер, Ловчен",0,5,Забрати слабкі стопи: ,HIGH
ACC-159,Чехія,COMPETITOR,BALANCED,REVIEW,"0,2624413549",,,"Відень, Парк Розваг Energy Land, Саксонська Швейцарія, Моравський Крас, Кутна Гора",0,5,Перевірити вручну,LOW
ACC-16,Швейцарія,COMPETITOR,OVERLOADED,REVIEW,"0,5851579281",,,"Доломитові Альпи, Швейцарська Рів Єра, Замок Нойшвайнштайн, Замок Нойшванштайн, Діснейленд",0,5,Перевірити вручну,LOW
ACC-160,Чехія,COMPETITOR,BALANCED,REVIEW,"0,3573099283",,,"Парк Розваг Energy Land, Саксонська Швейцарія, Моравський Крас, Кутна Гора, Турнов",0,5,Перевірити вручну,LOW
ACC-161,Фінляндія,COMPETITOR,BALANCED,REVIEW,"0,4617941716",,,"Парк Томтеленд, Санта Парк, Рованіем, Хельсінки, Таллін",0,5,Перевірити вручну,LOW
ACC-162,Румунія,COMPETITOR,BALANCED,REVIEW,"0,3164547414",,,"Трансильванія, Алба, Б Єртан, Пояна, Трансфегераш",0,5,Перевірити вручну,LOW
ACC-163,Румунія,COMPETITOR,OVERLOADED,TRIM,"0,4134328184",,,"Трансильванія, Алба, Б Єртан, Пояна, Трансфегераш",0,5,Забрати слабкі стопи: ,HIGH
ACC-164,Молдова,COMPETITOR,BALANCED,REVIEW,"0,4974256293",,,"Ізмаїл, Стамбул",0,2,Перевірити вручну,LOW
ACC-165,Чехія,COMPETITOR,BALANCED,REVIEW,"0,4807288883",,,"Відень, Парк Розваг Energy Land, Саксонська Швейцарія, Моравський Крас, Брно",0,5,Перевірити вручну,LOW
ACC-166,Нідерланди,COMPETITOR,OVERLOADED,TRIM,"0,2748726913",,,"Саксонську Швейцарію, Парк Мадуродам, Діснейленд, Парк Ефтелінг, Парк Кекенхоф",0,5,Забрати слабкі стопи: ,HIGH
ACC-167,Франція,COMPETITOR,BALANCED,REVIEW,"0,5668862228",,,"Замки Луари, Замок Нойшвайнштайн, Діснейленд, Лувр, Парк Діснейленд",0,5,Перевірити вручну,LOW
ACC-168,Румунія,COMPETITOR,THIN,ADD,"0,3186081178",,,"Чернівці, Львів, Брашов, Трансильванія, Алба",0,5,"Додати в маршрут сильні стопи: Чернівці, Львів, Брашов, Трансильванія, Алба",HIGH
ACC-169,Албанія,COMPETITOR,BALANCED,REVIEW,"0,2341828073",,,"Варна, Несебр, Русе, Велико Тирново, Корфу",0,5,Перевірити вручну,LOW
ACC-17,Чехія,COMPETITOR,BALANCED,REVIEW,"0,3573304049",,,"Відень, Парк Розваг Energy Land, Саксонська Швейцарія, Моравський Крас, Кутна Гора",0,5,Перевірити вручну,LOW
ACC-170,Албанія,COMPETITOR,BALANCED,REVIEW,"0,1988271192",,,"Варна, Несебр, Русе, Велико Тирново, Корфу",0,5,Перевірити вручну,LOW
ACC-171,Франція,COMPETITOR,BALANCED,REVIEW,"0,5906355367",,,"Долина Луари, Нормандія Діснейленд, Замки Луари, Замок Нойшвайнштайн, Лувр",0,5,Перевірити вручну,LOW
ACC-172,Угорщина,COMPETITOR,BALANCED,REVIEW,"0,3373015618",,"Львів, Львів","Егер, Монако, Долина Красунь, Вишеград, Відень Оз Балатон",2,5,Перевірити вручну,LOW
ACC-173,Греція,COMPETITOR,BALANCED,REVIEW,"0,542424834",,,"Львів, Озеро Вуліагмені, Каньйон Матка, Охридське Озеро, Гора Олімп",0,5,Перевірити вручну,LOW
ACC-174,Греція,COMPETITOR,BALANCED,REVIEW,"0,1270099662",,,"Озеро Вуліагмені, Каньйон Матка, Охридське Озеро, Гора Олімп, Узбережжя Егейського Моря",0,5,Перевірити вручну,LOW
ACC-175,Греція,COMPETITOR,OVERLOADED,TRIM,"0,3309931679",,,"Озеро Вуліагмені, Узбережжя Егейського Моря, Кавала, Варна, Несебр",0,5,Забрати слабкі стопи: ,HIGH
ACC-176,Албанія,COMPETITOR,BALANCED,REVIEW,"0,4678725749",,,"Варна, Несебр, Русе, Корфу, Ксаміль",0,5,Перевірити вручну,LOW
ACC-177,Албанія,COMPETITOR,BALANCED,REVIEW,"0,366197575",,,"Варна, Несебр, Русе, Велико Тирново, Корфу",0,5,Перевірити вручну,LOW
ACC-178,Албанія,COMPETITOR,BALANCED,REVIEW,"0,3683340189",,,"Варна, Несебр, Русе, Велико Тирново, Корфу",0,5,Перевірити вручну,LOW
ACC-179,Албанія,COMPETITOR,OVERLOADED,TRIM,"0,4944923074",,,"Софія, Санданскі, Вльора, Ксаміль Саранда, Тірана",0,5,Забрати слабкі стопи: ,HIGH
ACC-18,Чехія,COMPETITOR,BALANCED,REVIEW,"0,5481324366",,,"Відень, Парк Розваг Energy Land, Кутна Гора, Турнов, Оломоуць",0,5,Перевірити вручну,LOW
ACC-180,Фінляндія,COMPETITOR,BALANCED,REVIEW,"0,3518136821",,,"Рованіемі, Гельсінкі, Таллінн, Рига",0,4,Перевірити вручну,LOW
ACC-181,Португалія,COMPETITOR,OVERLOADED,REVIEW,"0,5534398034",,,"Озеро Блед, Озеро Гарда, Аннесі, Більбао, Гайдельберґ",0,5,Перевірити вручну,LOW
ACC-182,Нідерланди,COMPETITOR,OVERLOADED,REVIEW,"0,5315272761",,,"Саксонську Швейцарію, Парк Мадуродам, Діснейленд, Парк Ефтелінг, Парк Кекенхоф",0,5,Перевірити вручну,LOW
ACC-183,Німеччина,COMPETITOR,BALANCED,REVIEW,"0,5621588996",,,"Замок Нойшванштайн, Tropical Islands Resort, Аквапарк Tropical Island, Саксонська Швейцарія, Люксембург",0,5,Перевірити вручну,LOW
ACC-184,Угорщина,COMPETITOR,BALANCED,REVIEW,"0,3425069368",,"Львів, Відень, Львів","Монако, Долина Красунь, Вишеград, Відень Оз Балатон, Мишкольц",3,5,Перевірити вручну,LOW
ACC-19,Німеччина,COMPETITOR,BALANCED,REVIEW,"0,5598681454",,,"Tropical Islands Resort, Аквапарк Tropical Island, Саксонська Швейцарія, Люксембург, Кольмар",0,5,Перевірити вручну,LOW
ACC-2,Нідерланди,COMPETITOR,BALANCED,REVIEW,"0,5413672169",,,"Саксонську Швейцарію, Парк Мадуродам, Діснейленд, Парк Ефтелінг, Парк Кекенхоф",0,5,Перевірити вручну,LOW
ACC-20,Австрія,COMPETITOR,BALANCED,REVIEW,"0,4576273414",,,"Люцерн, Гальштат, Долина Красунь, Монтре, Руст",0,5,Перевірити вручну,LOW
ACC-21,Австрія,COMPETITOR,BALANCED,REVIEW,"0,4719488495",,,"Люцерн, Мукачево, Гальштат, Долина Красунь, Монтре",0,5,Перевірити вручну,LOW
ACC-22,Франція,COMPETITOR,OVERLOADED,TRIM,"0,3408974359",,,"Долина Луари, Нормандія Діснейленд, Замки Луари, Замок Нойшвайнштайн, Діснейленд",0,5,Забрати слабкі стопи: ,HIGH
ACC-23,Польща,COMPETITOR,BALANCED,REVIEW,"0,5347053484",,"Львів, Львів","Парк Розваг ""energy Land"", Львів Вроцлав Берлін Париж Діснейленд Прага Краків Львів, Львів Краків Нюрнберг Бамберг Париж Трювіль Діснейленд Страсбург Кольмар Зальцбург Зальцкаммергут Егер Львів, Майсен, Варшава",2,5,Перевірити вручну,LOW
ACC-24,Швейцарія,COMPETITOR,OVERLOADED,REVIEW,"0,5412389719",,,"Доломитові Альпи, Швейцарська Рів Єра, Замок Нойшвайнштайн, Замок Нойшванштайн, Діснейленд",0,5,Перевірити вручну,LOW
ACC-25,Швейцарія,COMPETITOR,OVERLOADED,REVIEW,"0,5838078587",,,"Доломитові Альпи, Швейцарська Рів Єра, Замок Нойшвайнштайн, Замок Нойшванштайн, Діснейленд",0,5,Перевірити вручну,LOW
ACC-26,Швейцарія,COMPETITOR,OVERLOADED,REVIEW,"0,6131707876",,,"Доломитові Альпи, Швейцарська Рів Єра, Замок Нойшвайнштайн, Замок Нойшванштайн, Діснейленд",0,5,Перевірити вручну,LOW
ACC-27,Чехія,COMPETITOR,BALANCED,REVIEW,"0,4174058073",,,"Відень, Саксонська Швейцарія, Моравський Крас, Кутна Гора, Турнов",0,5,Перевірити вручну,LOW
ACC-28,Польща,COMPETITOR,BALANCED,REVIEW,"0,3936950147",,"Львів, Закопане, Львів","Будапешт, Львів Вроцлав Берлін Париж Діснейленд Прага Краків Львів, Львів Краків Нюрнберг Бамберг Париж Трювіль Діснейленд Страсбург Кольмар Зальцбург Зальцкаммергут Егер Львів, Майсен, Варшава",3,5,Перевірити вручну,LOW
ACC-29,Іспанія,COMPETITOR,OVERLOADED,TRIM,"0,4184126903",,,"Монблан, Швейцарська Рів Єра, Замок Нойшванштайн, Гора Монсеррат, Лазурне Узбережжя",0,5,Забрати слабкі стопи: ,HIGH
ACC-3,Франція,COMPETITOR,OVERLOADED,TRIM,"0,3383730344",,,"Долина Луари, Нормандія Діснейленд, Замки Луари, Замок Нойшвайнштайн, Діснейленд",0,5,Забрати слабкі стопи: ,HIGH
ACC-30,Іспанія,COMPETITOR,OVERLOADED,TRIM,"0,2783322087",,,"Монблан, Швейцарська Рів Єра, Замок Нойшванштайн, Гора Монсеррат, Лазурне Узбережжя",0,5,Забрати слабкі стопи: ,HIGH
ACC-31,Франція,COMPETITOR,OVERLOADED,REVIEW,"0,5714165795",,,"Нормандія Діснейленд, Замки Луари, Замок Нойшвайнштайн, Діснейленд, Лувр",0,5,Перевірити вручну,LOW
ACC-32,Франція,COMPETITOR,BALANCED,REVIEW,"0,5575574941",,,"Долина Луари, Нормандія Діснейленд, Замок Нойшвайнштайн, Лувр, Парк Діснейленд",0,5,Перевірити вручну,LOW
ACC-33,Польща,COMPETITOR,BALANCED,REVIEW,"0,4364631762",,"Львів, Львів","Будапешт, Львів Вроцлав Берлін Париж Діснейленд Прага Краків Львів, Львів Краків Нюрнберг Бамберг Париж Трювіль Діснейленд Страсбург Кольмар Зальцбург Зальцкаммергут Егер Львів, Майсен, Варшава",2,5,Перевірити вручну,LOW
ACC-34,Німеччина,COMPETITOR,BALANCED,REVIEW,"0,1880767952",,,"Замок Нойшванштайн, Аквапарк Tropical Island, Саксонська Швейцарія, Люксембург, Кольмар",0,5,Перевірити вручну,LOW
ACC-35,Іспанія,COMPETITOR,OVERLOADED,REVIEW,"0,5488461538",,,"Монблан, Швейцарська Рів Єра, Замок Нойшванштайн, Лазурне Узбережжя, Долина Красунь",0,5,Перевірити вручну,LOW
ACC-36,Франція,COMPETITOR,BALANCED,REVIEW,"0,4002475989",,,"Долина Луари, Нормандія Діснейленд, Замки Луари, Замок Нойшвайнштайн, Лувр",0,5,Перевірити вручну,LOW
ACC-37,Іспанія,COMPETITOR,OVERLOADED,TRIM,"0,408547637",,,"Монблан, Швейцарська Рів Єра, Замок Нойшванштайн, Долина Красунь, Узбережжя Costa Brava",0,5,Забрати слабкі стопи: ,HIGH
ACC-38,Іспанія,COMPETITOR,OVERLOADED,REVIEW,"0,5308461869",,,"Замок Нойшванштайн, Гора Монсеррат, Долина Красунь, Узбережжя Costa Brava, Відпочинок На Узбережжі Іспанії",0,5,Перевірити вручну,LOW
ACC-39,Франція,COMPETITOR,BALANCED,REVIEW,"0,5901985923",,,"Долина Луари, Нормандія Діснейленд, Замки Луари, Замок Нойшвайнштайн, Лувр",0,5,Перевірити вручну,LOW
ACC-4,Нідерланди,COMPETITOR,OVERLOADED,TRIM,"0,4292517129",,,"Саксонську Швейцарію, Парк Мадуродам, Діснейленд, Парк Ефтелінг, Парк Кекенхоф",0,5,Забрати слабкі стопи: ,HIGH
ACC-40,Франція,COMPETITOR,BALANCED,REVIEW,"0,5911207468",,,"Долина Луари, Нормандія Діснейленд, Замки Луари, Замок Нойшвайнштайн, Лувр",0,5,Перевірити вручну,LOW
ACC-41,Швейцарія,COMPETITOR,OVERLOADED,REVIEW,"0,582233333",,,"Доломитові Альпи, Монблан, Швейцарська Рів Єра, Замок Нойшвайнштайн, Замок Нойшванштайн",0,5,Перевірити вручну,LOW
ACC-42,Іспанія,COMPETITOR,OVERLOADED,TRIM,"0,3344813101",,,"Монблан, Швейцарська Рів Єра, Гора Монсеррат, Лазурне Узбережжя, Долина Красунь",0,5,Забрати слабкі стопи: ,HIGH
ACC-43,Франція,COMPETITOR,BALANCED,REVIEW,"0,529036373",,,"Долина Луари, Нормандія Діснейленд, Замки Луари, Замок Нойшвайнштайн, Діснейленд",0,5,Перевірити вручну,LOW
ACC-44,Франція,COMPETITOR,BALANCED,REVIEW,"0,4086225667",,,"Долина Луари, Нормандія Діснейленд, Замки Луари, Замок Нойшвайнштайн, Лувр",0,5,Перевірити вручну,LOW
ACC-45,Франція,COMPETITOR,BALANCED,REVIEW,"0,3511094985",,,"Долина Луари, Нормандія Діснейленд, Замки Луари, Замок Нойшвайнштайн, Діснейленд",0,5,Перевірити вручну,LOW
ACC-46,Чехія,COMPETITOR,THIN,ADD,"0,4507907564",,,"Відень, Парк Розваг Energy Land, Саксонська Швейцарія, Моравський Крас, Кутна Гора",0,5,"Додати в маршрут сильні стопи: Відень, Парк Розваг Energy Land, Саксонська Швейцарія, Моравський Крас, Кутна Гора",HIGH
ACC-47,Франція,COMPETITOR,BALANCED,REVIEW,"0,3238109921",,,"Долина Луари, Нормандія Діснейленд, Замки Луари, Замок Нойшвайнштайн, Діснейленд",0,5,Перевірити вручну,LOW
ACC-48,Швейцарія,COMPETITOR,OVERLOADED,REVIEW,"0,5823155419",,,"Доломитові Альпи, Монблан, Швейцарська Рів Єра, Замок Нойшвайнштайн, Замок Нойшванштайн",0,5,Перевірити вручну,LOW
ACC-49,Франція,COMPETITOR,BALANCED,REVIEW,"0,4123177476",,,"Долина Луари, Нормандія Діснейленд, Замки Луари, Замок Нойшвайнштайн, Лувр",0,5,Перевірити вручну,LOW
ACC-5,Франція,COMPETITOR,BALANCED,REVIEW,"0,5851572039",,,"Долина Луари, Нормандія Діснейленд, Замки Луари, Замок Нойшвайнштайн, Лувр",0,5,Перевірити вручну,LOW
ACC-50,Нідерланди,COMPETITOR,OVERLOADED,REVIEW,"0,5317573595",,,"Саксонську Швейцарію, Парк Мадуродам, Діснейленд, Парк Ефтелінг, Парк Кекенхоф",0,5,Перевірити вручну,LOW
ACC-51,Бельгія,COMPETITOR,OVERLOADED,REVIEW,"0,5356068443",,,"Трір, Люксембург, Трир, Делфт, Кекенхоф",0,5,Перевірити вручну,LOW
ACC-52,Нідерланди,COMPETITOR,BALANCED,REVIEW,"0,2669817471",,,"Саксонську Швейцарію, Парк Мадуродам, Діснейленд, Парк Ефтелінг, Озеро Комо",0,5,Перевірити вручну,LOW
ACC-53,Швейцарія,COMPETITOR,BALANCED,REVIEW,"0,498069736",,,"Доломитові Альпи, Монблан, Швейцарська Рів Єра, Замок Нойшвайнштайн, Замок Нойшванштайн",0,5,Перевірити вручну,LOW
ACC-54,Нідерланди,COMPETITOR,BALANCED,REVIEW,"0,5345573076",,,"Парк Мадуродам, Діснейленд, Озеро Комо, Нормандія, Саксонська Швейцарія",0,5,Перевірити вручну,LOW
ACC-55,Франція,COMPETITOR,BALANCED,REVIEW,"0,4446678877",,,"Долина Луари, Нормандія Діснейленд, Замки Луари, Лувр, Парк Діснейленд",0,5,Перевірити вручну,LOW
ACC-56,Словаччина,COMPETITOR,BALANCED,REVIEW,"0,4789215686",,,,0,0,Перевірити вручну,LOW
ACC-57,Швейцарія,COMPETITOR,OVERLOADED,REVIEW,"0,5892108817",,,"Доломитові Альпи, Монблан, Швейцарська Рів Єра, Замок Нойшванштайн, Діснейленд",0,5,Перевірити вручну,LOW
ACC-58,Нідерланди,COMPETITOR,OVERLOADED,REVIEW,"0,579497394",,,"Саксонську Швейцарію, Парк Мадуродам, Діснейленд, Парк Ефтелінг, Парк Кекенхоф",0,5,Перевірити вручну,LOW
ACC-59,Італія,COMPETITOR,BALANCED,REVIEW,"0,3147949352",,,"Доломітові Альпи, Гардаленд, Парк Розваг Гардаленд, Озеро Браес, Озеро Мізуріна",0,5,Перевірити вручну,LOW
ACC-6,Франція,COMPETITOR,OVERLOADED,TRIM,"0,4847184774",,,"Долина Луари, Нормандія Діснейленд, Замки Луари, Замок Нойшвайнштайн, Лувр",0,5,Забрати слабкі стопи: ,HIGH
ACC-60,Італія,COMPETITOR,BALANCED,REVIEW,"0,4875973587",,,"Доломітові Альпи, Гардаленд, Озеро Браес, Озеро Мізуріна, Діснейленд",0,5,Перевірити вручну,LOW
ACC-61,Італія,COMPETITOR,BALANCED,REVIEW,"0,5367275738",,,"Доломітові Альпи, Гардаленд, Парк Розваг Гардаленд, Озеро Браес, Озеро Мізуріна",0,5,Перевірити вручну,LOW
ACC-62,Франція,COMPETITOR,BALANCED,REVIEW,"0,3398816914",,,"Долина Луари, Нормандія Діснейленд, Замки Луари, Замок Нойшвайнштайн, Діснейленд",0,5,Перевірити вручну,LOW
ACC-63,Німеччина,COMPETITOR,BALANCED,REVIEW,"0,4387670513",,,"Замок Нойшванштайн, Tropical Islands Resort, Аквапарк Tropical Island, Саксонська Швейцарія, Люксембург",0,5,Перевірити вручну,LOW
ACC-64,Франція,COMPETITOR,OVERLOADED,REVIEW,"0,5350248578",,,"Долина Луари, Нормандія Діснейленд, Замок Нойшвайнштайн, Діснейленд, Лувр",0,5,Перевірити вручну,LOW
ACC-65,Італія,COMPETITOR,BALANCED,REVIEW,"0,3066877541",,,"Доломітові Альпи, Гардаленд, Парк Розваг Гардаленд, Озеро Браес, Озеро Мізуріна",0,5,Перевірити вручну,LOW
ACC-66,Італія,COMPETITOR,OVERLOADED,REVIEW,"0,515333185",,,"Доломітові Альпи, Гардаленд, Парк Розваг Гардаленд, Озеро Браес, Озеро Мізуріна",0,5,Перевірити вручну,LOW
ACC-67,Португалія,COMPETITOR,OVERLOADED,TRIM,"0,2954642012",,,"Аннесі, Більбао, Гайдельберґ, Евора, Каркассонн",0,5,Забрати слабкі стопи: ,HIGH
ACC-68,Швейцарія,COMPETITOR,BALANCED,REVIEW,"0,3495747024",,,"Доломитові Альпи, Монблан, Швейцарська Рів Єра, Замок Нойшвайнштайн, Замок Нойшванштайн",0,5,Перевірити вручну,LOW
ACC-69,Італія,COMPETITOR,BALANCED,REVIEW,"0,1617098995",,Бурано,"Доломітові Альпи, Гардаленд, Парк Розваг Гардаленд, Озеро Браес, Озеро Мізуріна",1,5,Перевірити вручну,LOW
ACC-7,Франція,COMPETITOR,BALANCED,REVIEW,"0,3758871674",,,"Долина Луари, Нормандія Діснейленд, Замки Луари, Замок Нойшвайнштайн, Лувр",0,5,Перевірити вручну,LOW
ACC-70,Італія,COMPETITOR,BALANCED,REVIEW,"0,3912426112",,,"Доломітові Альпи, Гардаленд, Парк Розваг Гардаленд, Озеро Браес, Озеро Мізуріна",0,5,Перевірити вручну,LOW
ACC-71,Італія,COMPETITOR,OVERLOADED,TRIM,"0,4660268759",,,"Доломітові Альпи, Гардаленд, Парк Розваг Гардаленд, Діснейленд, Озеро Мольвено",0,5,Забрати слабкі стопи: ,HIGH
ACC-72,Німеччина,COMPETITOR,BALANCED,REVIEW,"0,4639262759",,,"Замок Нойшванштайн, Tropical Islands Resort, Аквапарк Tropical Island, Люксембург, Кольмар",0,5,Перевірити вручну,LOW
ACC-73,Чехія,COMPETITOR,BALANCED,REVIEW,"0,5094760254",,,"Відень, Парк Розваг Energy Land, Саксонська Швейцарія, Моравський Крас, Кутна Гора",0,5,Перевірити вручну,LOW
ACC-74,Італія,COMPETITOR,BALANCED,REVIEW,"0,3925661749",,,"Доломітові Альпи, Гардаленд, Парк Розваг Гардаленд, Озеро Браес, Озеро Мізуріна",0,5,Перевірити вручну,LOW
ACC-75,Італія,COMPETITOR,BALANCED,REVIEW,"0,5168459894",,Бурано,"Доломітові Альпи, Гардаленд, Парк Розваг Гардаленд, Озеро Браес, Озеро Мізуріна",1,5,Перевірити вручну,LOW
ACC-76,Італія,COMPETITOR,BALANCED,REVIEW,"0,3242527179",,,"Доломітові Альпи, Гардаленд, Парк Розваг Гардаленд, Озеро Браес, Озеро Мізуріна",0,5,Перевірити вручну,LOW
ACC-77,Греція,COMPETITOR,OVERLOADED,TRIM,"0,4014545759",,,"Каньйон Матка, Охридське Озеро, Гора Олімп, Олімпійська Рів Єра, Узбережжя Егейського Моря",0,5,Забрати слабкі стопи: ,HIGH
ACC-78,Австрія,COMPETITOR,BALANCED,REVIEW,"0,4026753827",,,"Люцерн, Мукачево, Гальштат, Долина Красунь, Монтре",0,5,Перевірити вручну,LOW
ACC-79,Швейцарія,COMPETITOR,BALANCED,REVIEW,"0,5524330421",,,"Доломитові Альпи, Монблан, Швейцарська Рів Єра, Замок Нойшвайнштайн, Діснейленд",0,5,Перевірити вручну,LOW
ACC-8,Нідерланди,COMPETITOR,BALANCED,REVIEW,"0,5439677651",,,"Саксонську Швейцарію, Парк Мадуродам, Діснейленд, Парк Ефтелінг, Парк Кекенхоф",0,5,Перевірити вручну,LOW
ACC-80,Італія,COMPETITOR,BALANCED,REVIEW,"0,5248755739",,,"Доломітові Альпи, Гардаленд, Парк Розваг Гардаленд, Озеро Браес, Озеро Мізуріна",0,5,Перевірити вручну,LOW
ACC-81,Італія,COMPETITOR,BALANCED,REVIEW,"0,3014252457",,,"Доломітові Альпи, Гардаленд, Парк Розваг Гардаленд, Озеро Браес, Озеро Мізуріна",0,5,Перевірити вручну,LOW
ACC-82,Греція,COMPETITOR,BALANCED,REVIEW,"0,2331907072",,,"Львів, Озеро Вуліагмені, Каньйон Матка, Охридське Озеро, Олімпійська Рів Єра",0,5,Перевірити вручну,LOW
ACC-83,Італія,COMPETITOR,OVERLOADED,TRIM,"0,4349615523",,,"Доломітові Альпи, Гардаленд, Парк Розваг Гардаленд, Озеро Браес, Озеро Мізуріна",0,5,Забрати слабкі стопи: ,HIGH
ACC-84,Італія,COMPETITOR,OVERLOADED,TRIM,"0,4793803061",,,"Гардаленд, Парк Розваг Гардаленд, Озеро Браес, Озеро Мізуріна, Діснейленд",0,5,Забрати слабкі стопи: ,HIGH
ACC-85,Італія,COMPETITOR,OVERLOADED,TRIM,"0,4977697442",,,"Доломітові Альпи, Гардаленд, Парк Розваг Гардаленд, Озеро Браес, Озеро Мізуріна",0,5,Забрати слабкі стопи: ,HIGH
ACC-86,Італія,COMPETITOR,OVERLOADED,TRIM,"0,4561593424",,,"Доломітові Альпи, Гардаленд, Парк Розваг Гардаленд, Озеро Браес, Озеро Мізуріна",0,5,Забрати слабкі стопи: ,HIGH
ACC-87,Італія,COMPETITOR,BALANCED,REVIEW,"0,5799299472",,,"Доломітові Альпи, Гардаленд, Парк Розваг Гардаленд, Озеро Браес, Озеро Мізуріна",0,5,Перевірити вручну,LOW
ACC-88,Італія,COMPETITOR,BALANCED,REVIEW,"0,514172823",,,"Доломітові Альпи, Гардаленд, Парк Розваг Гардаленд, Озеро Браес, Озеро Мізуріна",0,5,Перевірити вручну,LOW
ACC-89,Австрія,COMPETITOR,BALANCED,REVIEW,"0,5181547619",,,"Люцерн, Мукачево, Гальштат, Долина Красунь, Монтре",0,5,Перевірити вручну,LOW
ACC-9,Нідерланди,COMPETITOR,BALANCED,REVIEW,"0,3922248041",,,"Саксонську Швейцарію, Парк Мадуродам, Парк Ефтелінг, Парк Кекенхоф, Озеро Комо",0,5,Перевірити вручну,LOW
ACC-90,Швейцарія,COMPETITOR,BALANCED,REVIEW,"0,5524330421",,,"Доломитові Альпи, Монблан, Швейцарська Рів Єра, Замок Нойшвайнштайн, Діснейленд",0,5,Перевірити вручну,LOW
ACC-91,Італія,COMPETITOR,BALANCED,REVIEW,"0,471231021",,,"Доломітові Альпи, Гардаленд, Парк Розваг Гардаленд, Озеро Браес, Озеро Мізуріна",0,5,Перевірити вручну,LOW
ACC-92,Італія,COMPETITOR,BALANCED,REVIEW,"0,6299246858",,"Бурано, Лідо Ді Єзоло","Доломітові Альпи, Гардаленд, Парк Розваг Гардаленд, Озеро Браес, Озеро Мізуріна",2,5,Перевірити вручну,LOW
ACC-93,Італія,COMPETITOR,OVERLOADED,TRIM,"0,4589063181",,,"Доломітові Альпи, Гардаленд, Парк Розваг Гардаленд, Озеро Браес, Озеро Мізуріна",0,5,Забрати слабкі стопи: ,HIGH
ACC-94,Норвегія,COMPETITOR,BALANCED,REVIEW,"0,4917858637",,,"Дворец Фредериксборг Замок Кронборг, Сопот, Торунь, Юрмала, Таллінн",0,5,Перевірити вручну,LOW
ACC-95,Швейцарія,COMPETITOR,BALANCED,REVIEW,"0,4860640827",,,"Доломитові Альпи, Монблан, Швейцарська Рів Єра, Замок Нойшвайнштайн, Замок Нойшванштайн",0,5,Перевірити вручну,LOW
ACC-96,Італія,COMPETITOR,BALANCED,REVIEW,"0,3872358613",,,"Доломітові Альпи, Гардаленд, Парк Розваг Гардаленд, Озеро Браес, Озеро Мізуріна",0,5,Перевірити вручну,LOW
ACC-97,Чехія,COMPETITOR,BALANCED,REVIEW,"0,4561388717",,,"Відень, Парк Розваг Energy Land, Саксонська Швейцарія, Моравський Крас, Кутна Гора",0,5,Перевірити вручну,LOW
ACC-98,Франція,COMPETITOR,BALANCED,REVIEW,"0,3887824874",,,"Долина Луари, Нормандія Діснейленд, Замки Луари, Замок Нойшвайнштайн, Діснейленд",0,5,Перевірити вручну,LOW
ACC-99,Італія,COMPETITOR,BALANCED,REVIEW,"0,1466706987",,,"Доломітові Альпи, Гардаленд, Парк Розваг Гардаленд, Озеро Браес, Озеро Мізуріна",0,5,Перевірити вручну,LOW
ADR-1,Чехія,COMPETITOR,BALANCED,REVIEW,"0,3599520063",,,"Відень, Парк Розваг Energy Land, Саксонська Швейцарія, Моравський Крас, Турнов",0,5,Перевірити вручну,LOW
ADR-10,Франція,COMPETITOR,OVERLOADED,REVIEW,"0,5085340118",,,"Долина Луари, Нормандія Діснейленд, Замки Луари, Замок Нойшвайнштайн, Діснейленд",0,5,Перевірити вручну,LOW
ADR-100,Хорватія,COMPETITOR,BALANCED,REVIEW,"0,4064068367",,,"Благай, Меджугор Є, Мостар, Новий, Тімішоара",0,5,Перевірити вручну,LOW
ADR-101,Франція,COMPETITOR,BALANCED,REVIEW,"0,5242814597",,,"Долина Луари, Нормандія Діснейленд, Замки Луари, Замок Нойшвайнштайн, Діснейленд",0,5,Перевірити вручну,LOW
ADR-102,Франція,COMPETITOR,BALANCED,REVIEW,"0,3539844143",,,"Долина Луари, Нормандія Діснейленд, Замки Луари, Замок Нойшвайнштайн, Діснейленд",0,5,Перевірити вручну,LOW
ADR-103,Швейцарія,COMPETITOR,BALANCED,REVIEW,"0,594289259",,,"Доломитові Альпи, Монблан, Швейцарська Рів Єра, Замок Нойшвайнштайн, Замок Нойшванштайн",0,5,Перевірити вручну,LOW
ADR-104,Іспанія,COMPETITOR,OVERLOADED,TRIM,"0,3600317124",,,"Монблан, Швейцарська Рів Єра, Замок Нойшванштайн, Гора Монсеррат, Лазурне Узбережжя",0,5,Забрати слабкі стопи: ,HIGH
ADR-105,Іспанія,COMPETITOR,OVERLOADED,TRIM,"0,156003601",,,"Монблан, Швейцарська Рів Єра, Замок Нойшванштайн, Гора Монсеррат, Лазурне Узбережжя",0,5,Забрати слабкі стопи: ,HIGH
ADR-106,Іспанія,COMPETITOR,OVERLOADED,TRIM,"0,1416858538",,,"Монблан, Швейцарська Рів Єра, Замок Нойшванштайн, Гора Монсеррат, Лазурне Узбережжя",0,5,Забрати слабкі стопи: ,HIGH
ADR-107,Нідерланди,COMPETITOR,BALANCED,REVIEW,"0,4476765537",,,"Саксонську Швейцарію, Парк Мадуродам, Діснейленд, Парк Ефтелінг, Парк Кекенхоф",0,5,Перевірити вручну,LOW
ADR-108,Швейцарія,COMPETITOR,BALANCED,REVIEW,"0,5271768848",,,"Доломитові Альпи, Монблан, Швейцарська Рів Єра, Замок Нойшвайнштайн, Замок Нойшванштайн",0,5,Перевірити вручну,LOW
ADR-109,Швейцарія,COMPETITOR,BALANCED,REVIEW,"0,4725323567",,,"Доломитові Альпи, Монблан, Швейцарська Рів Єра, Замок Нойшвайнштайн, Замок Нойшванштайн",0,5,Перевірити вручну,LOW
ADR-11,Румунія,COMPETITOR,THIN,ADD,"0,2970303144",,,"Чернівці, Львів, Трансильванія, Алба, Б Єртан",0,5,"Додати в маршрут сильні стопи: Чернівці, Львів, Трансильванія, Алба, Б Єртан",HIGH
ADR-110,Хорватія,COMPETITOR,BALANCED,REVIEW,"0,07834432606",,,"Благай, Меджугор Є, Мостар, Новий, Тімішоара",0,5,Перевірити вручну,LOW
ADR-111,Хорватія,COMPETITOR,BALANCED,REVIEW,"0,1554869684",,,"Благай, Меджугор Є, Мостар, Новий, Тімішоара",0,5,Перевірити вручну,LOW
ADR-112,Нідерланди,COMPETITOR,OVERLOADED,TRIM,"0,4155007704",,,"Саксонську Швейцарію, Парк Мадуродам, Діснейленд, Парк Ефтелінг, Парк Кекенхоф",0,5,Забрати слабкі стопи: ,HIGH
ADR-113,Швейцарія,COMPETITOR,BALANCED,REVIEW,"0,4566034814",,,"Доломитові Альпи, Монблан, Швейцарська Рів Єра, Замок Нойшвайнштайн, Замок Нойшванштайн",0,5,Перевірити вручну,LOW
ADR-114,Чорногорія,COMPETITOR,BALANCED,REVIEW,"0,1255234928",,,"Будванськая Рів Єра, Плітвіцкі Озера, Скадарське Озеро, Будванська Рів Єра, Каньйони Річок Тара І Морача",0,5,Перевірити вручну,LOW
ADR-115,Франція,COMPETITOR,BALANCED,REVIEW,"0,3465393906",,,"Долина Луари, Нормандія Діснейленд, Замки Луари, Замок Нойшвайнштайн, Діснейленд",0,5,Перевірити вручну,LOW
ADR-116,Франція,COMPETITOR,BALANCED,REVIEW,"0,4825598291",,,"Долина Луари, Нормандія Діснейленд, Замки Луари, Замок Нойшвайнштайн, Діснейленд",0,5,Перевірити вручну,LOW
ADR-117,Хорватія,COMPETITOR,BALANCED,REVIEW,"0,1133580247",,,"Благай, Меджугор Є, Мостар, Новий, Тімішоара",0,5,Перевірити вручну,LOW
ADR-118,Італія,COMPETITOR,OVERLOADED,TRIM,"0,3127450104",,,"Доломітові Альпи, Гардаленд, Парк Розваг Гардаленд, Озеро Браес, Озеро Мізуріна",0,5,Забрати слабкі стопи: ,HIGH
ADR-119,Італія,COMPETITOR,OVERLOADED,TRIM,"0,4566035074",,,"Доломітові Альпи, Гардаленд, Парк Розваг Гардаленд, Озеро Браес, Озеро Мізуріна",0,5,Забрати слабкі стопи: ,HIGH
ADR-12,Польща,COMPETITOR,THIN,ADD,"0,4043383753",,Закопане,"Будапешт, Парк Розваг ""energy Land"", Львів Вроцлав Берлін Париж Діснейленд Прага Краків Львів, Львів Краків Нюрнберг Бамберг Париж Трювіль Діснейленд Страсбург Кольмар Зальцбург Зальцкаммергут Егер Львів, Майсен",1,5,"Додати в маршрут сильні стопи: Будапешт, Парк Розваг ""energy Land"", Львів Вроцлав Берлін Париж Діснейленд Прага Краків Львів, Львів Краків Нюрнберг Бамберг Париж Трювіль Діснейленд Страсбург Кольмар Зальцбург Зальцкаммергут Егер Львів, Майсен",HIGH
ADR-120,Італія,COMPETITOR,BALANCED,REVIEW,"0,258624293",,,"Доломітові Альпи, Гардаленд, Парк Розваг Гардаленд, Озеро Браес, Озеро Мізуріна",0,5,Перевірити вручну,LOW
ADR-121,Італія,COMPETITOR,BALANCED,REVIEW,"0,1462203135",,,"Доломітові Альпи, Гардаленд, Парк Розваг Гардаленд, Озеро Браес, Озеро Мізуріна",0,5,Перевірити вручну,LOW
ADR-122,Франція,COMPETITOR,OVERLOADED,TRIM,"0,3513725036",,,"Долина Луари, Нормандія Діснейленд, Замки Луари, Замок Нойшвайнштайн, Діснейленд",0,5,Забрати слабкі стопи: ,HIGH
ADR-123,Франція,COMPETITOR,OVERLOADED,TRIM,"0,4721688034",,,"Долина Луари, Нормандія Діснейленд, Замки Луари, Замок Нойшвайнштайн, Діснейленд",0,5,Забрати слабкі стопи: ,HIGH
ADR-124,Нідерланди,COMPETITOR,BALANCED,REVIEW,"0,4216901605",,,"Саксонську Швейцарію, Парк Мадуродам, Діснейленд, Парк Ефтелінг, Парк Кекенхоф",0,5,Перевірити вручну,LOW
ADR-125,Італія,COMPETITOR,BALANCED,REVIEW,"0,1343865491",,,"Доломітові Альпи, Гардаленд, Парк Розваг Гардаленд, Озеро Браес, Озеро Мізуріна",0,5,Перевірити вручну,LOW
ADR-126,Нідерланди,COMPETITOR,BALANCED,REVIEW,"0,449956654",,,"Саксонську Швейцарію, Парк Мадуродам, Діснейленд, Парк Ефтелінг, Парк Кекенхоф",0,5,Перевірити вручну,LOW
ADR-127,Албанія,COMPETITOR,BALANCED,REVIEW,"0,1373272224",,,"Варна, Несебр, Русе, Велико Тирново, Корфу",0,5,Перевірити вручну,LOW
ADR-128,Німеччина,COMPETITOR,BALANCED,REVIEW,"0,415309469",,,"Замок Нойшванштайн, Tropical Islands Resort, Аквапарк Tropical Island, Саксонська Швейцарія, Люксембург",0,5,Перевірити вручну,LOW
ADR-129,Австрія,COMPETITOR,BALANCED,REVIEW,"0,3863555743",,,"Люцерн, Львів, Мукачево, Гальштат, Долина Красунь",0,5,Перевірити вручну,LOW
ADR-13,Румунія,COMPETITOR,THIN,ADD,"0,1369642857",,,"Чернівці, Львів, Трансильванія, Алба, Б Єртан",0,5,"Додати в маршрут сильні стопи: Чернівці, Львів, Трансильванія, Алба, Б Єртан",HIGH
ADR-130,Італія,COMPETITOR,BALANCED,REVIEW,"0,3129127158",,,"Доломітові Альпи, Гардаленд, Парк Розваг Гардаленд, Озеро Браес, Озеро Мізуріна",0,5,Перевірити вручну,LOW
ADR-131,Хорватія,COMPETITOR,BALANCED,REVIEW,"0,02248202796",,,"Благай, Меджугор Є, Мостар, Новий, Тімішоара",0,5,Перевірити вручну,LOW
ADR-132,Італія,COMPETITOR,BALANCED,REVIEW,"0,255277668",,,"Доломітові Альпи, Гардаленд, Парк Розваг Гардаленд, Озеро Браес, Озеро Мізуріна",0,5,Перевірити вручну,LOW
ADR-133,Угорщина,COMPETITOR,BALANCED,REVIEW,"0,3830653232",,,"Егер, Мукачево, Монако, Долина Красунь, Вишеград",0,5,Перевірити вручну,LOW
ADR-134,Іспанія,COMPETITOR,OVERLOADED,TRIM,"0,2985669601",,,"Монблан, Швейцарська Рів Єра, Замок Нойшванштайн, Гора Монсеррат, Лазурне Узбережжя",0,5,Забрати слабкі стопи: ,HIGH
ADR-135,Албанія,COMPETITOR,BALANCED,REVIEW,"0,1307842447",,,"Варна, Несебр, Русе, Велико Тирново, Корфу",0,5,Перевірити вручну,LOW
ADR-136,Франція,COMPETITOR,OVERLOADED,REVIEW,"0,5207019488",,,"Долина Луари, Нормандія Діснейленд, Замки Луари, Замок Нойшвайнштайн, Діснейленд",0,5,Перевірити вручну,LOW
ADR-14,Чехія,COMPETITOR,THIN,ADD,"0,3674130647",,,"Відень, Парк Розваг Energy Land, Саксонська Швейцарія, Моравський Крас, Кутна Гора",0,5,"Додати в маршрут сильні стопи: Відень, Парк Розваг Energy Land, Саксонська Швейцарія, Моравський Крас, Кутна Гора",HIGH
ADR-15,Італія,COMPETITOR,BALANCED,REVIEW,"0,476705786",,,"Доломітові Альпи, Гардаленд, Парк Розваг Гардаленд, Озеро Браес, Озеро Мізуріна",0,5,Перевірити вручну,LOW
ADR-16,Польща,COMPETITOR,THIN,ADD,"0,4000738125",,Закопане,"Будапешт, Парк Розваг ""energy Land"", Львів Вроцлав Берлін Париж Діснейленд Прага Краків Львів, Львів Краків Нюрнберг Бамберг Париж Трювіль Діснейленд Страсбург Кольмар Зальцбург Зальцкаммергут Егер Львів, Майсен",1,5,"Додати в маршрут сильні стопи: Будапешт, Парк Розваг ""energy Land"", Львів Вроцлав Берлін Париж Діснейленд Прага Краків Львів, Львів Краків Нюрнберг Бамберг Париж Трювіль Діснейленд Страсбург Кольмар Зальцбург Зальцкаммергут Егер Львів, Майсен",HIGH
ADR-17,Чехія,COMPETITOR,THIN,ADD,"0,2873415865",,,"Відень, Парк Розваг Energy Land, Саксонська Швейцарія, Моравський Крас, Кутна Гора",0,5,"Додати в маршрут сильні стопи: Відень, Парк Розваг Energy Land, Саксонська Швейцарія, Моравський Крас, Кутна Гора",HIGH
ADR-18,Італія,COMPETITOR,BALANCED,REVIEW,"0,53224699",,,"Доломітові Альпи, Гардаленд, Парк Розваг Гардаленд, Озеро Браес, Озеро Мізуріна",0,5,Перевірити вручну,LOW
ADR-19,Франція,COMPETITOR,BALANCED,REVIEW,"0,5338302524",,,"Долина Луари, Нормандія Діснейленд, Замки Луари, Замок Нойшвайнштайн, Діснейленд",0,5,Перевірити вручну,LOW
ADR-2,Італія,COMPETITOR,BALANCED,REVIEW,"0,3077468405",,,"Доломітові Альпи, Гардаленд, Парк Розваг Гардаленд, Озеро Браес, Озеро Мізуріна",0,5,Перевірити вручну,LOW
ADR-20,Франція,COMPETITOR,BALANCED,REVIEW,"0,3832836414",,,"Долина Луари, Нормандія Діснейленд, Замки Луари, Замок Нойшвайнштайн, Діснейленд",0,5,Перевірити вручну,LOW
ADR-21,Румунія,COMPETITOR,THIN,ADD,"0,3155632716",,,"Чернівці, Львів, Трансильванія, Алба, Б Єртан",0,5,"Додати в маршрут сильні стопи: Чернівці, Львів, Трансильванія, Алба, Б Єртан",HIGH
ADR-22,Польща,COMPETITOR,BALANCED,REVIEW,"0,3839201708",,"Дрезден, Прага","Парк Розваг ""energy Land"", Львів Вроцлав Берлін Париж Діснейленд Прага Краків Львів, Львів Краків Нюрнберг Бамберг Париж Трювіль Діснейленд Страсбург Кольмар Зальцбург Зальцкаммергут Егер Львів, Варшава, Велічка",2,5,Перевірити вручну,LOW
ADR-23,Австрія,COMPETITOR,BALANCED,REVIEW,"0,4416285303",,,"Люцерн, Львів, Мукачево, Гальштат, Долина Красунь",0,5,Перевірити вручну,LOW
ADR-24,Польща,COMPETITOR,THIN,ADD,"0,4000738125",,Закопане,"Будапешт, Парк Розваг ""energy Land"", Львів Вроцлав Берлін Париж Діснейленд Прага Краків Львів, Львів Краків Нюрнберг Бамберг Париж Трювіль Діснейленд Страсбург Кольмар Зальцбург Зальцкаммергут Егер Львів, Майсен",1,5,"Додати в маршрут сильні стопи: Будапешт, Парк Розваг ""energy Land"", Львів Вроцлав Берлін Париж Діснейленд Прага Краків Львів, Львів Краків Нюрнберг Бамберг Париж Трювіль Діснейленд Страсбург Кольмар Зальцбург Зальцкаммергут Егер Львів, Майсен",HIGH
ADR-25,Австрія,COMPETITOR,BALANCED,REVIEW,"0,2122600082",,,"Люцерн, Львів, Мукачево, Гальштат, Долина Красунь",0,5,Перевірити вручну,LOW
ADR-26,Франція,COMPETITOR,OVERLOADED,TRIM,"0,3386466329",,,"Долина Луари, Нормандія Діснейленд, Замки Луари, Замок Нойшвайнштайн, Діснейленд",0,5,Забрати слабкі стопи: ,HIGH
ADR-27,Нідерланди,COMPETITOR,BALANCED,REVIEW,"0,5362898862",,,"Саксонську Швейцарію, Парк Мадуродам, Діснейленд, Парк Ефтелінг, Парк Кекенхоф",0,5,Перевірити вручну,LOW
ADR-28,Німеччина,COMPETITOR,BALANCED,REVIEW,"0,4555579759",,,"Замок Нойшванштайн, Tropical Islands Resort, Аквапарк Tropical Island, Саксонська Швейцарія, Люксембург",0,5,Перевірити вручну,LOW
ADR-29,Франція,COMPETITOR,OVERLOADED,TRIM,"0,3990015884",,,"Долина Луари, Нормандія Діснейленд, Замки Луари, Замок Нойшвайнштайн, Діснейленд",0,5,Забрати слабкі стопи: ,HIGH
ADR-3,Австрія,COMPETITOR,BALANCED,REVIEW,"0,4735513505",,,"Люцерн, Львів, Мукачево, Гальштат, Долина Красунь",0,5,Перевірити вручну,LOW
ADR-30,Франція,COMPETITOR,BALANCED,REVIEW,"0,5950854701",,,"Долина Луари, Нормандія Діснейленд, Замки Луари, Замок Нойшвайнштайн, Діснейленд",0,5,Перевірити вручну,LOW
ADR-31,Франція,COMPETITOR,OVERLOADED,REVIEW,"0,5369230769",,,"Долина Луари, Нормандія Діснейленд, Замки Луари, Замок Нойшвайнштайн, Діснейленд",0,5,Перевірити вручну,LOW
ADR-32,Франція,COMPETITOR,BALANCED,REVIEW,"0,5950854701",,,"Долина Луари, Нормандія Діснейленд, Замки Луари, Замок Нойшвайнштайн, Діснейленд",0,5,Перевірити вручну,LOW
ADR-33,Швейцарія,COMPETITOR,BALANCED,REVIEW,"0,6442903898",,,"Доломитові Альпи, Монблан, Швейцарська Рів Єра, Замок Нойшвайнштайн, Замок Нойшванштайн",0,5,Перевірити вручну,LOW
ADR-34,Швейцарія,COMPETITOR,BALANCED,REVIEW,"0,5275438794",,,"Доломитові Альпи, Монблан, Швейцарська Рів Єра, Замок Нойшвайнштайн, Замок Нойшванштайн",0,5,Перевірити вручну,LOW
ADR-35,Італія,COMPETITOR,BALANCED,REVIEW,"0,1596871827",,,"Доломітові Альпи, Гардаленд, Парк Розваг Гардаленд, Озеро Браес, Озеро Мізуріна",0,5,Перевірити вручну,LOW
ADR-36,Італія,COMPETITOR,OVERLOADED,TRIM,"0,480231196",,,"Доломітові Альпи, Гардаленд, Парк Розваг Гардаленд, Озеро Браес, Озеро Мізуріна",0,5,Забрати слабкі стопи: ,HIGH
ADR-37,Іспанія,COMPETITOR,BALANCED,REVIEW,"0,3395275404",,,"Монблан, Швейцарська Рів Єра, Замок Нойшванштайн, Гора Монсеррат, Лазурне Узбережжя",0,5,Перевірити вручну,LOW
ADR-38,Австрія,COMPETITOR,BALANCED,REVIEW,"0,4456063034",,,"Люцерн, Львів, Мукачево, Гальштат, Долина Красунь",0,5,Перевірити вручну,LOW
ADR-39,Італія,COMPETITOR,BALANCED,REVIEW,"0,4233451215",,,"Доломітові Альпи, Гардаленд, Парк Розваг Гардаленд, Озеро Браес, Озеро Мізуріна",0,5,Перевірити вручну,LOW
ADR-4,Швейцарія,COMPETITOR,BALANCED,REVIEW,"0,5584172047",,,"Доломитові Альпи, Монблан, Швейцарська Рів Єра, Замок Нойшвайнштайн, Замок Нойшванштайн",0,5,Перевірити вручну,LOW
ADR-40,Чехія,COMPETITOR,BALANCED,REVIEW,"0,4601017738",,,"Відень, Парк Розваг Energy Land, Саксонська Швейцарія, Моравський Крас, Кутна Гора",0,5,Перевірити вручну,LOW
ADR-41,Італія,COMPETITOR,BALANCED,REVIEW,"0,4164749668",,,"Доломітові Альпи, Гардаленд, Парк Розваг Гардаленд, Озеро Браес, Озеро Мізуріна",0,5,Перевірити вручну,LOW
ADR-42,Австрія,COMPETITOR,BALANCED,REVIEW,"0,4591292939",,,"Люцерн, Львів, Мукачево, Гальштат, Долина Красунь",0,5,Перевірити вручну,LOW
ADR-43,Нідерланди,COMPETITOR,BALANCED,REVIEW,"0,5348735201",,,"Саксонську Швейцарію, Парк Мадуродам, Діснейленд, Парк Ефтелінг, Парк Кекенхоф",0,5,Перевірити вручну,LOW
ADR-44,Італія,COMPETITOR,BALANCED,REVIEW,"0,2296452421",,,"Доломітові Альпи, Гардаленд, Парк Розваг Гардаленд, Озеро Браес, Озеро Мізуріна",0,5,Перевірити вручну,LOW
ADR-45,Франція,COMPETITOR,BALANCED,REVIEW,"0,1099476637",,,"Долина Луари, Нормандія Діснейленд, Замки Луари, Замок Нойшвайнштайн, Діснейленд",0,5,Перевірити вручну,LOW
ADR-46,Австрія,COMPETITOR,BALANCED,REVIEW,"0,2694711538",,,"Люцерн, Львів, Мукачево, Гальштат, Долина Красунь",0,5,Перевірити вручну,LOW
ADR-47,Угорщина,COMPETITOR,BALANCED,REVIEW,"0,471739756",,Любляна,"Егер, Мукачево, Монако, Долина Красунь, Вишеград",1,5,Перевірити вручну,LOW
ADR-48,Франція,COMPETITOR,BALANCED,REVIEW,"0,2878205128",,,"Долина Луари, Нормандія Діснейленд, Замки Луари, Замок Нойшвайнштайн, Діснейленд",0,5,Перевірити вручну,LOW
ADR-49,Нідерланди,COMPETITOR,OVERLOADED,TRIM,"0,3469509128",,,"Саксонську Швейцарію, Парк Мадуродам, Діснейленд, Парк Ефтелінг, Парк Кекенхоф",0,5,Забрати слабкі стопи: ,HIGH
ADR-5,Італія,COMPETITOR,BALANCED,REVIEW,"0,3242527179",,,"Доломітові Альпи, Гардаленд, Парк Розваг Гардаленд, Озеро Браес, Озеро Мізуріна",0,5,Перевірити вручну,LOW
ADR-50,Нідерланди,COMPETITOR,BALANCED,REVIEW,"0,2829043733",,,"Саксонську Швейцарію, Парк Мадуродам, Діснейленд, Парк Ефтелінг, Парк Кекенхоф",0,5,Перевірити вручну,LOW
ADR-51,Норвегія,COMPETITOR,BALANCED,REVIEW,"0,4812376082",,,"Дворец Фредериксборг Замок Кронборг, Сопот, Гетеборг, Торунь, Львів",0,5,Перевірити вручну,LOW
ADR-52,Нідерланди,COMPETITOR,BALANCED,REVIEW,"0,4779757046",,,"Саксонську Швейцарію, Парк Мадуродам, Діснейленд, Парк Ефтелінг, Парк Кекенхоф",0,5,Перевірити вручну,LOW
ADR-53,Хорватія,COMPETITOR,OVERLOADED,TRIM,"0,3363700866",,,"Благай, Меджугор Є, Мостар, Новий, Тімішоара",0,5,Забрати слабкі стопи: ,HIGH
ADR-54,Хорватія,COMPETITOR,OVERLOADED,TRIM,"0,4252112728",,,"Егерсалок, Брела, Егер, О Крк, Острови Далмації",0,5,Забрати слабкі стопи: ,HIGH
ADR-55,Франція,COMPETITOR,OVERLOADED,TRIM,"0,4275495545",,,"Долина Луари, Нормандія Діснейленд, Замки Луари, Замок Нойшвайнштайн, Діснейленд",0,5,Забрати слабкі стопи: ,HIGH
ADR-56,Франція,COMPETITOR,OVERLOADED,TRIM,"0,2183354114",,,"Долина Луари, Нормандія Діснейленд, Замки Луари, Замок Нойшвайнштайн, Діснейленд",0,5,Забрати слабкі стопи: ,HIGH
ADR-57,Австрія,COMPETITOR,BALANCED,REVIEW,"0,4228211292",,,"Люцерн, Львів, Мукачево, Долина Красунь, Монтре",0,5,Перевірити вручну,LOW
ADR-58,Італія,COMPETITOR,BALANCED,REVIEW,"0,4730192314",,,"Доломітові Альпи, Гардаленд, Парк Розваг Гардаленд, Озеро Браес, Озеро Мізуріна",0,5,Перевірити вручну,LOW
ADR-59,Нідерланди,COMPETITOR,OVERLOADED,REVIEW,"0,5006120527",,,"Саксонську Швейцарію, Парк Мадуродам, Діснейленд, Парк Ефтелінг, Парк Кекенхоф",0,5,Перевірити вручну,LOW
ADR-6,Франція,COMPETITOR,BALANCED,REVIEW,"0,3451750345",,,"Долина Луари, Нормандія Діснейленд, Замки Луари, Замок Нойшвайнштайн, Діснейленд",0,5,Перевірити вручну,LOW
ADR-60,Норвегія,COMPETITOR,BALANCED,REVIEW,"0,5004870637",,,"Дворец Фредериксборг Замок Кронборг, Торунь, Юрмала, Таллінн, Львів",0,5,Перевірити вручну,LOW
ADR-61,Італія,COMPETITOR,BALANCED,REVIEW,"0,3225661749",,,"Доломітові Альпи, Гардаленд, Парк Розваг Гардаленд, Озеро Браес, Озеро Мізуріна",0,5,Перевірити вручну,LOW
ADR-62,Німеччина,COMPETITOR,BALANCED,REVIEW,"0,4555579759",,,"Замок Нойшванштайн, Tropical Islands Resort, Аквапарк Tropical Island, Саксонська Швейцарія, Люксембург",0,5,Перевірити вручну,LOW
ADR-63,Польща,COMPETITOR,THIN,ADD,"0,4240153455",,Вроцлав,"Будапешт, Парк Розваг ""energy Land"", Львів Вроцлав Берлін Париж Діснейленд Прага Краків Львів, Львів Краків Нюрнберг Бамберг Париж Трювіль Діснейленд Страсбург Кольмар Зальцбург Зальцкаммергут Егер Львів, Майсен",1,5,"Додати в маршрут сильні стопи: Будапешт, Парк Розваг ""energy Land"", Львів Вроцлав Берлін Париж Діснейленд Прага Краків Львів, Львів Краків Нюрнберг Бамберг Париж Трювіль Діснейленд Страсбург Кольмар Зальцбург Зальцкаммергут Егер Львів, Майсен",HIGH
ADR-64,Швеція,COMPETITOR,BALANCED,REVIEW,"0,4067688679",,,"Таллін, Львів Таллін Гельсінкі Стокгольм Рига Львів, Вільнюс",0,3,Перевірити вручну,LOW
ADR-65,Німеччина,COMPETITOR,BALANCED,REVIEW,"0,583794271",,,"Замок Нойшванштайн, Tropical Islands Resort, Аквапарк Tropical Island, Саксонська Швейцарія, Люксембург",0,5,Перевірити вручну,LOW
ADR-66,Австрія,COMPETITOR,BALANCED,REVIEW,"0,4045300388",,,"Люцерн, Львів, Мукачево, Гальштат, Долина Красунь",0,5,Перевірити вручну,LOW
ADR-67,Німеччина,COMPETITOR,BALANCED,REVIEW,"0,3805579759",,,"Замок Нойшванштайн, Tropical Islands Resort, Аквапарк Tropical Island, Саксонська Швейцарія, Люксембург",0,5,Перевірити вручну,LOW
ADR-68,Німеччина,COMPETITOR,BALANCED,REVIEW,"0,4543212493",,,"Замок Нойшванштайн, Tropical Islands Resort, Аквапарк Tropical Island, Саксонська Швейцарія, Люксембург",0,5,Перевірити вручну,LOW
ADR-69,Італія,COMPETITOR,OVERLOADED,TRIM,"0,4784452954",,,"Доломітові Альпи, Гардаленд, Парк Розваг Гардаленд, Озеро Браес, Озеро Мізуріна",0,5,Забрати слабкі стопи: ,HIGH
ADR-7,Австрія,COMPETITOR,BALANCED,REVIEW,"0,2930555556",,,"Люцерн, Львів, Мукачево, Гальштат, Долина Красунь",0,5,Перевірити вручну,LOW
ADR-70,Франція,COMPETITOR,BALANCED,REVIEW,"0,5363150738",,,"Долина Луари, Нормандія Діснейленд, Замки Луари, Замок Нойшвайнштайн, Діснейленд",0,5,Перевірити вручну,LOW
ADR-71,Франція,COMPETITOR,BALANCED,REVIEW,"0,4123177476",,,"Долина Луари, Нормандія Діснейленд, Замки Луари, Замок Нойшвайнштайн, Діснейленд",0,5,Перевірити вручну,LOW
ADR-72,Франція,COMPETITOR,OVERLOADED,REVIEW,"0,6073319926",,,"Долина Луари, Нормандія Діснейленд, Замки Луари, Замок Нойшвайнштайн, Діснейленд",0,5,Перевірити вручну,LOW
ADR-73,Норвегія,COMPETITOR,BALANCED,REVIEW,"0,5004098684",,,"Дворец Фредериксборг Замок Кронборг, Сопот, Юрмала, Таллінн, Львів",0,5,Перевірити вручну,LOW
ADR-74,Нідерланди,COMPETITOR,BALANCED,REVIEW,"0,4431490319",,,"Саксонську Швейцарію, Парк Мадуродам, Діснейленд, Парк Ефтелінг, Парк Кекенхоф",0,5,Перевірити вручну,LOW
ADR-75,Чорногорія,COMPETITOR,BALANCED,REVIEW,"0,1235852547",,,"Будванськая Рів Єра, Плітвіцкі Озера, Скадарське Озеро, Будванська Рів Єра, Каньйони Річок Тара І Морача",0,5,Перевірити вручну,LOW
ADR-76,Чорногорія,COMPETITOR,BALANCED,REVIEW,"0,12616554",,,"Будванськая Рів Єра, Плітвіцкі Озера, Скадарське Озеро, Будванська Рів Єра, Каньйони Річок Тара І Морача",0,5,Перевірити вручну,LOW
ADR-77,Чорногорія,COMPETITOR,BALANCED,REVIEW,"0,1544848071",,,"Будванськая Рів Єра, Плітвіцкі Озера, Скадарське Озеро, Будванська Рів Єра, Каньйони Річок Тара І Морача",0,5,Перевірити вручну,LOW
ADR-78,Норвегія,COMPETITOR,BALANCED,REVIEW,"0,3703588574",,,"Дворец Фредериксборг Замок Кронборг, Сопот, Юрмала, Таллінн, Осло",0,5,Перевірити вручну,LOW
ADR-79,Франція,COMPETITOR,BALANCED,REVIEW,"0,3832836414",,,"Долина Луари, Нормандія Діснейленд, Замки Луари, Замок Нойшвайнштайн, Діснейленд",0,5,Перевірити вручну,LOW
ADR-8,Чехія,COMPETITOR,BALANCED,REVIEW,"0,4738463382",,,"Відень, Парк Розваг Energy Land, Саксонська Швейцарія, Моравський Крас, Турнов",0,5,Перевірити вручну,LOW
ADR-80,Італія,COMPETITOR,BALANCED,REVIEW,"0,4730192314",,,"Доломітові Альпи, Гардаленд, Парк Розваг Гардаленд, Озеро Браес, Озеро Мізуріна",0,5,Перевірити вручну,LOW
ADR-81,Греція,COMPETITOR,BALANCED,REVIEW,"0,08108963215",,,"Львів, Озеро Вуліагмені, Каньйон Матка, Охридське Озеро, Гора Олімп",0,5,Перевірити вручну,LOW
ADR-82,Італія,COMPETITOR,BALANCED,REVIEW,"0,2296452421",,,"Доломітові Альпи, Гардаленд, Парк Розваг Гардаленд, Озеро Браес, Озеро Мізуріна",0,5,Перевірити вручну,LOW
ADR-83,Франція,COMPETITOR,OVERLOADED,REVIEW,"0,584740885",,,"Долина Луари, Нормандія Діснейленд, Замки Луари, Замок Нойшвайнштайн, Діснейленд",0,5,Перевірити вручну,LOW
ADR-84,Франція,COMPETITOR,BALANCED,REVIEW,"0,4123710873",,,"Долина Луари, Нормандія Діснейленд, Замки Луари, Замок Нойшвайнштайн, Діснейленд",0,5,Перевірити вручну,LOW
ADR-85,Греція,COMPETITOR,BALANCED,REVIEW,"0,1052944819",,,"Львів, Озеро Вуліагмені, Каньйон Матка, Охридське Озеро, Гора Олімп",0,5,Перевірити вручну,LOW
ADR-86,Греція,COMPETITOR,BALANCED,REVIEW,"0,1362507752",,,"Львів, Озеро Вуліагмені, Каньйон Матка, Охридське Озеро, Гора Олімп",0,5,Перевірити вручну,LOW
ADR-87,Греція,COMPETITOR,BALANCED,REVIEW,"0,1354689715",,,"Львів, Озеро Вуліагмені, Каньйон Матка, Охридське Озеро, Гора Олімп",0,5,Перевірити вручну,LOW
ADR-88,Нідерланди,COMPETITOR,OVERLOADED,REVIEW,"0,6051137187",,,"Саксонську Швейцарію, Парк Мадуродам, Діснейленд, Парк Ефтелінг, Парк Кекенхоф",0,5,Перевірити вручну,LOW
ADR-89,Швеція,COMPETITOR,BALANCED,REVIEW,"0,4595502959",,,"Бремен, Любек, Гамбург, Юрмала, Таллін",0,5,Перевірити вручну,LOW
ADR-9,Австрія,COMPETITOR,THIN,ADD,"0,1778596698",,,"Люцерн, Львів, Мукачево, Гальштат, Долина Красунь",0,5,"Додати в маршрут сильні стопи: Люцерн, Львів, Мукачево, Гальштат, Долина Красунь",HIGH
ADR-90,Швеція,COMPETITOR,THIN,ADD,"0,210649635",,,"Варшава, Бремен, Любек, Гамбург, Юрмала",0,5,"Додати в маршрут сильні стопи: Варшава, Бремен, Любек, Гамбург, Юрмала",HIGH
ADR-91,Іспанія,COMPETITOR,BALANCED,REVIEW,"0,1574923946",,,"Монблан, Швейцарська Рів Єра, Замок Нойшванштайн, Гора Монсеррат, Лазурне Узбережжя",0,5,Перевірити вручну,LOW
ADR-92,Франція,COMPETITOR,BALANCED,REVIEW,"0,5473414976",,,"Долина Луари, Нормандія Діснейленд, Замки Луари, Замок Нойшвайнштайн, Діснейленд",0,5,Перевірити вручну,LOW
ADR-93,Естонія,COMPETITOR,BALANCED,REVIEW,"0,3879374279",,,"Львів Таллінн Стокгольм Рига Львів, Львів, Каунас",0,3,Перевірити вручну,LOW
ADR-94,Нідерланди,COMPETITOR,BALANCED,REVIEW,"0,2369600373",,,"Саксонську Швейцарію, Парк Мадуродам, Діснейленд, Парк Ефтелінг, Парк Кекенхоф",0,5,Перевірити вручну,LOW
ADR-95,Швейцарія,COMPETITOR,OVERLOADED,REVIEW,"0,6158453128",,,"Доломитові Альпи, Монблан, Швейцарська Рів Єра, Замок Нойшвайнштайн, Замок Нойшванштайн",0,5,Перевірити вручну,LOW
ADR-96,Швейцарія,COMPETITOR,BALANCED,REVIEW,"0,315669412",,,"Доломитові Альпи, Монблан, Швейцарська Рів Єра, Замок Нойшвайнштайн, Замок Нойшванштайн",0,5,Перевірити вручну,LOW
ADR-97,Франція,COMPETITOR,OVERLOADED,REVIEW,"0,6136573365",,,"Долина Луари, Нормандія Діснейленд, Замки Луари, Замок Нойшвайнштайн, Діснейленд",0,5,Перевірити вручну,LOW
ADR-98,Португалія,COMPETITOR,OVERLOADED,REVIEW,"0,6173350952",,,"Озеро Блед, Озеро Гарда, Ансі, Аркашон, Ліссабон",0,5,Перевірити вручну,LOW
ADR-99,Хорватія,COMPETITOR,BALANCED,REVIEW,"0,1560692908",,,"Благай, Меджугор Є, Мостар, Новий, Тімішоара",0,5,Перевірити вручну,LOW
EUR-1,Угорщина,EUROTRIPS,BALANCED,REVIEW,"0,1447429781",,"Львів, Адріатичне Узбережжя, Верона, Венеція, Озеро Браєс, Львів","Егер, Мукачево, Монако, Долина Красунь, Вишеград",6,5,Перевірити вручну,LOW
EUR-10,Польща,EUROTRIPS,BALANCED,REVIEW,"0,3664467867",,"Львів, Польща, Прага, Дрезден, Саксонська Швейцарія, Польща, Львів","Будапешт, Краків, Парк Розваг ""energy Land"", Львів Вроцлав Берлін Париж Діснейленд Прага Краків Львів, Львів Краків Нюрнберг Бамберг Париж Трювіль Діснейленд Страсбург Кольмар Зальцбург Зальцкаммергут Егер Львів",7,5,Перевірити вручну,LOW
EUR-11,Румунія,EUROTRIPS,BALANCED,REVIEW,"0,3165939465",,"Замок Дракули, Замок Кантакузіно","Чернівці, Алба, Б Єртан, Пояна, Трансфегераш",2,5,Перевірити вручну,LOW
EUR-12,Італія,EUROTRIPS,BALANCED,REVIEW,"0,2445856306",,,"Доломітові Альпи, Гардаленд, Парк Розваг Гардаленд, Озеро Браес, Озеро Мізуріна",0,5,Перевірити вручну,LOW
EUR-13,Італія,EUROTRIPS,BALANCED,REVIEW,"0,1731429572",,"Лідо Ді Єзоло, Барселона, Порт Авентура, Песк Єра Дель Гарда","Доломітові Альпи, Парк Розваг Гардаленд, Озеро Браес, Озеро Мізуріна, Діснейленд",4,5,Перевірити вручну,LOW
EUR-14,Польща,EUROTRIPS,THIN,ADD,"0,3848075655",,"Львів, Закопане, Львів","Будапешт, Парк Розваг ""energy Land"", Львів Вроцлав Берлін Париж Діснейленд Прага Краків Львів, Львів Краків Нюрнберг Бамберг Париж Трювіль Діснейленд Страсбург Кольмар Зальцбург Зальцкаммергут Егер Львів, Майсен",3,5,"Додати в маршрут сильні стопи: Будапешт, Парк Розваг ""energy Land"", Львів Вроцлав Берлін Париж Діснейленд Прага Краків Львів, Львів Краків Нюрнберг Бамберг Париж Трювіль Діснейленд Страсбург Кольмар Зальцбург Зальцкаммергут Егер Львів, Майсен",HIGH
EUR-15,Польща,EUROTRIPS,BALANCED,REVIEW,"0,3598240469",,"Львів, Закопане, Морське Око, Львів","Будапешт, Парк Розваг ""energy Land"", Львів Вроцлав Берлін Париж Діснейленд Прага Краків Львів, Львів Краків Нюрнберг Бамберг Париж Трювіль Діснейленд Страсбург Кольмар Зальцбург Зальцкаммергут Егер Львів, Майсен",4,5,Перевірити вручну,LOW
EUR-16,Угорщина,EUROTRIPS,OVERLOADED,TRIM,"0,1665831702",,"Львів, Любляна, Озеро Блед, Лігурійське Узбережжя, Портофіно, Ніцца, Канни, Сен Тропе, Озеро Гарда, Верона, Львів","Егер, Долина Красунь, Вишеград, Відень Оз Балатон, Мишкольц",11,5,"Забрати слабкі стопи: Львів, Любляна, Озеро Блед, Лігурійське Узбережжя, Портофіно, Ніцца, Канни, Сен Тропе",HIGH
EUR-17,Італія,EUROTRIPS,BALANCED,REVIEW,"0,3346552362",,Озеро Браєс,"Гардаленд, Парк Розваг Гардаленд, Озеро Браес, Озеро Мізуріна, Діснейленд",1,5,Перевірити вручну,LOW
EUR-18,Італія,EUROTRIPS,BALANCED,REVIEW,"0,06338040519",,"Лідо Ді Єзоло, Бурано","Гардаленд, Парк Розваг Гардаленд, Озеро Браес, Озеро Мізуріна, Діснейленд",2,5,Перевірити вручну,LOW
EUR-19,Польща,EUROTRIPS,THIN,ADD,"0,3848075655",,"Львів, Закопане, Львів","Будапешт, Парк Розваг ""energy Land"", Львів Вроцлав Берлін Париж Діснейленд Прага Краків Львів, Львів Краків Нюрнберг Бамберг Париж Трювіль Діснейленд Страсбург Кольмар Зальцбург Зальцкаммергут Егер Львів, Майсен",3,5,"Додати в маршрут сильні стопи: Будапешт, Парк Розваг ""energy Land"", Львів Вроцлав Берлін Париж Діснейленд Прага Краків Львів, Львів Краків Нюрнберг Бамберг Париж Трювіль Діснейленд Страсбург Кольмар Зальцбург Зальцкаммергут Егер Львів, Майсен",HIGH
EUR-2,Польща,EUROTRIPS,BALANCED,REVIEW,"0,2249000497",,"Львів, Польща, Вроцлав, Берлін, Амстердам, Гаага, Заансе Сханс, Волендам, Прага, Польща","Будапешт, Краків, Парк Розваг ""energy Land"", Львів Вроцлав Берлін Париж Діснейленд Прага Краків Львів, Львів Краків Нюрнберг Бамберг Париж Трювіль Діснейленд Страсбург Кольмар Зальцбург Зальцкаммергут Егер Львів",10,5,Перевірити вручну,LOW
EUR-20,Італія,EUROTRIPS,BALANCED,REVIEW,"0,2445856306",,,"Доломітові Альпи, Гардаленд, Парк Розваг Гардаленд, Озеро Браес, Озеро Мізуріна",0,5,Перевірити вручну,LOW
EUR-21,Угорщина,EUROTRIPS,BALANCED,REVIEW,"0,24139306",,"Львів, Стрий, Відень","Егер, Монако, Долина Красунь, Вишеград, Відень Оз Балатон",3,5,Перевірити вручну,LOW
EUR-22,Словенія,EUROTRIPS,BALANCED,REVIEW,"0,513236246",,"Львів, Словенія, Венеція, Бурано, Будапешт, Львів",,6,0,Перевірити вручну,LOW
EUR-23,Італія,EUROTRIPS,BALANCED,REVIEW,"0,2059632443",,,"Доломітові Альпи, Гардаленд, Парк Розваг Гардаленд, Озеро Браес, Озеро Мізуріна",0,5,Перевірити вручну,LOW
EUR-24,Чехія,EUROTRIPS,BALANCED,REVIEW,"0,1956984192",,"Париж, Нормандія, Польща","Парк Розваг Energy Land, Саксонська Швейцарія, Моравський Крас, Кутна Гора, Турнов",3,5,Перевірити вручну,LOW
EUR-25,Польща,EUROTRIPS,OVERLOADED,TRIM,"0,1423275793",,"Львів, Дрезден, Брюссель, Брюгге, Антверпен, Амстердам, Сен Мало, Мон Сен Мішель, Руан, Нормандія, Париж, Вроцлав, Львів","Будапешт, Парк Розваг ""energy Land"", Львів Вроцлав Берлін Париж Діснейленд Прага Краків Львів, Львів Краків Нюрнберг Бамберг Париж Трювіль Діснейленд Страсбург Кольмар Зальцбург Зальцкаммергут Егер Львів, Майсен",13,5,"Забрати слабкі стопи: Львів, Дрезден, Брюссель, Брюгге, Антверпен, Амстердам, Сен Мало, Мон Сен Мішель",HIGH
EUR-26,Італія,EUROTRIPS,BALANCED,REVIEW,"0,2628820297",,"Острів Капрі, Острів, Бурано","Доломітові Альпи, Гардаленд, Парк Розваг Гардаленд, Озеро Браес, Озеро Мізуріна",3,5,Перевірити вручну,LOW
EUR-27,Австрія,EUROTRIPS,BALANCED,REVIEW,"0,2917501965",,,"Люцерн, Мукачево, Долина Красунь, Монтре, Руст",0,5,Перевірити вручну,LOW
EUR-28,Польща,EUROTRIPS,BALANCED,REVIEW,"0,5539467867",,"Львів, Прага, Братислава, Сентендре, Львів","Парк Розваг ""energy Land"", Львів Вроцлав Берлін Париж Діснейленд Прага Краків Львів, Львів Краків Нюрнберг Бамберг Париж Трювіль Діснейленд Страсбург Кольмар Зальцбург Зальцкаммергут Егер Львів, Майсен, Варшава",5,5,Перевірити вручну,LOW
EUR-29,Угорщина,EUROTRIPS,BALANCED,REVIEW,"0,2378167573",,"Львів, Верона, Рим, Венеція, Львів","Егер, Мукачево, Монако, Долина Красунь, Вишеград",5,5,Перевірити вручну,LOW
EUR-3,Литва,EUROTRIPS,BALANCED,REVIEW,"0,3727276636",,"Львів, Каунас, Таллінн, Стокгольм, Львів","Юрмала, Таллін",5,2,Перевірити вручну,LOW
EUR-30,Польща,EUROTRIPS,THIN,ADD,"0,3848075655",,"Львів, Закопане, Львів","Будапешт, Парк Розваг ""energy Land"", Львів Вроцлав Берлін Париж Діснейленд Прага Краків Львів, Львів Краків Нюрнберг Бамберг Париж Трювіль Діснейленд Страсбург Кольмар Зальцбург Зальцкаммергут Егер Львів, Майсен",3,5,"Додати в маршрут сильні стопи: Будапешт, Парк Розваг ""energy Land"", Львів Вроцлав Берлін Париж Діснейленд Прага Краків Львів, Львів Краків Нюрнберг Бамберг Париж Трювіль Діснейленд Страсбург Кольмар Зальцбург Зальцкаммергут Егер Львів, Майсен",HIGH
EUR-31,Польща,EUROTRIPS,BALANCED,REVIEW,"-0,004786232443",,"Львів, Гданськ, Мальме, Копенгаген, Берген, Флом, Язик Троля, Осло, Стокгольм, Рига, Львів","Будапешт, Краків, Парк Розваг ""energy Land"", Львів Вроцлав Берлін Париж Діснейленд Прага Краків Львів, Львів Краків Нюрнберг Бамберг Париж Трювіль Діснейленд Страсбург Кольмар Зальцбург Зальцкаммергут Егер Львів",11,5,Перевірити вручну,LOW
EUR-32,Угорщина,EUROTRIPS,BALANCED,REVIEW,"-0,07663329592",,"Львів, Лідо Ді Єзоло, Коста Брава, Ніцца, Озеро Гарда, Львів","Будапешт, Мукачево, Монако, Долина Красунь, Вишеград",6,5,Перевірити вручну,LOW
EUR-33,Греція,EUROTRIPS,THIN,ADD,"0,07722487139",,"Київ, Халкідіки, Київ","Озеро Вуліагмені, Каньйон Матка, Охридське Озеро, Гора Олімп, Олімпійська Рів Єра",3,5,"Додати в маршрут сильні стопи: Озеро Вуліагмені, Каньйон Матка, Охридське Озеро, Гора Олімп, Олімпійська Рів Єра",HIGH
EUR-34,Греція,EUROTRIPS,THIN,ADD,"0,1459022877",,"Київ, Халкідіки, Київ","Озеро Вуліагмені, Каньйон Матка, Охридське Озеро, Гора Олімп, Олімпійська Рів Єра",3,5,"Додати в маршрут сильні стопи: Озеро Вуліагмені, Каньйон Матка, Охридське Озеро, Гора Олімп, Олімпійська Рів Єра",HIGH
EUR-35,Туреччина,EUROTRIPS,THIN,ADD,"0,2254347826",,"Львів, Стамбул, Львів",,3,0,Додати в маршрут сильні стопи: ,HIGH
EUR-36,Австрія,EUROTRIPS,BALANCED,REVIEW,"0,1799956995",,Стрий,"Люцерн, Гальштат, Долина Красунь, Монтре, Руст",1,5,Перевірити вручну,LOW
EUR-37,Румунія,EUROTRIPS,BALANCED,REVIEW,"0,2146390504",,"Замок Дракули, Замок Кантакузіно","Чернівці, Алба, Б Єртан, Пояна, Трансфегераш",2,5,Перевірити вручну,LOW
EUR-38,Угорщина,EUROTRIPS,THIN,ADD,"0,03974261759",,"Львів, Бечичі, Львів","Егер, Будапешт, Мукачево, Монако, Долина Красунь",3,5,"Додати в маршрут сильні стопи: Егер, Будапешт, Мукачево, Монако, Долина Красунь",HIGH
EUR-39,Австрія,EUROTRIPS,BALANCED,REVIEW,"0,4226263661",,"Цюріх, Берн, Інтерлакен, Гріндельвальд, Рейнський Водоспад","Мукачево, Гальштат, Долина Красунь, Монтре, Руст",5,5,Перевірити вручну,LOW
EUR-4,Італія,EUROTRIPS,BALANCED,REVIEW,"0,4984660053",,"Словенія, Бурано","Доломітові Альпи, Гардаленд, Парк Розваг Гардаленд, Озеро Браес, Озеро Мізуріна",2,5,Перевірити вручну,LOW
EUR-5,Австрія,EUROTRIPS,BALANCED,REVIEW,"0,4104605622",,Польща,"Люцерн, Мукачево, Долина Красунь, Монтре, Руст",1,5,Перевірити вручну,LOW
EUR-6,Угорщина,EUROTRIPS,THIN,ADD,"0,2781809437",,"Львів, Відень, Львів","Егер, Мукачево, Монако, Долина Красунь, Вишеград",3,5,"Додати в маршрут сильні стопи: Егер, Мукачево, Монако, Долина Красунь, Вишеград",HIGH
EUR-7,Румунія,EUROTRIPS,THIN,ADD,"0,1883933081",,Трансфагараш,"Львів, Трансильванія, Алба, Б Єртан, Пояна",1,5,"Додати в маршрут сильні стопи: Львів, Трансильванія, Алба, Б Єртан, Пояна",HIGH
EUR-8,Італія,EUROTRIPS,BALANCED,REVIEW,"0,07057700498",,Бурано,"Доломітові Альпи, Гардаленд, Парк Розваг Гардаленд, Озеро Браес, Озеро Мізуріна",1,5,Перевірити вручну,LOW
EUR-9,Польща,EUROTRIPS,BALANCED,REVIEW,"0,2071912865",,"Львів, Чехія, Прага, Дрезден, Чехія, Львів","Будапешт, Краків, Парк Розваг ""energy Land"", Львів Вроцлав Берлін Париж Діснейленд Прага Краків Львів, Львів Краків Нюрнберг Бамберг Париж Трювіль Діснейленд Страсбург Кольмар Зальцбург Зальцкаммергут Егер Львів",6,5,Перевірити вручну,LOW
ITR-1,Австрія,COMPETITOR,BALANCED,REVIEW,"0,3479484098",,,"Люцерн, Львів, Мукачево, Гальштат, Долина Красунь",0,5,Перевірити вручну,LOW
ITR-10,Австрія,COMPETITOR,BALANCED,REVIEW,"0,4074653504",,,"Люцерн, Львів, Мукачево, Гальштат, Долина Красунь",0,5,Перевірити вручну,LOW
ITR-11,Австрія,COMPETITOR,BALANCED,REVIEW,"0,2917501965",,,"Люцерн, Львів, Мукачево, Гальштат, Долина Красунь",0,5,Перевірити вручну,LOW
ITR-12,Австрія,COMPETITOR,BALANCED,REVIEW,"0,2643491457",,,"Люцерн, Львів, Мукачево, Гальштат, Долина Красунь",0,5,Перевірити вручну,LOW
ITR-13,Італія,COMPETITOR,BALANCED,REVIEW,"0,3346552362",,,"Доломітові Альпи, Гардаленд, Парк Розваг Гардаленд, Озеро Браес, Озеро Мізуріна",0,5,Перевірити вручну,LOW
ITR-14,Італія,COMPETITOR,BALANCED,REVIEW,"0,4231429572",,,"Доломітові Альпи, Гардаленд, Парк Розваг Гардаленд, Озеро Браес, Озеро Мізуріна",0,5,Перевірити вручну,LOW
ITR-15,Італія,COMPETITOR,BALANCED,REVIEW,"0,3482378137",,,"Доломітові Альпи, Гардаленд, Парк Розваг Гардаленд, Озеро Браес, Озеро Мізуріна",0,5,Перевірити вручну,LOW
ITR-16,Італія,COMPETITOR,THIN,ADD,"0,06658690553",,,"Доломітові Альпи, Гардаленд, Парк Розваг Гардаленд, Озеро Браес, Озеро Мізуріна",0,5,"Додати в маршрут сильні стопи: Доломітові Альпи, Гардаленд, Парк Розваг Гардаленд, Озеро Браес, Озеро Мізуріна",HIGH
ITR-17,Іспанія,COMPETITOR,BALANCED,REVIEW,"0,372459748",,,"Монблан, Швейцарська Рів Єра, Замок Нойшванштайн, Гора Монсеррат, Лазурне Узбережжя",0,5,Перевірити вручну,LOW
ITR-18,Італія,COMPETITOR,BALANCED,REVIEW,"0,3187792864",,,"Доломітові Альпи, Гардаленд, Парк Розваг Гардаленд, Озеро Браес, Озеро Мізуріна",0,5,Перевірити вручну,LOW
ITR-19,Австрія,COMPETITOR,BALANCED,REVIEW,"0,37175331",,,"Люцерн, Львів, Мукачево, Долина Красунь, Монтре",0,5,Перевірити вручну,LOW
ITR-2,Італія,COMPETITOR,BALANCED,REVIEW,"0,2980043532",,,"Доломітові Альпи, Гардаленд, Парк Розваг Гардаленд, Озеро Браес, Озеро Мізуріна",0,5,Перевірити вручну,LOW
ITR-20,Австрія,COMPETITOR,BALANCED,REVIEW,"0,3813552113",,,"Люцерн, Мукачево, Долина Красунь, Монтре, Руст",0,5,Перевірити вручну,LOW
ITR-21,Австрія,COMPETITOR,BALANCED,REVIEW,"0,4378763388",,,"Львів, Мукачево, Долина Красунь, Монтре, Руст",0,5,Перевірити вручну,LOW
ITR-22,Австрія,COMPETITOR,BALANCED,REVIEW,"0,1989880745",,,"Люцерн, Львів, Мукачево, Гальштат, Долина Красунь",0,5,Перевірити вручну,LOW
ITR-23,Італія,COMPETITOR,BALANCED,REVIEW,"0,3789722235",,,"Доломітові Альпи, Гардаленд, Парк Розваг Гардаленд, Озеро Браес, Озеро Мізуріна",0,5,Перевірити вручну,LOW
ITR-24,Австрія,COMPETITOR,BALANCED,REVIEW,"0,2779989919",,,"Львів, Мукачево, Гальштат, Долина Красунь, Руст",0,5,Перевірити вручну,LOW
ITR-25,Німеччина,COMPETITOR,BALANCED,REVIEW,"0,3636279611",,,"Замок Нойшванштайн, Tropical Islands Resort, Аквапарк Tropical Island, Саксонська Швейцарія, Бамберг",0,5,Перевірити вручну,LOW
ITR-26,Італія,COMPETITOR,BALANCED,REVIEW,"0,2980043532",,,"Доломітові Альпи, Гардаленд, Парк Розваг Гардаленд, Озеро Браес, Озеро Мізуріна",0,5,Перевірити вручну,LOW
ITR-27,Бельгія,COMPETITOR,BALANCED,REVIEW,"0,5216328643",,,"Замок Вартбург, Трір, Левен, Мехелен, Гент",0,5,Перевірити вручну,LOW
ITR-28,Австрія,COMPETITOR,BALANCED,REVIEW,"0,4392860435",,,"Люцерн, Львів, Мукачево, Гальштат, Долина Красунь",0,5,Перевірити вручну,LOW
ITR-29,Німеччина,COMPETITOR,BALANCED,REVIEW,"0,1702610277",,,"Замок Нойшванштайн, Tropical Islands Resort, Саксонська Швейцарія, Люксембург, Кольмар",0,5,Перевірити вручну,LOW
ITR-3,Австрія,COMPETITOR,BALANCED,REVIEW,"0,3443047165",,,"Люцерн, Львів, Мукачево, Гальштат, Долина Красунь",0,5,Перевірити вручну,LOW
ITR-30,Італія,COMPETITOR,OVERLOADED,TRIM,"0,3482378137",,,"Доломітові Альпи, Гардаленд, Парк Розваг Гардаленд, Озеро Браес, Озеро Мізуріна",0,5,Забрати слабкі стопи: ,HIGH
ITR-31,Франція,COMPETITOR,BALANCED,REVIEW,"0,2862295335",,,"Долина Луари, Нормандія Діснейленд, Замки Луари, Замок Нойшвайнштайн, Лувр",0,5,Перевірити вручну,LOW
ITR-32,Франція,COMPETITOR,BALANCED,REVIEW,"0,332402529",,,"Долина Луари, Нормандія Діснейленд, Замки Луари, Замок Нойшвайнштайн, Лувр",0,5,Перевірити вручну,LOW
ITR-33,Італія,COMPETITOR,BALANCED,REVIEW,"0,3325950769",,,"Доломітові Альпи, Гардаленд, Парк Розваг Гардаленд, Озеро Браес, Озеро Мізуріна",0,5,Перевірити вручну,LOW
ITR-34,Німеччина,COMPETITOR,BALANCED,REVIEW,"0,3825759825",,,"Замок Нойшванштайн, Tropical Islands Resort, Аквапарк Tropical Island, Саксонська Швейцарія, Люксембург",0,5,Перевірити вручну,LOW
ITR-35,Франція,COMPETITOR,BALANCED,REVIEW,"0,2701617259",,,"Долина Луари, Нормандія Діснейленд, Замки Луари, Замок Нойшвайнштайн, Діснейленд",0,5,Перевірити вручну,LOW
ITR-36,Франція,COMPETITOR,BALANCED,REVIEW,"0,3907135011",,,"Долина Луари, Нормандія Діснейленд, Замки Луари, Замок Нойшвайнштайн, Діснейленд",0,5,Перевірити вручну,LOW
ITR-37,Болгарія,COMPETITOR,BALANCED,REVIEW,"0,208490281",,,"Пловдив, Русе, Велико Тирново, Скоп Є, Белград",0,5,Перевірити вручну,LOW
ITR-38,Італія,COMPETITOR,BALANCED,REVIEW,"0,1540869055",,,"Доломітові Альпи, Гардаленд, Парк Розваг Гардаленд, Озеро Браес, Озеро Мізуріна",0,5,Перевірити вручну,LOW
ITR-39,Італія,COMPETITOR,BALANCED,REVIEW,"0,3187792864",,,"Доломітові Альпи, Гардаленд, Парк Розваг Гардаленд, Озеро Браес, Озеро Мізуріна",0,5,Перевірити вручну,LOW
ITR-4,Франція,COMPETITOR,BALANCED,REVIEW,"0,5373596555",,,"Долина Луари, Нормандія Діснейленд, Замки Луари, Замок Нойшвайнштайн, Діснейленд",0,5,Перевірити вручну,LOW
ITR-40,Литва,COMPETITOR,THIN,ADD,"0,3171428571",,,Таллін,0,1,Додати в маршрут сильні стопи: Таллін,HIGH
ITR-41,Литва,COMPETITOR,BALANCED,REVIEW,"0,4045714286",,,,0,0,Перевірити вручну,LOW
ITR-42,Швеція,COMPETITOR,BALANCED,REVIEW,"0,2706666667",,,"Варшава, Бремен, Любек, Гамбург, Вроцлав",0,5,Перевірити вручну,LOW
ITR-43,Італія,COMPETITOR,THIN,ADD,"0,3346552362",,,"Доломітові Альпи, Гардаленд, Парк Розваг Гардаленд, Озеро Браес, Озеро Мізуріна",0,5,"Додати в маршрут сильні стопи: Доломітові Альпи, Гардаленд, Парк Розваг Гардаленд, Озеро Браес, Озеро Мізуріна",HIGH
ITR-44,Чорногорія,COMPETITOR,THIN,ADD,"0,1342362899",,,"Будванськая Рів Єра, Плітвіцкі Озера, Скадарське Озеро, Будванська Рів Єра, Каньйони Річок Тара І Морача",0,5,"Додати в маршрут сильні стопи: Будванськая Рів Єра, Плітвіцкі Озера, Скадарське Озеро, Будванська Рів Єра, Каньйони Річок Тара І Морача",HIGH
ITR-45,Румунія,COMPETITOR,THIN,ADD,"0,4004737903",,,"Чернівці, Брашов, Трансильванія, Алба, Б Єртан",0,5,"Додати в маршрут сильні стопи: Чернівці, Брашов, Трансильванія, Алба, Б Єртан",HIGH
ITR-46,Італія,COMPETITOR,THIN,ADD,"0,4289722235",,,"Доломітові Альпи, Гардаленд, Парк Розваг Гардаленд, Озеро Браес, Озеро Мізуріна",0,5,"Додати в маршрут сильні стопи: Доломітові Альпи, Гардаленд, Парк Розваг Гардаленд, Озеро Браес, Озеро Мізуріна",HIGH
ITR-47,Австрія,COMPETITOR,THIN,ADD,"0,2557985084",,,"Люцерн, Мукачево, Гальштат, Долина Красунь, Монтре",0,5,"Додати в маршрут сильні стопи: Люцерн, Мукачево, Гальштат, Долина Красунь, Монтре",HIGH
ITR-48,Греція,COMPETITOR,THIN,ADD,"0,1376057464",,,"Озеро Вуліагмені, Каньйон Матка, Охридське Озеро, Гора Олімп, Олімпійська Рів Єра",0,5,"Додати в маршрут сильні стопи: Озеро Вуліагмені, Каньйон Матка, Охридське Озеро, Гора Олімп, Олімпійська Рів Єра",HIGH
ITR-49,Румунія,COMPETITOR,THIN,ADD,"0,1875",,,"Чернівці, Брашов, Трансильванія, Алба, Б Єртан",0,5,"Додати в маршрут сильні стопи: Чернівці, Брашов, Трансильванія, Алба, Б Єртан",HIGH
ITR-5,Австрія,COMPETITOR,BALANCED,REVIEW,"0,2629166667",,,"Люцерн, Мукачево, Гальштат, Долина Красунь, Монтре",0,5,Перевірити вручну,LOW
ITR-50,Німеччина,COMPETITOR,THIN,ADD,"0,362516375",,,"Замок Нойшванштайн, Tropical Islands Resort, Аквапарк Tropical Island, Саксонська Швейцарія, Люксембург",0,5,"Додати в маршрут сильні стопи: Замок Нойшванштайн, Tropical Islands Resort, Аквапарк Tropical Island, Саксонська Швейцарія, Люксембург",HIGH
ITR-51,Франція,COMPETITOR,OVERLOADED,TRIM,"0,3448536097",,,"Долина Луари, Нормандія Діснейленд, Замки Луари, Замок Нойшвайнштайн, Діснейленд",0,5,Забрати слабкі стопи: ,HIGH
ITR-52,Італія,COMPETITOR,BALANCED,REVIEW,"0,5012762316",,,"Доломітові Альпи, Гардаленд, Парк Розваг Гардаленд, Озеро Браес, Озеро Мізуріна",0,5,Перевірити вручну,LOW
ITR-6,Німеччина,COMPETITOR,BALANCED,REVIEW,"0,3273052656",,,"Замок Нойшванштайн, Tropical Islands Resort, Аквапарк Tropical Island, Саксонська Швейцарія, Люксембург",0,5,Перевірити вручну,LOW
ITR-7,Бельгія,COMPETITOR,BALANCED,REVIEW,"0,328312851",,,"Замок Вартбург, Трір, Левен, Мехелен, Люксембург",0,5,Перевірити вручну,LOW
ITR-8,Німеччина,COMPETITOR,BALANCED,REVIEW,"0,244031677",,,"Замок Нойшванштайн, Tropical Islands Resort, Аквапарк Tropical Island, Саксонська Швейцарія, Люксембург",0,5,Перевірити вручну,LOW
ITR-9,Австрія,COMPETITOR,BALANCED,REVIEW,"0,3818130237",,,"Люцерн, Мукачево, Гальштат, Долина Красунь, Монтре",0,5,Перевірити вручну,LOW
RIC-1,Хорватія,COMPETITOR,BALANCED,REVIEW,"0,1900564717",,,"Благай, Меджугор Є, Мостар, Новий, Тімішоара",0,5,Перевірити вручну,LOW
RIC-10,Польща,COMPETITOR,BALANCED,REVIEW,"-0,1444560034",,"Гданськ, Копенгаген, Осло, Стокгольм, Рига","Будапешт, Краків, Парк Розваг ""energy Land"", Львів Вроцлав Берлін Париж Діснейленд Прага Краків Львів, Львів Краків Нюрнберг Бамберг Париж Трювіль Діснейленд Страсбург Кольмар Зальцбург Зальцкаммергут Егер Львів",5,5,Перевірити вручну,LOW
RIC-2,Італія,COMPETITOR,BALANCED,REVIEW,"0,09231603884",,,"Доломітові Альпи, Гардаленд, Парк Розваг Гардаленд, Озеро Браес, Озеро Мізуріна",0,5,Перевірити вручну,LOW
RIC-3,Італія,COMPETITOR,BALANCED,REVIEW,"0,1572792207",,,"Доломітові Альпи, Гардаленд, Парк Розваг Гардаленд, Озеро Браес, Озеро Мізуріна",0,5,Перевірити вручну,LOW
RIC-4,Греція,COMPETITOR,BALANCED,REVIEW,"0,1225938873",,,"Озеро Вуліагмені, Каньйон Матка, Охридське Озеро, Гора Олімп, Олімпійська Рів Єра",0,5,Перевірити вручну,LOW
RIC-5,Польща,COMPETITOR,THIN,ADD,"0,4022049713",,"Львів, Львів","Будапешт, Парк Розваг ""energy Land"", Львів Вроцлав Берлін Париж Діснейленд Прага Краків Львів, Львів Краків Нюрнберг Бамберг Париж Трювіль Діснейленд Страсбург Кольмар Зальцбург Зальцкаммергут Егер Львів, Майсен",2,5,"Додати в маршрут сильні стопи: Будапешт, Парк Розваг ""energy Land"", Львів Вроцлав Берлін Париж Діснейленд Прага Краків Львів, Львів Краків Нюрнберг Бамберг Париж Трювіль Діснейленд Страсбург Кольмар Зальцбург Зальцкаммергут Егер Львів, Майсен",HIGH
RIC-6,Франція,COMPETITOR,BALANCED,REVIEW,"0,3482431959",,,"Долина Луари, Нормандія Діснейленд, Замки Луари, Замок Нойшвайнштайн, Діснейленд",0,5,Перевірити вручну,LOW
RIC-7,Нідерланди,COMPETITOR,BALANCED,REVIEW,"0,4171721169",,,"Саксонську Швейцарію, Парк Мадуродам, Діснейленд, Парк Ефтелінг, Парк Кекенхоф",0,5,Перевірити вручну,LOW
RIC-8,Італія,COMPETITOR,BALANCED,REVIEW,"0,3565647966",,,"Доломітові Альпи, Гардаленд, Парк Розваг Гардаленд, Озеро Браес, Озеро Мізуріна",0,5,Перевірити вручну,LOW
RIC-9,Швейцарія,COMPETITOR,BALANCED,REVIEW,"0,4340328394",,,"Доломитові Альпи, Монблан, Швейцарська Рів Єра, Замок Нойшвайнштайн, Замок Нойшванштайн",0,5,Перевірити вручну,LOW
TAN-1,Австрія,COMPETITOR,THIN,ADD,"0,1701398026",,,"Люцерн, Львів, Мукачево, Гальштат, Долина Красунь",0,5,"Додати в маршрут сильні стопи: Люцерн, Львів, Мукачево, Гальштат, Долина Красунь",HIGH
TAN-10,Румунія,COMPETITOR,THIN,ADD,"0,3164547414",,,"Чернівці, Львів, Брашов, Трансильванія, Алба",0,5,"Додати в маршрут сильні стопи: Чернівці, Львів, Брашов, Трансильванія, Алба",HIGH
TAN-11,Естонія,COMPETITOR,THIN,ADD,"0,1639824533",,,"Гельсінкі, Юрмала, Люблін, Таллінн, Львів",0,5,"Додати в маршрут сильні стопи: Гельсінкі, Юрмала, Люблін, Таллінн, Львів",HIGH
TAN-12,Польща,COMPETITOR,THIN,ADD,"0,3148175164",,,"Будапешт, Краків, Парк Розваг ""energy Land"", Львів Вроцлав Берлін Париж Діснейленд Прага Краків Львів, Львів Краків Нюрнберг Бамберг Париж Трювіль Діснейленд Страсбург Кольмар Зальцбург Зальцкаммергут Егер Львів",0,5,"Додати в маршрут сильні стопи: Будапешт, Краків, Парк Розваг ""energy Land"", Львів Вроцлав Берлін Париж Діснейленд Прага Краків Львів, Львів Краків Нюрнберг Бамберг Париж Трювіль Діснейленд Страсбург Кольмар Зальцбург Зальцкаммергут Егер Львів",HIGH
TAN-13,Польща,COMPETITOR,THIN,ADD,"0,1880571386",,,"Будапешт, Краків, Парк Розваг ""energy Land"", Львів Вроцлав Берлін Париж Діснейленд Прага Краків Львів, Львів Краків Нюрнберг Бамберг Париж Трювіль Діснейленд Страсбург Кольмар Зальцбург Зальцкаммергут Егер Львів",0,5,"Додати в маршрут сильні стопи: Будапешт, Краків, Парк Розваг ""energy Land"", Львів Вроцлав Берлін Париж Діснейленд Прага Краків Львів, Львів Краків Нюрнберг Бамберг Париж Трювіль Діснейленд Страсбург Кольмар Зальцбург Зальцкаммергут Егер Львів",HIGH
TAN-14,Угорщина,COMPETITOR,THIN,ADD,"0,19969528",,,"Егер, Будапешт, Мукачево, Монако, Долина Красунь",0,5,"Додати в маршрут сильні стопи: Егер, Будапешт, Мукачево, Монако, Долина Красунь",HIGH
TAN-15,Румунія,COMPETITOR,THIN,ADD,"0,2066666667",,,"Чернівці, Львів, Брашов, Трансильванія, Алба",0,5,"Додати в маршрут сильні стопи: Чернівці, Львів, Брашов, Трансильванія, Алба",HIGH
TAN-16,Швеція,COMPETITOR,THIN,ADD,"0,2021344086",,,"Варшава, Бремен, Любек, Гамбург, Юрмала",0,5,"Додати в маршрут сильні стопи: Варшава, Бремен, Любек, Гамбург, Юрмала",HIGH
TAN-17,Румунія,COMPETITOR,THIN,ADD,"0,30375",,,"Чернівці, Львів, Брашов, Трансильванія, Алба",0,5,"Додати в маршрут сильні стопи: Чернівці, Львів, Брашов, Трансильванія, Алба",HIGH
TAN-18,Польща,COMPETITOR,THIN,ADD,"0,1952362206",,,"Будапешт, Краків, Парк Розваг ""energy Land"", Львів Вроцлав Берлін Париж Діснейленд Прага Краків Львів, Львів Краків Нюрнберг Бамберг Париж Трювіль Діснейленд Страсбург Кольмар Зальцбург Зальцкаммергут Егер Львів",0,5,"Додати в маршрут сильні стопи: Будапешт, Краків, Парк Розваг ""energy Land"", Львів Вроцлав Берлін Париж Діснейленд Прага Краків Львів, Львів Краків Нюрнберг Бамберг Париж Трювіль Діснейленд Страсбург Кольмар Зальцбург Зальцкаммергут Егер Львів",HIGH
TAN-19,Польща,COMPETITOR,THIN,ADD,"0,389924864",,,"Будапешт, Краків, Парк Розваг ""energy Land"", Львів Вроцлав Берлін Париж Діснейленд Прага Краків Львів, Львів Краків Нюрнберг Бамберг Париж Трювіль Діснейленд Страсбург Кольмар Зальцбург Зальцкаммергут Егер Львів",0,5,"Додати в маршрут сильні стопи: Будапешт, Краків, Парк Розваг ""energy Land"", Львів Вроцлав Берлін Париж Діснейленд Прага Краків Львів, Львів Краків Нюрнберг Бамберг Париж Трювіль Діснейленд Страсбург Кольмар Зальцбург Зальцкаммергут Егер Львів",HIGH
TAN-2,Італія,COMPETITOR,THIN,ADD,"0,2194753569",,,"Доломітові Альпи, Гардаленд, Парк Розваг Гардаленд, Озеро Браес, Озеро Мізуріна",0,5,"Додати в маршрут сильні стопи: Доломітові Альпи, Гардаленд, Парк Розваг Гардаленд, Озеро Браес, Озеро Мізуріна",HIGH
TAN-20,Угорщина,COMPETITOR,THIN,ADD,"0,2781865022",,,"Егер, Будапешт, Мукачево, Монако, Долина Красунь",0,5,"Додати в маршрут сильні стопи: Егер, Будапешт, Мукачево, Монако, Долина Красунь",HIGH
TAN-21,Австрія,COMPETITOR,THIN,ADD,"0,1930603448",,,"Люцерн, Львів, Мукачево, Гальштат, Долина Красунь",0,5,"Додати в маршрут сильні стопи: Люцерн, Львів, Мукачево, Гальштат, Долина Красунь",HIGH
TAN-22,Угорщина,COMPETITOR,THIN,ADD,"0,4327332904",,,"Егер, Будапешт, Мукачево, Монако, Долина Красунь",0,5,"Додати в маршрут сильні стопи: Егер, Будапешт, Мукачево, Монако, Долина Красунь",HIGH
TAN-23,Угорщина,COMPETITOR,THIN,ADD,"0,0824488631",,,"Егер, Будапешт, Мукачево, Монако, Долина Красунь",0,5,"Додати в маршрут сильні стопи: Егер, Будапешт, Мукачево, Монако, Долина Красунь",HIGH
TAN-24,Північна Македонія,COMPETITOR,THIN,ADD,"0,2447727273",,,,0,0,Додати в маршрут сильні стопи: ,HIGH
TAN-25,Угорщина,COMPETITOR,THIN,ADD,"0,2055636599",,,"Егер, Будапешт, Мукачево, Монако, Долина Красунь",0,5,"Додати в маршрут сильні стопи: Егер, Будапешт, Мукачево, Монако, Долина Красунь",HIGH
TAN-26,Угорщина,COMPETITOR,THIN,ADD,"0,3471310389",,,"Егер, Будапешт, Мукачево, Монако, Долина Красунь",0,5,"Додати в маршрут сильні стопи: Егер, Будапешт, Мукачево, Монако, Долина Красунь",HIGH
TAN-27,Польща,COMPETITOR,THIN,ADD,"0,1897988116",,,"Будапешт, Краків, Парк Розваг ""energy Land"", Львів Вроцлав Берлін Париж Діснейленд Прага Краків Львів, Майсен",0,5,"Додати в маршрут сильні стопи: Будапешт, Краків, Парк Розваг ""energy Land"", Львів Вроцлав Берлін Париж Діснейленд Прага Краків Львів, Майсен",HIGH
TAN-28,Угорщина,COMPETITOR,BALANCED,REVIEW,"0,1562299392",,"Львів, Верона, Ніцца, Венеція, Львів","Егер, Мукачево, Долина Красунь, Вишеград, Відень Оз Балатон",5,5,Перевірити вручну,LOW
TAN-29,Польща,COMPETITOR,THIN,ADD,"0,2888672753",,"Львів, Львів","Будапешт, Парк Розваг ""energy Land"", Львів Вроцлав Берлін Париж Діснейленд Прага Краків Львів, Львів Краків Нюрнберг Бамберг Париж Трювіль Діснейленд Страсбург Кольмар Зальцбург Зальцкаммергут Егер Львів, Майсен",2,5,"Додати в маршрут сильні стопи: Будапешт, Парк Розваг ""energy Land"", Львів Вроцлав Берлін Париж Діснейленд Прага Краків Львів, Львів Краків Нюрнберг Бамберг Париж Трювіль Діснейленд Страсбург Кольмар Зальцбург Зальцкаммергут Егер Львів, Майсен",HIGH
TAN-3,Угорщина,COMPETITOR,THIN,ADD,"0,1669827929",,,"Егер, Будапешт, Мукачево, Монако, Долина Красунь",0,5,"Додати в маршрут сильні стопи: Егер, Будапешт, Мукачево, Монако, Долина Красунь",HIGH
TAN-4,Австрія,COMPETITOR,THIN,ADD,"0,2718002717",,,"Люцерн, Львів, Мукачево, Гальштат, Долина Красунь",0,5,"Додати в маршрут сильні стопи: Люцерн, Львів, Мукачево, Гальштат, Долина Красунь",HIGH
TAN-5,Польща,COMPETITOR,THIN,ADD,"0,1794987652",,,"Будапешт, Краків, Парк Розваг ""energy Land"", Львів Вроцлав Берлін Париж Діснейленд Прага Краків Львів, Львів Краків Нюрнберг Бамберг Париж Трювіль Діснейленд Страсбург Кольмар Зальцбург Зальцкаммергут Егер Львів",0,5,"Додати в маршрут сильні стопи: Будапешт, Краків, Парк Розваг ""energy Land"", Львів Вроцлав Берлін Париж Діснейленд Прага Краків Львів, Львів Краків Нюрнберг Бамберг Париж Трювіль Діснейленд Страсбург Кольмар Зальцбург Зальцкаммергут Егер Львів",HIGH
TAN-6,Італія,COMPETITOR,THIN,ADD,"0,1575948601",,,"Доломітові Альпи, Гардаленд, Парк Розваг Гардаленд, Озеро Браес, Озеро Мізуріна",0,5,"Додати в маршрут сильні стопи: Доломітові Альпи, Гардаленд, Парк Розваг Гардаленд, Озеро Браес, Озеро Мізуріна",HIGH
TAN-7,Австрія,COMPETITOR,THIN,ADD,"0,2227591692",,,"Люцерн, Львів, Мукачево, Гальштат, Долина Красунь",0,5,"Додати в маршрут сильні стопи: Люцерн, Львів, Мукачево, Гальштат, Долина Красунь",HIGH
TAN-8,Німеччина,COMPETITOR,THIN,ADD,"0,1997288441",,,"Замок Нойшванштайн, Tropical Islands Resort, Аквапарк Tropical Island, Саксонська Швейцарія, Люксембург",0,5,"Додати в маршрут сильні стопи: Замок Нойшванштайн, Tropical Islands Resort, Аквапарк Tropical Island, Саксонська Швейцарія, Люксембург",HIGH
TAN-9,Польща,COMPETITOR,THIN,ADD,"0,2437004858",,,"Будапешт, Краків, Парк Розваг ""energy Land"", Львів Краків Нюрнберг Бамберг Париж Трювіль Діснейленд Страсбург Кольмар Зальцбург Зальцкаммергут Егер Львів, Майсен",0,5,"Додати в маршрут сильні стопи: Будапешт, Краків, Парк Розваг ""energy Land"", Львів Краків Нюрнберг Бамберг Париж Трювіль Діснейленд Страсбург Кольмар Зальцбург Зальцкаммергут Егер Львів, Майсен",HIGH