URL,Назва туру,Маршрут (міста),Днів,Ночей в готелі,Нічних переїздів,Сніданків,Мін. ціна (€),Найближчі дати,Входить у вартість,Оплачується додатково,Допки за бажанням,Фішки туру,Статус парсингу,Дата парсингу
https://eurotrips.ua/vikend-v-budapeshti-viden/,Вікенд у Будапешті + Відень,Львів → Cтрий → Мукачево/Ужгород → Будапешт → Сентендре → Відень → Львів,4,1,2,1,,"13.06 - 16.06, 20.06 - 23.06, 04.07 - 07.07, 18.07 - 21.07",переїзд комфортабельним автобусом;; проживання в готелі 3-4*;; 1 сніданок в готелі;; туристичне страхування;; оглядова прогулянка з локалом в Будапешті;,туристичний і паливний збір — 15€;; додаткові активності (допки) за бажанням;; харчування: обіди та вечері;; особисті витрати;,прогулянка на кораблику в Будапешті та безлімітне просекко — 35€;; поїздка у Відень з оглядовою прогулянкою від локала — 50€;,дві столиці за одні вихідні; прогулянка на кораблику з безлімітним ігристим; прогулянка Віднем з гідом-локалом; австрійська й угорська кухні; недалеко від України; перша поїздка закордон; перший досвід автобусної подорожі; довга відпустка не потрібна; 10+1: 1 місце безкоштовно; Бронюй за 30€; Оплата частинами від mono; Оплата частинами від ПриватБанк,✅ done,"02.06.2026, 14:01:54"
https://eurotrips.ua/adriatychne-more-italiyi/,Італія Море Доломітові Альпи,Львів → Адріатичне узбережжя → Верона → Венеція → озеро Браєс → Львів,6,3,2,3,,07.06 - 12.06,переїзд комфортабельним автобусом;; проживання в готелі 3-4 *;; 3 сніданки в готелі;; туристичне страхування;,туристичний і паливний збір — 25€;; харчування (обід та вечеря);; особисті витрати;; навушники — 2€ за один екскурсійний день;,прогулянка на кораблику (ігристе включено) — 35€;; поїздка у Верону — 35€;; озеро Гарда — 50€; Доломітові Альпи — 50€;,4 дні на морі; один готель 3-4* на всю подорож; улюблений курорт італійців Венеційська рів'єра; Море і гори в одному турі; Доломітові Альпи та озеро Браєс; озеро Гарда — найбільше в Італії; Історія Ромео і Джульєтти у Вероні; Круїз Гранд Каналом на водному таксі; острів Бурано з різнокольоровими будинками; 10+1: 1 місце безкоштовно; Бронюй за 30€; Оплата частинами від mono; Оплата частинами від ПриватБанк,✅ done,"02.06.2026, 14:01:58"
https://eurotrips.ua/weekend-amsterdam/,Вікенд у Амстердамі + Берлін і Прага,Львів → Польща → Вроцлав → Берлін → Амстердам → Гаага → Заансе Сханс → Волендам → Прага → Польща,6,3,2,3,,"29.08 - 03.09, 26.09 - 01.10, 24.10 - 29.10, 28.11 - 03.12",переїзд комфортабельним автобусом;; проживання в готелях 3-4 *;; 3 сніданки в готелях;; туристичне страхування;,туристичний і паливний збір — 30€;; додаткові активності (допки) за бажанням;; харчування: обіди та вечері;; особисті витрати;,"прогулянка Вроцлавом — 15€;; прогулянка ""іншим"" Берліном — 25€ (дорослі) / 15€(діти до 11,99);; Berlin Secret Places — 20€;; елегантна Гаага — 45€;; прогулянка на велосипедах — 35€;","3 столиці в одному турі: Амстердам, Берлін і Прага; вечеря-круїз по Влтаві у Празі; 2 повноцінні дні в Амстердамі; рибальське село Волендам; Празький Град — найбільша королівська резиденція у світі; 10+1: 1 місце безкоштовно; Бронюй за 30€; Оплата частинами від Приватбанк; Оплата частинами від Monobank",✅ done,"02.06.2026, 14:02:02"
https://eurotrips.ua/baltijskyj-kruyiz/,Балтійський круїз БЕЗ НІЧНИХ,Львів → Каунас → Рига → Таллінн → Стокгольм → Вільнюс → Львів,6,5,3,,,25.10 - 30.10,переїзд комфортабельним автобусом;; 3 ночі — проживання у готелях; 2 ночі — проживання на поромі у 4-місній каюті; 3 сніданки у готелях; оглядова прогулянка з локалом в Ризі,"Навушники — 2 євро за один екскурсійний день; Особисті витрати; Додаткове харчування — сніданок 20,5 євро; туристичний і паливний збір — 40 євро","“Сучасний Таллінн” — 25 € (дорослі) / 15 € (діти до 11,99); Автобусна екскурсія Стокгольмом — 30 € (дорослі) / 20 €(діти до 11,99); Вільнюс - екскурсія містом з локалом — 20€ (дорослі)/ 15€ (діти до 11,99)",Сканднавський Стокгольм; 4 країни довкола Балтійського моря; тур без нічних переїздів; дискотека та розваги на поромі; середньовічний Таллінн; Бронюй за 30€; 2 ночі на поромі; 10+1: 1 місце безкоштовно; Оплата частинамі від Mono; Оплата частинамі від Приватбанк,✅ done,"02.06.2026, 14:02:06"
https://eurotrips.ua/venecziya-bez-nichnyh/,Венеція БЕЗ НІЧНИХ,Львів → Словенія → Венеція → Бурано → Будапешт → Львів,5,4,4,,,01.01 - 01.01,переїзд комфортабельним автобусом;; проживання в готелі 3-4 *;; 4 сніданків в готелі;; туристичне страхування;; оглядова прогулянка з локалом у Венеції;,харчування (обід та вечеря);; витрати на громадський транспорт;; особисті витрати;; місця у 1-4 ряду автобуса — 10€;; туристичний і паливний збір — 25 євро,Прогулянка на водному таксі по Венеції — 35 євро; Подорож до острова Бурано — 40 євро,прогулянки на гондолах; Затишна Любляна; Топові гастро-локації; Яскравий Бурано; Прогулянка на кораблику з безлім просеко; Будапешт очима локала; Оплата частинами від MONO; Оплата частинами від Приватбанк; Бронюй за 30€; 10+1: 1 місце безкоштовно; Ціни раннього бронювання до 11.05,✅ done,"02.06.2026, 14:02:10"
https://eurotrips.ua/viden-zaltsburh/,Вікенд у Відні + Зальцбург,Львів/Будапешт → Відень → Зальцбург → Гальштат → Прага → Львів/Польща,5,3,1,3,,"21.10 - 25.10, 28.10 - 01.11, 09.12 - 13.12, 16.12 - 20.12",переїзд комфортабельним автобусом;; проживання в готелі 3-4 *;; сніданки в готелях;; спільні прогулянки і вечірки;; оглядова прогулянка з локалом у Відні;,особисті витрати;; харчування (обід та вечеря);; навушники; — 2 євро за один екскурсійний день; місця у 1-4 ряду автобуса — 10€;; витрати на громадський транспорт;,"прогулянка на кораблику по Дунаю (безлімітне просеко) — 35 євро; авторська прогулянка ""Легенди Відня"" — 25 євро; долина Зальцкаммергут + Гальштат — 45 євро",Величний Відень; Прогулянка казковим Зальцбургом; Краєвиди Альп; ПОЇЗДКА в Гальштат; Руфтопи Зальцбурга; Пікнік серед гір; Альпійські панорами Зальцбурга; Топові руфтопи; 3 європейські міста за 5 днів; 10+1: 1 місце безкоштовно; Бронюй за 30€; ОПЛАТА ЧАСТИНАМИ від Приватбанку; ОПЛАТА ЧАСТИНАМИ від MONO; Ціни раннього бронювання до 11.05,✅ done,"02.06.2026, 14:02:13"
https://eurotrips.ua/vikend-u-budapeshti-ta-vidni/,Будапешт – Відень,Львів → Будапешт → Відень → Львів,4,1,2,1,,20.06 - 23.06,переїзд комфортабельним автобусом;; проживання в готелі 3-4 *;; 1 сніданок в готелі;; туристичне страхування;; оглядова прогулянка з локалом в Будапешті;,туристичний і паливний збір — 15 євро; допки (за бажанням); харчування (обіди та вечері); особисті витрати,навушники — 2 євро за один екскурсійний день; місця у 1-4 ряду автобуса — 10€;; страхування для туристів віком 60-75 років — 5 євро; страхування для туристів віком 76-90 років — 15 євро,Вечірка #eurotripsfamily у Будапешті; Прогулянка на кораблику з безлім ігристого; Поїздка до Відня у вартості; Руфтоп з видом на Відень; Тур на вікенд; Австрійська і угорські кухні; 10+1: 1 місце безкоштовно; Бронюй за 30€; Оплата частинами від mono; Оплата частинами від ПриватБанк,✅ done,"02.06.2026, 14:02:16"
https://eurotrips.ua/transylvaniya-vikend/,Вікенд у Трансильванії + Трансфагараш,Чернівці → Брашов → Трансфагараш → Чернівці,4,1,2,1,,"16.07 - 19.07, 20.08 - 23.08, 24.09 - 27.09, 08.10 - 11.10",переїзд комфортабельним автобусом;; проживання в готелі 3-4 *;; 1 сніданок в готелі;; туристичне страхування;,туристичний і паливний збір — 15€;; додаткові активності (допки) за бажанням;; харчування: обіди та вечері;; особисті витрати;,Замок Дракули — 35€ (вхідний квиток входить у вартість);,Трансфагараш — найкрасивіша гірська дорога Європи; краєвиди Румунських Карпат; гірські серпантини; пікнік на озері Балеа посеред Карпат; прогулянка з гідом-локалом у Брашові; лабіринти замка Дракули; тур на вихідні; довга відпустка не потрібна; недалеко від України; перша поїздка закордон; перший досвід автобусної подорожі; 10+1: 1 місце безкоштовно; Бронюй за 30€; Оплата частинами від mono; Оплата частинами від ПриватБанк,✅ done,"02.06.2026, 14:02:20"
https://eurotrips.ua/vikend-u-venetsiyi/,Вікенд у Венеції + озеро Гарда,Львів/Будапешт → Венеція → Бурано → Падуя → Верона → Пескʼєра-дель-Гарда → Будапешт/Львів,4,1,2,1,,"06.06 - 09.06, 01.08 - 04.08, 29.08 - 01.09, 24.10 - 27.10",переїзд комфортабельним автобусом;; проживання в готелі 3-4 *;; 1 сніданок в готелі;; туристичне страхування;,туристичний і паливний збір — 20€;; додаткові активності (допки) за бажанням;; харчування: обіди та вечері;; особисті витрати;; навушники — 2€ за один екскурсійний день;,Кораблик Будапештом з безлімітним ігристим — 35€;; Подорож на човні до острова Бурано — 40€;; Поїздка у Верону — 55€;,Венеція очима місцевого жителя; Бурано: різнокольорові будинки без натовпів; водне таксі Гранд-каналом Венеції; кораблик у Будапешті з ігристим; Падуя: університетське місто з характером; Верона з місцевим жителем і дегустацією вин; найбільше озеро Італії — Гарда; Пескʼєра-дель-Гарда: середньовічне місто на озері; 10+1: 1 місце безкоштовно; Бронюй за 30€; Оплата частинами від mono; Оплата частинами від ПриватБанк,✅ done,"02.06.2026, 14:02:23"
https://eurotrips.ua/vyhidni-u-prazi-drezden/,Вихідні у Празі + Дрезден,Львів/Чехія → Прага → Дрезден → Чехія/Львів,4,1,2,1,,"22.10 - 25.10, 29.10 - 01.11, 10.12 - 13.12, 17.12 - 20.12",переїзд комфортабельним автобусом; проживання в готелі 3-4*; туристичне страхування; 1 ніч в готелі у Празі,харчування(обіди та вечері); навушники — 2 євро за один екскурсійний день; місця у 1-4 ряду автобуса — 10€;; особисті витрати,"Краків — 10 євро; Празький Град — 20 євро(дорослі)/10 євро(діти до 11,99); прогулянка на кораблику по Влтаві — 40 євро(дорослі) / 35 євро(діти до 11,99);",Фотосесія у найінстаграмніших локаціях Праги; Цілий день в Дрездені; Королівська резиденція в Празі та Кракові; Неймовірна долина Саксонська Швейцарія - парк Бастай; обід на кораблику з видом на всю Прагу; Затишний Краків; БРОНЮЙ ЗА 30 ЄВРО; Оплата частинами від Приватбанк; Оплата частинами від Monobank; 10+1: 1 місце безкоштовно,✅ done,"02.06.2026, 14:02:27"
https://eurotrips.ua/praga-drezden/,Вікенд у Празі + Дрезден БЕЗ НІЧНИХ,Львів/Польща → Прага → Дрезден → Саксонська Швейцарія → Польща/Львів,4,3,3,,,,переїзд комфортабельним автобусом;; проживання в готелі 3-4*;; спільні прогулянки і вечірки;; 3 сніданки в готелі;,туристичний і паливний збір — 20 євро; харчування (обіди та вечері); особисті витрати; навушники — 2 євро за один екскурсійний день,"Празький Град — 20 євро; Обід на кораблику по Влтаві — 40 євро(дорослі) / 35 євро(діти до 11,99);; Містична Прага — 20 євро",ТРАДИЦІЙНИЙ ЧЕСЬКИЙ ОБІД НА КОРАБЛИКУ; атмосферний ДРЕЗДЕН; ЧЕСЬКЕ ПИВО І МІСЦЕВА КУХНЯ; найбільша у світі королівська резиденція; Захоплююча Саксонська Швейцарія; Оплата частинами від Mono; Оплата частинами від Приватбанк; Бронюй за 30€; 10+1: 1 місце безкоштовно,✅ done,"02.06.2026, 14:02:30"
https://eurotrips.ua/transylvaniya/,Вікенд у Трансильванії + Бухарест,Львів → Брашов → Замок Дракули → Трансильванія / Замок Кантакузіно → Бухарест → Львів,4,2,1,2,,"23.10 - 26.10, 30.10 - 02.11, 11.12 - 14.12",переїзд комфортабельним автобусом;; проживання в готелі 3-4 *;; 2 сніданки в готелі;; туристичне страхування;,туристичний і паливний збір — 15€;; додаткові активності (допки) за бажанням;; харчування: обіди та вечері;; особисті витрати;,поїздка в Замок Дракули і замок Кантакузіно — 35€ + вхідні квитки;,прогулянка Брашовом з гідом-локалом; лабіринти замка Дракули; замок Кантакузіно з серіалу Венздей; Бухарест очима локала і Палац Парламенту; краєвиди Румунських Карпат; тур на вихідні — довга відпустка не потрібна; недалеко від України; перша поїздка закордон; перший досвід автобусної подорожі; Бронюй за 30€; 10+1: 1 місце безкоштовно; Оплата частинами від Monobank; Оплата частинами від Приватбанк,✅ done,"02.06.2026, 14:02:33"
https://eurotrips.ua/italijski-rizdvyani-yarmarky/,Італійські різдвяні ярмарки,Львів → Верона → Мілан → Венеція → Львів,5,2,2,2,,"25.11 - 29.11, 09.12 - 13.12",переїзд у комфортабельному автобусі;; проживання в готелях 3-4 *;; туристичне страхування;; 2 сніданки в готелях;; спільні вечірки і прогулянки;,харчування (обід та вечеря);; витрати на громадський транспорт;; навушники; — 2 євро за один екскурсійний день; місця у 1-4 ряду автобуса — 10€;; туристичний і паливний збір — 30 євро,"Нічна прогулянка на кораблику Дунаєм — 35 євро; Прогулянка ""Шляхами Ромео і Джульєтти"" — 25 євро; Поїздка на озеро Комо — 55 євро",Святкові ярмарки трьох італійських міст; Різдвяна Італія; Топові гастро-споти; Мілан очима локала; Романтична Верона; Яскравий Бурано; Оплата частинами від Monobank; Оплата частинами від Приватбанк; Ціна раннього бронювання; Бронюй за 30€; 10+1: 1 місце безкоштовно; різдвяні ярмарки,✅ done,"02.06.2026, 14:02:37"
https://eurotrips.ua/kanikuly-v-barseloni/,Канікули в Барселоні,Львів → Егер → Лідо ді Єзоло → Венеція → Барселона → Порт Авентура → Ніца → Монако → Песк'єра-дель-Гарда → Гардаленд → Львів,8,5,2,5,,24.10 - 31.10,переїзд у комфортабельному автобусі;; 5 ночей в готелі;; 5 сніданків в готелі;; 3 вечері в Іспанії;,додаткове харчування (за бажанням);; навушники;; витрати на громадський транспорт;; особисті витрати;,Обід в Долині Красунь — 15 євро;; Венеція: прогулянка каналами та старим містом — 40 євро (дорослий) / 35 євро (дитячий);; Бурано: яскраві будиночки і інста-фото — 35 євро;; Водне таксі Гранд-каналом — 35 євро;; Поїздка до Барселони — 30 євро;,"Узбережжя Адріатики та Середземного моря; Прогулянка Готичним кварталом і парк Ґюель; Тематичні парки PortAventura та Гардаленд; Смачні локальні страви та дегустаці; Ніцца та Монако: море, набережні та glamour; Песк’єра-дель-Гарда — перлина на березі озера Гарда; Оплата частинами від Mono; Оплата частинами від Приватбанк; ціна до 28.02; Бронюй за 30€; 10+1: 1 місце безкоштовно",✅ done,"02.06.2026, 14:02:41"
https://eurotrips.ua/vikend-u-krakovi/,Канікули в Енерджиландії + Краків БЕЗ НІЧНИХ,Львів → Краків → Закопане → Львів,3,2,2,,,,переїзд комфортабельним автобусом;; проживання в готелі 3-4*;; 2 сніданки в готелі;,"харчування (обіди та вечері);; туристичний і паливний збір — дорослий - 15 євро, діти до 11,99 - безкоштовно;; навушники — 2 євро/день (точну вартість скаже турлідер під час туру);; місця у 1-4 ряду автобуса — 10€;","Енерджіляндія — трансфер 20 євро + вхідний квиток (48 євро від 140см / 38 євро до 140см); Ферма Альпак — 35 євро (дорослі)/ 25 євро(діти до 11,99)",Без нічних переїздів; Королівський замок Кракова; Неформальний Казімєж; Обійми з альпаками; Найбільший парк розваг Польщі; Релакс у термальних басейнах; Лабіринти соляної копальні; 10+1: 1 місце безкоштовно; Бронюй за 30€; Оплата частинами від Приватбанк; Оплата частинами від Monobank; Ціни раннього бронювання до 11.05,✅ done,"02.06.2026, 14:02:44"
https://eurotrips.ua/krakiv-zakopane-morske-oko-bez-nichnyh/,Краків Закопане Морське Око БЕЗ НІЧНИХ,Львів → Краків → Закопане → Морське Око → Львів,3,2,2,,,,переїзд комфортабельним автобусом;; проживання в готелі 3-4 *;; 2 сніданки в готелі;,"туристичний і паливний збір — дорослий - 10 євро, діти до 11,99 - безкоштовно; навушники — 2 євро за один екскурсійний день; місця у 1-4 ряду автобуса — 10€;; допки (за бажанням)",харчування (обіди та вечері); особисті витрати; страхування для туристів віком 60-75 років — 5 євро; страхування для туристів віком 76-90 років — 15 євро,Мальовничі гірські краєвиди; Трекінг до Морського Ока; Автентична польська кухня; 3 повноцінні дні у Кракові і повна свобода; 10+1: 1 місце безкоштовно; Бронюй за 30€; Оплата частинами від Mono; Оплата частинами від ПриватБанк; Ціни раннього бронювання до 11.05,✅ done,"02.06.2026, 14:02:48"
https://eurotrips.ua/best-beaches/,Найкращі пляжі Європи,Львів → Любляна/озеро Блед → Лігурійське узбережжя → Портофіно → Ніцца → Монако → Канни → Сен-Тропе → озеро Гарда → Верона → Львів,7,5,1,5,,"06.06 - 12.06, 04.07 - 10.07, 08.08 - 14.08, 05.09 - 11.09",переїзд комфортабельним автобусом;; проживання в готелях 3-4 *;; 3 ночі на курорті Сан-Ремо;; 5 сніданків в готелях;; туристичне страхування;,туристичний і паливний збір — 30€;; додаткові активності (допки) за бажанням;; харчування: обіди та вечері;; особисті витрати;; навушники — 2€ за один екскурсійний день;,Прогулянка до озера Блед — 30€;; Поїздка до Портофіно — 45€;; Відвідування Ніцци — 20€;; Поїздка до містечка Èze та парфумерної фабрики Fragonard — 10€;; Поїздка в Монако — 40€;,"3 ночі на курорті Сан-Ремо; Портофіно на кораблику з просекко; Ніцца: набережна, старе місто, rosé; Монако: казино, Формула 1, принцеса Грейс; політ на гелікоптері над Монако; Канни — місто кіно і бульварів; Сен-Тропе на катері з вільним часом; найбільше озеро Італії — Гарда; панорами Доломітових Альп; Прогулянки Вероною з гідом-локалом; Любляна: озеро Блед серед Альп; 10+1: 1 місце безкоштовно; Бронюй за 30€; Оплата частинами від Mono; Оплата частинами від ПриватБанк",✅ done,"02.06.2026, 14:02:51"
https://eurotrips.ua/milan-komo-alps/,Мілан — Комо — Альпи,Львів → Будапешт → Верона → Мілан → озеро Комо → озеро Гарда → Доломітові Альпи / озеро Браєс → Венеція → Будапешт / Львів,6,3,2,3,,"06.06 - 11.06, 21.06 - 26.06, 05.07 - 10.07, 19.07 - 24.07",переїзд комфортабельним автобусом;; проживання в готелях 3-4*;; 3 сніданки в готелях;; туристичне страхування;; оглядова прогулянка з локалом у Вероні;,туристичний і паливний збір — 30€;; додаткові активності (допки) за бажанням;; харчування: обіди та вечері;; особисті витрати;; навушники — 2€ за один екскурсійний день;,"нічна прогулянка на кораблику Дунаєм — 35€;; прогулянка ""Шляхами Ромео і Джульєтти"" — 20€;; поїздка на озеро Комо — 55€;","3 найгарніші озера Італії; Доломітові Альпи; Комо: прогулянка на кораблику з просекко; Озеро Браєс; Озеро Гарда та містечко Сірміоне; прогулянка Міланом з місцевим жителем; Історія Ромео і Джульєтти у Вероні; Круїз Гранд Каналом на водному таксі; острів Бурано з різнокольоровими будинками; тур-бестселер; італійська їжа: піца, паста, вино, апероль; Бронюй за 30€; 10+1: 1 місце безкоштовно; Оплата частинами від Monobank; Оплата частинами від Приватбанк",✅ done,"02.06.2026, 14:02:54"
https://eurotrips.ua/morska-italiya-5-nochej-na-lido-di-yezolo/,Морська Італія (5 ночей на Лідо-ді-Єзоло),Львів → Лідо ді Єзоло → Верона + Гарда → Доломітові Альпи → Венеція + Бурано → Флоренція → Львів,8,5,2,5,,"21.06 - 28.06, 06.09 - 13.09, 13.09 - 20.09",переїзд комфортабельним автобусом;; 5 ночей у готелі Лідо-ді-Єзоло;; 5 сніданків в готелі;,обіди і додаткове харчування (за бажанням);; навушники;; витрати на громадський транспорт;; особисті витрати;,"Велкам-паті на кораблику — 35 євро; Верона: оглядова прогулянка містом — 50 євро; Озеро Гарда — 35 євро; Доломітові Альпи: панорами, фотозупинки — 50 євро",Курортний Лідо-ді-Єзоло; Венеція dolce vita; Бурано — інста-місто; 5 ночей на адріатичному морі; Інста локації Доломіт; Пікнік серед Альп; 10+1: одне місце безкоштовно для групи; Бронюй за 30€; Пляжні вечірки; Оплата частинами від Приватбанк; Оплата частинами від Mono,✅ done,"02.06.2026, 14:02:59"
https://eurotrips.ua/novyj-rik-u-krakovi/?utm_source=google&utm_campaign=performance_max&utm_medium=cpc&utm_content=performance_max,Новий рік у Кракові БЕЗ НІЧНИХ,Львів → Краків → Закопане → Львів,3,2,2,,,30.12 - 01.01,переїзд на комфортабельному автобусі;; проживання в готелі 3-4*;; 2 сніданки в готелі;; туристичне страхування;,"харчування (обіди та вечері);; туристичний і паливний збір — дорослий - 15 євро, діти до 11,99 - безкоштовно;; навушники — 2 євро/день (точну вартість скаже турлідер під час туру);","Поїздка в Закопане — 35 євро(дорослі) / 19 євро(діти до 11,99); Ферма Альпак — 35 євро (дорослі)/ 25 євро(діти до 11,99)",Без нічних переїздів; Королівський замок Кракова; Неформальний Казімєж; Обійми з альпаками; Різдвяні ярмарки у Кракові; Зимова казка у Закопане; Бронюй за 30€; 10+1: 1 місце безкоштовно; різдвяні ярмарки; Оплата частинами від Monobank; Оплата частинами від Приватбанк,✅ done,"02.06.2026, 14:03:02"
https://eurotrips.ua/novyj-rik-u-milani/?utm_source=google&utm_campaign=performance_max&utm_medium=cpc&utm_content=performance_max,Новий рік у Мілані,Львів → Верона → Мілан → Венеція → Львів,5,2,2,2,,29.12 - 02.01,переїзд у комфортабельному автобусі;; проживання в готелях 3-4 *;; туристичне страхування;; 2 сніданки в готелях;; спільні вечірки і прогулянки;,харчування (обід та вечеря);; витрати на громадський транспорт;; навушники; — 2 євро за один екскурсійний день; туристичний і паливний збір — 30 євро; обов'язковий трансфер до Сан-Марко — 30 євро,"Нічна прогулянка на кораблику Дунаєм — 35 євро; Прогулянка ""Шляхами Ромео і Джульєтти"" — 25 євро; Поїздка на озеро Комо — 55 євро",Святкові ярмарки трьох італійських міст; Різдвяна Італія; Топові гастро-споти; Мілан очима локала; Романтична Верона; Яскравий Бурано; Оплата частинами від Monobank; Оплата частинами від Приватбанк; Ціна раннього бронювання; Бронюй за 30€; 10+1: 1 місце безкоштовно; різдвяні ярмарки,✅ done,"02.06.2026, 14:03:06"
https://eurotrips.ua/vikend-v-budapeshti-viden/,Вікенд у Будапешті + Відень,Львів → Cтрий → Мукачево/Ужгород → Будапешт → Сентендре → Відень → Львів,4,1,2,1,,"13.06 - 16.06, 20.06 - 23.06, 04.07 - 07.07, 18.07 - 21.07",переїзд комфортабельним автобусом;; проживання в готелі 3-4*;; 1 сніданок в готелі;; туристичне страхування;; оглядова прогулянка з локалом в Будапешті;,туристичний і паливний збір — 15€;; додаткові активності (допки) за бажанням;; харчування: обіди та вечері;; особисті витрати;,прогулянка на кораблику в Будапешті та безлімітне просекко — 35€;; поїздка у Відень з оглядовою прогулянкою від локала — 50€;,дві столиці за одні вихідні; прогулянка на кораблику з безлімітним ігристим; прогулянка Віднем з гідом-локалом; австрійська й угорська кухні; недалеко від України; перша поїздка закордон; перший досвід автобусної подорожі; довга відпустка не потрібна; 10+1: 1 місце безкоштовно; Бронюй за 30€; Оплата частинами від mono; Оплата частинами від ПриватБанк,✅ done,"02.06.2026, 14:03:09"
https://eurotrips.ua/novyj-rik-u-venecziyi/,Новий рік у Венеції БЕЗ НІЧНИХ,Львів → Словенія → Венеція → Бурано → Будапешт → Львів,5,4,4,,,30.12 - 03.01,переїзд у комфортабельному автобусі;; проживання в готелі 3-4 *;; 4 сніданків в готелі;; туристичне страхування;; оглядова прогулянка з локалом у Венеції;,харчування (обід та вечеря);; витрати на громадський транспорт;; особисті витрати;; туристичний і паливний збір — 25 євро,Новорічне паті на кораблику — 60 євро; Прогулянка на водному таксі по Венеції — 35 євро,Новорічна ніч у Венеції; Покатушки на гондолах; Італійський святковий вайб; Затишна Любляна; Топові гастро-споти; Яскравий Бурано; Прогулянка на кораблику з безлім просеко; Будапешт очима локала; Бронюй за 30€; 10+1: 1 місце безкоштовно; Оплата частинами від MONO; Оплата частинами від Приватбанк,✅ done,"02.06.2026, 14:03:15"
https://eurotrips.ua/novyj-rik-v-rymi/,Новий рік у Римі,Львів → Верона → Рим → Венеція → Львів,6,3,2,2,,29.12 - 03.01,переїзд на комфортабельному автобусі;; проживання в готелі 3-4 *;; сніданки в готелі;; відвідування різдвяних ярмарок;; спільні прогулянки і вечірки;,особисті витрати;; місця у 1-4 ряду автобуса — 10€;,"Прогулянка ""Шляхами Ромео і Джульєтти"" — 25€; прогулянка по Трастевере + дегустація; — 25€; водне таксі у Венеції; — 35€","Новорічна ніч в Римі; ПІЦА, ВИНО, ДЖЕЛАТО; Легендарний Колізей; Богемний район Трастевере; прогулянки НА ГОНДОЛАХ; Оплата частинами від Mono; Оплата частинами від Приватбанк; Ціна раннього бронювання; Бронюй за 30€; 10+1: 1 місце безкоштовно",✅ done,"02.06.2026, 14:03:19"
https://eurotrips.ua/paris-normandiya/,Париж + Нормандія,Львів → Прага → Париж → Нормандія → Відень → Польща/Львів,7,4,2,4,,"20.06 - 26.06, 11.07 - 17.07, 25.07 - 31.07, 08.08 - 14.08",переїзд комфортабельним автобусом;; проживання в готелях 3-4 *;; туристичне страхування;; 4 сніданки в готелях;,"туристичний і паливний збір — 35€ (діти до 11,99 — безкоштовно);; додаткові активності (допки) за бажанням;; харчування: обіди та вечері;; особисті витрати;; навушники — 2€ за один екскурсійний день;","Празький Град — 20€ (дорослі)/10€ (діти до 11,99);; вечеря на кораблику у Празі — 40€ (дорослі)/35€ (діти до 11,99);; авторська прогулянка ""Містична Прага"" — 20€ (дорослі)/10€ (діти до 11,99);; кораблик по Сені — 20€ (дорослі)/ 15€ (діти до 11,99);; нічний Париж — 30€ (дорослі)/ 20€ (діти до 11,99);",3 дні в Парижі; поїздка в Нормандію та скелі Етрета; пікнік на березі Ла-Маншу; поїздка в Діснейленд; прогулянка на кораблику по Сені; Монмартр: Мулен Руж та Базиліка Сакре-Кер; Латинський квартал та пікнік на острові Сіте; головні локації Відня; обід-круїз на кораблику в Празі; 10+1: 1 місце безкоштовно; Бронюй за 30€; Оплата частинами від mono; Оплата частинами від ПриватБанк,✅ done,"02.06.2026, 14:03:23"
https://eurotrips.ua/paryzh-bryusel-mon-sen-mishel/,Мон-Сен-Мішель – Париж – Брюссель,Львів → Краків → Дрезден → Брюссель → Брюгге → Руан → Нормандія → Ле-Мон-Сен-Мішель → Париж → Вроцлав → Львів,8,6,1,6,,"25.07 - 02.08, 15.08 - 23.08, 12.09 - 20.09",переїзд комфортабельним автобусом;; проживання в готелях 3-4 *;; 6 сніданків в готелях;; туристичне страхування;; оглядова екскурсія з локалом у Дрездені;,туристичний і паливний збір — 40€;; додаткові активності (допки) за бажанням;; харчування: обіди та вечері;; особисті витрати;; навушники — 2€ за один екскурсійний день;,прогулянка по Кракову з локалом — 10€;; дегустація німецького пива та обід у Дрездені — 35€;; поїздка до Брюгге — 40€;; поїздка до Нормандії (Трувіль та скелі Етрета) — 45€;,"Мон-Сен-Мішель: середньовічне абатство серед затоки; подорож до Нормандії; скелі Етрета: місце, де Моне знаходив натхнення; Трувіль: устриці і ігристе на березі Атлантики; Брюгге: канали і середньовічна атмосфера; Брюссель: бельгійський шоколад, вафлі і Гран-Плас; Дрезден: барокова архітектура і дегустація пива; Руан: готичний собор і місто французьких письменників; Париж очима місцевого жителя; Монмартр: квартал художників і вид на Париж; Латинський квартал і смачна французька кухня; прогулянка на кораблику по Сені; Вроцлав з гномиками і каналами; 10+1: 1 місце безкоштовно; Бронюй за 30€; Оплата частинами від mono; Оплата частинами від ПриватБанк",✅ done,"02.06.2026, 14:03:27"
https://eurotrips.ua/neapol-rim/,Південна Італія,Львів → Будапешт → Рим → Неаполь/Помпеї → Неаполь/Амальфі → Неаполь/Капрі → Венеція/Бурано → Львів,8,5,2,5,,"19.06 - 26.06, 24.07 - 31.07",переїзд комфортабельним автобусом;; проживання в готелі 3-4 *;; туристичне страхування;; 5 сніданків в готелі;; прогулянка з локалом по Будапешту;,туристичний і паливний збір — 35€;; додаткові активності (допки) за бажанням;; харчування: обіди та вечері;; особисті витрати;; витрати на громадський транспорт;,дегустація вин і гуляшу у регіоні Токай — 27€;; прогулянка на кораблику в Будапешті — 35€;; прогулянка районом Трастевере — 25€;; поїздка в Помпеї — 55€;; круїз до Амальфі — 65€;,"кораблик з безлімітним просекко у Будапешті; Рим: Колізей, Римський форум і Вітторіано; прогулянка районом Трастевере; Неаполь очима локала та справжня піца; Помпеї — одне з найбільших археологічних чудес світу; круїз Амальфітанським узбережжям; сорбет у лимонній шкірці та лімончелло; Позітано — легендарне містечко на скелях; острів Капрі з морською прогулянкою; прогулянка на водному таксі у Венеції; острів Бурано з різнокольоровими будинками; 10+1: 1 місце безкоштовно; Бронюй за 30€; Оплата частинами від mono; Оплата частинами від ПриватБанк",✅ done,"02.06.2026, 14:03:31"
https://eurotrips.ua/piknik-v-alpah-halshtat/,Пікнік в Альпах + Гальштат,Львів/Будапешт → Зальцбург → Гальштат → Будапешт/Львів,4,1,2,1,,"12.09 - 15.09, 10.10 - 13.10, 07.11 - 10.11",переїзд комфортабельним автобусом;; проживання в готелі 3-4 *;; 1 сніданок в готелі;; туристичне страхування;,харчування (обід та вечеря);; витрати на громадський транспорт;; навушники — 2€ за один екскурсійний день:;; місця у 1-4 ряду автобуса — 10€;; особисті витрати;,оглядові майданчики Зальцбурга — 25€;; долина Зальцкаммергут + Гальштат — 45€;,Гальштат — одне з найкрасивіших містечок Австрії; пікнік з видом на Альпи у долині Зальцкаммергут; Зальцбург очима місцевого жителя; оглядові майданчики Зальцбурга на заході сонця; спуск у стародавню соляну шахту; музей Ангар-7: колекція історичних літаків Flying Bulls; тур на вихідні — довга відпустка не потрібна; недалеко від України; перша поїздка закордон; перший досвід автобусної подорожі; Бронюй за 30€; 10+1: 1 місце безкоштовно; Оплата частинами від mono; Оплата частинами від приватбанк,✅ done,"02.06.2026, 14:03:35"
https://eurotrips.ua/budapesht-vena-praga/,Прага-Відень-Будапешт,Львів → Краків → Прага → Братислава → Будапешт → Сентнендре → Львів,5,3,1,3,,"19.09 - 22.09, 24.10 - 27.10, 31.10 - 03.11, 21.11 - 24.11",переїзд на комфортабельному автобусі;; проживання в готелі 3-4 *;; туристичне страхування;; 3 сніданки в готелі;; спільні вечірки і прогулянки;; оглядова прогулянка з локалом по Кракову;,обіди та вечері; туристичний і паливний збір — 25 євро; навушники — 2 євро за один екскурсійний день; місця у 1-4 ряду автобуса — 10€;,"Обід на кораблику по Влтаві — 40 євро(дорослі) / 35 євро(діти до 11,99);; Празький Град — 20 євро; Поїздка в Братиславу — 40 євро",3 столиці в одному турі; Прогулянки з локалами у всіх містах; атмосферна Прага; обід на кораблику по Влтаві; Кораблик з безлімітним ігристим; Королівський Відень; Оплата частинами від Mono; Оплата частинами від Приватбанк; Бронюй за 30€; 10+1: 1 місце безкоштовно,✅ done,"02.06.2026, 14:03:39"
https://eurotrips.ua/rimskie-kanikulyi/,Римські канікули,Львів/Будапешт → Верона → Рим → Венеція → Будапешт/Львів,6,3,2,3,,"14.06 - 19.06, 19.07 - 24.07, 09.08 - 14.08, 13.09 - 18.09",переїзд комфортабельним автобусом;; проживання в готелях 3-4 *;; 3 сніданки в готелях;; туристичне страхування;,туристичний і паливний збір — 40€;; додаткові активності (допки) за бажанням;; харчування: обіди та вечері;; особисті витрати;; навушники — 2€ за один екскурсійний день;,прогулянка шляхами Ромео та Джульєтти — 20€;; район Трастевере — 25€;; поїздка до Тірренського моря — 30€;; поїздка у Ватикан — 35€ + вхідний квиток;,повноцінні 2 дні у Римі; найколоритніший район Рима — Трастевере; пікнік на березі Тірренського моря; найменша країна світу — Ватикан; вечірка на кораблику з ігристим у Венеції; прогулянка на водному таксі у Венеції; Історія Ромео і Джульєтти у Вероні; майстер-клас з приготування італійської піци (на дати жовтня); 10+1: 1 місце безкоштовно; Бронюй за 30€; Оплата частинами від Mono; Оплата частинами від ПриватБанк,✅ done,"02.06.2026, 14:03:43"
https://eurotrips.ua/rizdvo-i-novyj-rik-u-krakovi-bez-nichnyh/,Різдвяний вікенд у Кракові БЕЗ НІЧНИХ,Львів → Краків → Закопане → Львів,3,2,2,,,"11.12 - 13.12, 25.12 - 27.12",переїзд на комфортабельному автобусі;; проживання в готелі 3-4*;; 2 сніданки в готелі;; туристичне страхування;,"харчування (обіди та вечері);; туристичний і паливний збір (оплачується готівкою під час туру); — дорослий - 15 євро, діти до 11,99 - безкоштовно;; навушники — 2 євро/день (точну вартість скаже турлідер під час туру);","Поїздка в Закопане — 35 євро(дорослі) / 19 євро(діти до 11,99); Термальні купальні (трансфер + вхідний квиток) — 15 євро (дорослі)/ 10 євро(діти до 11,99); Ферма Альпак — 35 євро (дорослі)/ 25 євро(діти до 11,99)",Без нічних переїздів; Королівський замок Кракова; Неформальний Казімєж; Обійми з альпаками; Різдвяні ярмарки у Кракові; Зимова казка у Закопане; Релакс у термальних басейнах; Лабіринти соляної копальні; Оплата частинами від Monobank; Оплата частинами від Приватбанк; Бронюй за 30€; 10+1: 1 місце безкоштовно; різдвяні ярмарки,✅ done,"02.06.2026, 14:03:46"
https://eurotrips.ua/skandinaviya/,Скандинавія + Язик Троля,Львів → Гданськ → Мальме → Копенгаген → Берген → Флом → Язик Троля → Осло → Стокгольм → Рига → Львів,10,7,2,6,,27.08 - 05.09,переїзд комфортабельним автобусом;; 5 ночей - проживання у готелях 3-4*;; 2 ночі - проживання на поромі у 4-місній каюті класу E;; 5 сніданків у готелях та 1 сніданок на поромі;; прогулянка з локалом у Гданську;; прогулянка з локалом у Мальме;,"туристичний і паливний збір — 50€;; сніданки на поромі — 20,5€;; додаткові активності (допки) за бажанням;; харчування: обіди та вечері;; особисті витрати;",прогулянка Варшавою — 15€;; поїздка до Мальборка — 40€ (дорослі) / 20€ (діти) + вхідний квиток;; поїздка до Копенгагена — 30€ (дорослі) / 30€ (діти);; поїздка у Флом — 50€ (дорослі) / 40€ (діти);; поїздка на Stegastein Viewpoint — 35€ (дорослі) / 25€ (діти);,5 столиць в одному турі; 5 країн за 10 днів; 6 включених оглядових прогулянок; підйом на Язик Троля — найкрасивіший трекінг у житті; фіорди та водоспади Норвегії; панорама з оглядового майданчика Стегастейн; Вурінгфоссен — найвідоміший водоспад Норвегії; Берген: місто на горі з видом на море; дві ночі на поромі серед моря; Стокгольмське метро — підземна галерея мистецтва; Копенгаген: нова країна за один день; Осло: район Грюнерльокка з локалом; пікнік на березі Балтійського моря в Юрмалі; прогулянки у Варшаві та Гданську; 10+1: 1 місце безкоштовно; Бронюй за 30€; Оплата частинами від mono; Оплата частинами від ПриватБанк,✅ done,"02.06.2026, 14:03:50"
https://eurotrips.ua/sonce-more-barselona/,Сонце Море Барселона,Львів → Лідо ді Єзоло → Калелья (5 ночей) → Ніца → озеро Гарда → Львів,10,7,2,7,,"05.06 - 14.06, 21.08 - 30.08, 28.08 - 06.09, 04.09 - 13.09",переїзд комфортабельним автобусом;; 5 ночей в Іспанії в готелі President 3*;; 2 ночі в готелях 3-4* по маршруту;; 7 сніданків в готелях;,туристичний і паливний збір — 40€;; додаткові активності (допки) за бажанням;; харчування: обіди та вечері;; особисті витрати;; навушники — 2€ за один екскурсійний день;,"Дегустація вин і гуляшу — 27€;; Прогулянка Венецією на кораблику — 50€ (дорослі) / 35€ (діти до 11,99);; Відвідування острова Бурано — 35€;; Водне таксі по Гранд-каналу у Венеції — 35€;; Поїздка до Барселони — 30€;; Прогулянка Готичним кварталом Барселони — 20€;; Відвідування парку Ґюель — 25€ + вхідний квиток;","всі дати гарантовані; готель у серці Калельї за 7 хвилин до пляжу; 5 ночей на узбережжі Середземного моря; 5 сніданків та вечерь в готелі President 3*; Барселона: Готичний квартал і світ Антоні Гауді; Монсеррат: захопливі панорами та канатна дорога; Андорра: гори, шопінг і неймовірні фотозони; Жирона і Фігерес: середньовічне місто і музей сюрреаліста; Ніцца і Монако: два міста за один день; озеро Гарда і романтична Верона; прогулянки водним таксі у Венеції; острів Бурано з різнокольоровими будинками; Бронюй за 10%; Оплата частинами від Mono; Оплата частинами від Приватбанк",✅ done,"02.06.2026, 14:03:54"
,,,,,,,,,,,,,,
https://eurotrips.ua/sonyachna-grecziya-asteris/,Сонячна Греція: Asteris Village,Львів/Київ → Халкідіки → Афітос → Калітея → Салоніки → Олімп → Метеори → Львів/Київ,10,7,2,,,"04.06 - 13.06, 11.06 - 20.06, 18.06 - 27.06, 25.06 - 04.07",переїзд комфортабельним автобусом;; супровід турлідера 24/7;; 7 повних днів на морі;; проживання в готелі 3-4*,сніданки (за бажанням) — 8€ з особи на день;; обіди (за бажанням) — 15€ з особи на день;; вечері (за бажанням) — 15€ з особи на день;; туристичний і паливний збір — 50€;,"Незвідані пляжі Сітонії — 35€ (дорослі) / 25€(діти до 11,99);; Поїздка до Салонік — 35€ (дорослі) / 25€(діти до 11,99);; Гастрономічна прогулянка в Салоніках — 35€;; Дегустація вина на місцевій виноробні — 35€;; Секретна таверна — 40€;",7 ночей на Егейському узбережжі; сімейний готель; 10 хвилин до піщаного пляжу; басейн із шезлонгами на території; харчування на вибір при бронюванні; незвідані пляжі Сітонії; круїз Егейським морем з обідом на борту; дегустація грецьких вин на виноробні; Салоніки: гастрономічна прогулянка; Аквапарк біля Салоніки; панорами Олімпу та Метеори; Афітос і Каллітея; 10+1: 1 місце безкоштовно; Бронюй за 10%; Всі дати гарантовані; 6 міст приєднання в Україні; Оплата частинами від Mono; Оплата частинами від Приватбанк,✅ done,"02.06.2026, 14:03:58"
https://eurotrips.ua/stambul/,Стамбул,Львів → Стамбул → Львів,5,2,2,2,,"01.07 - 05.07, 15.07 - 19.07, 05.08 - 09.08, 19.08 - 23.08",переїзд комфортабельним автобусом;; проживання в готелі 3-4 *;; 2 сніданки в готелі;; туристичне страхування;,туристичний і паливний збір — 25€;; додаткові активності (допки) за бажанням;; харчування: обіди та вечері;; особисті витрати;,"круїз Босфором з вечерею і напоями — 55€;; Прогулянка Таксім + Істікляль + Галатська вежа — 25€;; прогулянка ""Нічний Стамбул"" — 30€;; Принцеві острови — 45€;",3 повноцінні дні у Стамбулі; прогулянки з гідом-локалом; вечірній круїз Босфором з вечерею і шоу-програмою; палац Долмабахче з найбільшою кришталевою люстрою світу; справжній Стамбул: райони Каракьой та Балат; прогулянка нічним містом з локалом; Принцеві острови — оазис спокою біля Стамбула; Фестиваль тюльпанів (у турах квітня–травня); місця зйомок турецьких серіалів; бронюй за 30€; 10+1: 1 місце безкоштовно; Оплата частинами від Mono; Оплата частинами від ПриватБанк,✅ done,"02.06.2026, 14:04:01"
https://eurotrips.ua/vikend-v-budapeshti-viden/,Вікенд у Будапешті + Відень,Львів → Cтрий → Мукачево/Ужгород → Будапешт → Сентендре → Відень → Львів,4,1,2,1,,"13.06 - 16.06, 20.06 - 23.06, 04.07 - 07.07, 18.07 - 21.07",переїзд комфортабельним автобусом;; проживання в готелі 3-4*;; 1 сніданок в готелі;; туристичне страхування;; оглядова прогулянка з локалом в Будапешті;,туристичний і паливний збір — 15€;; додаткові активності (допки) за бажанням;; харчування: обіди та вечері;; особисті витрати;,прогулянка на кораблику в Будапешті та безлімітне просекко — 35€;; поїздка у Відень з оглядовою прогулянкою від локала — 50€;,дві столиці за одні вихідні; прогулянка на кораблику з безлімітним ігристим; прогулянка Віднем з гідом-локалом; австрійська й угорська кухні; недалеко від України; перша поїздка закордон; перший досвід автобусної подорожі; довга відпустка не потрібна; 10+1: 1 місце безкоштовно; Бронюй за 30€; Оплата частинами від mono; Оплата частинами від ПриватБанк,✅ done,"02.06.2026, 14:04:06"
https://eurotrips.ua/transylvaniya-halloween/,Хелловін у Трансильванії + Бухарест,Львів → Брашов → Замок Дракули → Трансильванія / Замок Кантакузіно → Бухарест → Львів,4,2,1,2,,30.10 - 02.11,переїзд комфортабельним автобусом;; проживання в готелі 3-4 *;; 2 сніданки в готелі;; туристичне страхування;,туристичний і паливний збір — 15€;; додаткові активності (допки) за бажанням;; харчування: обіди та вечері;; особисті витрати;,поїздка в Замок Дракули і замок Кантакузіно — 35€ + вхідні квитки;,містична атмосфера Хелловіну; прогулянка Брашовом з гідом-локалом; лабіринти замка Дракули; замок Кантакузіно з серіалу Венздей; Бухарест очима локала і Палац Парламенту; краєвиди Румунських Карпат; тур на вихідні — довга відпустка не потрібна; недалеко від України; перша поїздка закордон; перший досвід автобусної подорожі; 10+1: 1 місце безкоштовно; Бронюй за 30€; Оплата частинами від Mono; Оплата частинами від Приватбанк,✅ done,"02.06.2026, 14:04:13"
https://eurotrips.ua/more-u-chornogoriyi/,Чорногорія: де море торкається гір,Львів → Бечичі → Будва → Скадарське озеро → Тірана → Котор → Дубровник → Львів,10,7,2,-,,"13.06 - 22.06, 20.06 - 29.06, 27.06 - 06.07, 04.07 - 13.07",переїзд комфортабельним автобусом;; проживання 7 ночей у Sky Line Resort 4*;,"сніданки (за бажанням) — 92€ дорослі / 62€ діти на всі дні; вечері (за бажанням) — 208€ дорослі / 131€ діти на всі дні; туристичний і паливний збір — 20,5€ (дорослі);; туристичний і паливний збір — 17€ (підлітки 12-18 років);; туристичний і паливний збір — 13,5€ (діти до 12 років);","Sunset Walk до Старої Будви — 20€ (дорослі) / 10 € (діти до 11,99);; Параглайдінг над узбережжям — 85€;; Скадарське озеро — човен серед лілій — 55€(дорослі) / 45€ (діти до 11,99);; Албанія — 50€ (дорослі) / 40€ (діти до 11,99);; Боко-Которська затока — 50€ (дорослі) / 40€ (діти до 11,99);",7 ночей на Адріатичному узбережжі; апартаменти з видом на море і гори; 6 хвилин до пляжу; Прогулянка до Старої Будви на заході сонця; Боко-Которська затока; Скадарське озеро; острів Светі-Стефан; каньйон Тари і міст Джурджевича; національний парк Дурмітор — Чорне озеро; морська прогулянка з обідом на борту; Дубровник з місцевим жителем; Албанія: нова країна за один день; політ на параплані між горами і морем; 10+1: одне місце безкоштовно для групи; Бронюй за 10%; Всі дати гарантовані; Оплата частинами від ПриватБанк; Оплата частинами від mono,✅ done,"02.06.2026, 14:04:17"
https://eurotrips.ua/switzerland/,Швейцарія,Львів → Відень → Цюріх → Люцерн → Берн → Інтерлакен/Гріндельвальда → Рейнський водоспад → Прага → Львів,6,4,1,4,,"14.06 - 19.06, 12.07 - 17.07, 26.07 - 31.07, 09.08 - 14.08",переїзд комфортабельним автобусом;; проживання в готелях 3-4 *;; 4 сніданки в готелі;; туристичне страхування;; супровід турлідера Eurotrips 24/7;,депозит на Рейнський водоспад — 40€ (дорослі) / 30€ (діти);; туристичний і паливний збір — 30€;; додаткові активності (допки) за бажанням;; харчування: обіди та вечері;; особисті витрати;,Прогулянка Інтерлакеном з видом на Юнгфрау — 30€;; Прогулянка до Гріндевальда — 30€;; Прогулянка по Люцерну з локалом — 35€;; Прогулянка Базелем — 20€;,"3 повноцінні дні у Швейцарії; прогулянки з місцевими жителями у Відні, Цюріху, Берні та Празі; Люцерн і найстаріший дерев'яний міст Європи; Рейнський водоспад — найбільший у Європі; Інтерлакен — місто між двома озерами; Гріндельвальд — найкрасивіший альпійський курорт; First Cliff Walk: підвісний міст з краєвидами Альп; палац Шенбрунн і вечірній Відень; авторська прогулянка «Легенди Відня» з дегустацією шнапсу; Прага з місцевим жителем; 10+1: 1 місце безкоштовно; Бронюй за 30€; Оплата частинами від mono; Оплата частинами від ПриватБанк",✅ done,"02.06.2026, 14:04:20"