,EUR-1
,EUR-2
,EUR-3
,EUR-4
,EUR-5
,EUR-6
,EUR-7
,EUR-8
,EUR-9
,EUR-10
,EUR-11
,EUR-12
,EUR-13
,EUR-14
,EUR-15
,EUR-16
,EUR-17
,EUR-18
,EUR-19
,EUR-20
,EUR-21
,EUR-22
,EUR-23
,EUR-24
,EUR-25
,EUR-26
,EUR-27
,EUR-28
,EUR-29
,EUR-30
,EUR-31
,EUR-32
,EUR-33
,EUR-34
,EUR-35
,EUR-36
,EUR-37
,EUR-38
,EUR-39
,ACC-1
,ACC-2
,ACC-3
,ACC-4
,ACC-5
,ACC-6
,ACC-7
,ACC-8
,ACC-9
,ACC-10
,ACC-11
,ACC-12
,ACC-13
,ACC-14
,ACC-15
,ACC-16
,ACC-17
,ACC-18
,ACC-19
,ACC-20
,ACC-21
,ACC-22
,ACC-23
,ACC-24
,ACC-25
,ACC-26
,ACC-27
,ACC-28
,ACC-29
,ACC-30
,ACC-31
,ACC-32
,ACC-33
,ACC-34
,ACC-35
,ACC-36
,ACC-37
,ACC-38
,ACC-39
,ACC-40
,ACC-41
,ACC-42
,ACC-43
,ACC-44
,ACC-45
,ACC-46
,ACC-47
,ACC-48
,ACC-49
,ACC-50
,ACC-51
,ACC-52
,ACC-53
,ACC-54
,ACC-55
,ACC-56
,ACC-57
,ACC-58
,ACC-59
,ACC-60
,ACC-61
,ACC-62
,ACC-63
,ACC-64
,ACC-65
,ACC-66
,ACC-67
,ACC-68
,ACC-69
,ACC-70
,ACC-71
,ACC-72
,ACC-73
,ACC-74
,ACC-75
,ACC-76
,ACC-77
,ACC-78
,ACC-79
,ACC-80
,ACC-81
,ACC-82
,ACC-83
,ACC-84
,ACC-85
,ACC-86
,ACC-87
,ACC-88
,ACC-89
,ACC-90
,ACC-91
,ACC-92
,ACC-93
,ACC-94
,ACC-95
,ACC-96
,ACC-97
,ACC-98
,ACC-99
,ACC-100
,ACC-101
,ACC-102
,ACC-103
,ACC-104
,ACC-105
,ACC-106
,ACC-107
,ACC-108
,ACC-109
,ACC-110
,ACC-111
,ACC-112
,ACC-113
,ACC-114
,ACC-115
,ACC-116
,ACC-117
,ACC-118
,ACC-119
,ACC-120
,ACC-121
,ACC-122
,ACC-123
,ACC-124
,ACC-125
,ACC-126
,ACC-127
,ACC-128
,ACC-129
,ACC-130
,ACC-131
,ACC-132
,ACC-133
,ACC-134
,ACC-135
,ACC-136
,ACC-137
,ACC-138
,ACC-139
,ACC-140
,ACC-141
,ACC-142
,ACC-143
,ACC-144
,ACC-145
,ACC-146
,ACC-147
,ACC-148
,ACC-149
,ACC-150
,ACC-151
,ACC-152
,ACC-153
,ACC-154
,ACC-155
,ACC-156
,ACC-157
,ACC-158
,ACC-159
,ACC-160
,ACC-161
,ACC-162
,ACC-163
,ACC-164
,ACC-165
,ACC-166
,ACC-167
,ACC-168
,ACC-169
,ACC-170
,ACC-171
,ACC-172
,ACC-173
,ACC-174
,ACC-175
,ACC-176
,ACC-177
,ACC-178
,ACC-179
,ACC-180
,ACC-181
,ACC-182
,ACC-183
,ADR-1
,ADR-2
,ADR-3
,ADR-4
,ADR-5
,ADR-6
,ADR-7
,ADR-8
,ADR-9
,ADR-10
,ADR-11
,ADR-12
,ADR-13
,ADR-14
,ADR-15
,ADR-16
,ADR-17
,ADR-18
,ADR-19
,ADR-20
,ADR-21
,ADR-22
,ADR-23
,ADR-24
,ADR-25
,ADR-26
,ADR-27
,ADR-28
,ADR-29
,ADR-30
,ADR-31
,ADR-32
,ADR-33
,ADR-34
,ADR-35
,ADR-36
,ADR-37
,ADR-38
,ADR-39
,ADR-40
,ADR-41
,ADR-42
,ADR-43
,ADR-44
,ADR-45
,ADR-46
,ADR-47
,ADR-48
,ADR-49
,ADR-50
,ADR-51
,ADR-52
,ADR-53
,ADR-54
,ADR-55
,ADR-56
,ADR-57
,ADR-58
,ADR-59
,ADR-60
,ADR-61
,ADR-62
,ADR-63
,ADR-64
,ADR-65
,ADR-66
,ADR-67
,ADR-68
,ADR-69
,ADR-70
,ADR-71
,ADR-72
,ADR-73
,ADR-74
,ADR-75
,ADR-76
,ADR-77
,ADR-78
,ADR-79
,ADR-80
,ADR-81
,ADR-82
,ADR-83
,ADR-84
,ADR-85
,ADR-86
,ADR-87
,ADR-88
,ADR-89
,ADR-90
,ADR-91
,ADR-92
,ADR-93
,ADR-94
,ADR-95
,ADR-96
,ADR-97
,ADR-98
,ADR-99
,ADR-100
,ADR-101
,ADR-102
,ADR-103
,ADR-104
,ADR-105
,ADR-106
,ADR-107
,ADR-108
,ADR-109
,ADR-110
,ADR-111
,ADR-112
,ADR-113
,ADR-114
,ADR-115
,ADR-116
,ADR-117
,ADR-118
,ADR-119
,ADR-120
,ADR-121
,ADR-122
,ADR-123
,ADR-124
,ADR-125
,ADR-126
,ADR-127
,ADR-128
,ADR-129
,ADR-130
,ADR-131
,ADR-132
,ADR-133
,ADR-134
,ADR-135
,ADR-136
,DAV-1
,DAV-2
,DAV-3
,DAV-4
,DAV-5
,DAV-6
,DAV-7
,DAV-8
,DAV-9
,DAV-10
,DAV-11
,ITR-1
,ITR-2
,ITR-3
,ITR-4
,ITR-5
,ITR-6
,ITR-7
,ITR-8
,ITR-9
,ITR-10
,ITR-11
,ITR-12
,ITR-13
,ITR-14
,ITR-15
,ITR-16
,ITR-17
,ITR-18
,ITR-19
,ITR-20
,ITR-21
,ITR-22
,ITR-23
,ITR-24
,ITR-25
,ITR-26
,ITR-27
,ITR-28
,ITR-29
,ITR-30
,ITR-31
,ITR-32
,ITR-33
,ITR-34
,ITR-35
,ITR-36
,ITR-37
,ITR-38
,ITR-39
,ITR-40
,ITR-41
,ITR-42
,ITR-43
,ITR-44
,ITR-45
,ITR-46
,ITR-47
,ITR-48
,ITR-49
,ITR-50
,ITR-51
,ITR-52
,ITR-53
,ITR-54
,RIC-1
,RIC-2
,RIC-3
,RIC-4
,RIC-5
,RIC-6
,RIC-7
,RIC-8
,RIC-9
,RIC-10
,TAN-1
,TAN-2
,TAN-3
,TAN-4
,TAN-5
,TAN-6
,TAN-7
,TAN-8
,TAN-9
,TAN-10
,TAN-11
,TAN-12
,TAN-13
,TAN-14
,TAN-15
,TAN-16
,TAN-17
,TAN-18
,TAN-19
,TAN-20
,TAN-21
,TAN-22
,TAN-23
,TAN-24
,TAN-25
,TAN-26
,TAN-27
,TAN-28
,TAN-29
,TAN-30
,TAN-31
,TAN-32
,TAN-33
,TAN-34
,TAN-35
,TAN-36
,TAN-37
,TAN-38
,TAN-39
,TAN-40
,TAN-41
,TAN-42
,TAN-43
,TRM-1
,TRM-2
,TRM-3
,TRM-4
,TRM-5
,TRM-6
,TRM-7
,TRM-8
,TRM-9
,TRM-10
,TRM-11
,TRM-12
,TRM-13