,,,,,,,,,
ACC-1,Нідерланди,10,0,0,0,"0,7903320259",BALANCED,KEEP,"Маршрут сильний, змін не треба"
ACC-10,Франція,17,0,0,0,"0,7954545455",OVERLOADED,KEEP,"Маршрут сильний, змін не треба"
ACC-100,Румунія,6,0,0,0,"0,8609438776",BALANCED,KEEP,"Маршрут сильний, змін не треба"
ACC-101,Італія,12,0,0,0,"0,6509957351",OVERLOADED,REVIEW,Перевірити вручну
ACC-102,Франція,8,0,0,1,"0,739112775",BALANCED,KEEP,"Маршрут сильний, змін не треба"
ACC-103,Греція,12,0,0,0,"0,5910965936",OVERLOADED,REVIEW,Перевірити вручну
ACC-104,Нідерланди,17,0,0,0,"0,7269570233",OVERLOADED,KEEP,"Маршрут сильний, змін не треба"
ACC-105,Італія,17,0,0,1,"0,6369620387",OVERLOADED,REVIEW,Перевірити вручну
ACC-106,Франція,7,0,0,0,"0,725262722",BALANCED,KEEP,"Маршрут сильний, змін не треба"
ACC-107,Італія,6,0,0,0,"0,7882732368",BALANCED,KEEP,"Маршрут сильний, змін не треба"
ACC-108,Швейцарія,14,0,0,0,"0,8532312925",OVERLOADED,KEEP,"Маршрут сильний, змін не треба"
ACC-109,Швейцарія,9,0,0,0,"0,842454538",BALANCED,KEEP,"Маршрут сильний, змін не треба"
ACC-11,Нідерланди,14,0,0,0,"0,7047769365",OVERLOADED,KEEP,"Маршрут сильний, змін не треба"
ACC-110,Австрія,5,0,0,0,"0,6357330017",BALANCED,REVIEW,Перевірити вручну
ACC-111,Греція,9,0,0,0,"0,5775752441",BALANCED,REVIEW,Перевірити вручну
ACC-112,Греція,7,0,0,0,"0,4780485478",BALANCED,REVIEW,Перевірити вручну
ACC-113,Угорщина,7,0,0,0,"0,6927943485",BALANCED,REVIEW,Перевірити вручну
ACC-114,Іспанія,10,0,0,1,"0,7138692077",BALANCED,KEEP,"Маршрут сильний, змін не треба"
ACC-115,Іспанія,11,0,0,1,"0,7472546065",BALANCED,KEEP,"Маршрут сильний, змін не треба"
ACC-116,Італія,12,0,0,0,"0,8277757217",OVERLOADED,KEEP,"Маршрут сильний, змін не треба"
ACC-117,Італія,9,0,0,1,"0,7534868351",BALANCED,KEEP,"Маршрут сильний, змін не треба"
ACC-118,Франція,11,0,0,0,"0,7299721707",BALANCED,KEEP,"Маршрут сильний, змін не треба"
ACC-119,Угорщина,10,0,0,0,"0,8377747253",BALANCED,KEEP,"Маршрут сильний, змін не треба"
ACC-12,Франція,11,0,0,1,"0,808819242",BALANCED,KEEP,"Маршрут сильний, змін не треба"
ACC-120,Італія,20,0,0,1,"0,5854687298",OVERLOADED,REVIEW,Перевірити вручну
ACC-121,Італія,9,0,0,0,"0,7625429387",BALANCED,KEEP,"Маршрут сильний, змін не треба"
ACC-122,Нідерланди,12,0,0,0,"0,6430093476",OVERLOADED,REVIEW,Перевірити вручну
ACC-123,Чорногорія,13,0,0,0,"0,626000083",OVERLOADED,REVIEW,Перевірити вручну
ACC-124,Чорногорія,14,0,0,0,"0,7558673469",OVERLOADED,KEEP,"Маршрут сильний, змін не треба"
ACC-125,Швейцарія,17,0,0,0,"0,6635224735",OVERLOADED,REVIEW,Перевірити вручну
ACC-126,Італія,13,0,0,1,"0,603971529",OVERLOADED,REVIEW,Перевірити вручну
ACC-127,Італія,14,0,0,1,"0,5828334831",OVERLOADED,REVIEW,Перевірити вручну
ACC-128,Італія,16,0,0,1,"0,450720219",OVERLOADED,TRIM,Забрати слабкі stop types або повторювані міста
ACC-129,Італія,19,0,0,1,"0,5006825632",OVERLOADED,REVIEW,Перевірити вручну
ACC-13,Чехія,4,0,0,0,"0,6875376884",BALANCED,REVIEW,Перевірити вручну
ACC-130,Італія,9,0,0,0,"0,552569349",BALANCED,REVIEW,Перевірити вручну
ACC-131,Данія,7,0,0,0,"0,7915451895",BALANCED,KEEP,"Маршрут сильний, змін не треба"
ACC-132,Норвегія,10,0,0,0,"0,5970993602",BALANCED,REVIEW,Перевірити вручну
ACC-133,Румунія,7,0,0,0,"0,8402721088",BALANCED,KEEP,"Маршрут сильний, змін не треба"
ACC-134,Чорногорія,14,0,0,0,"0,7526270671",OVERLOADED,KEEP,"Маршрут сильний, змін не треба"
ACC-135,Чорногорія,6,0,0,0,"0,5530561086",BALANCED,REVIEW,Перевірити вручну
ACC-136,Іспанія,7,0,0,1,"0,7079146862",BALANCED,KEEP,"Маршрут сильний, змін не треба"
ACC-137,Італія,35,0,0,1,"0,4786359311",OVERLOADED,TRIM,Забрати слабкі stop types або повторювані міста
ACC-138,Естонія,6,0,0,0,"0,7262888893",BALANCED,KEEP,"Маршрут сильний, змін не треба"
ACC-139,Чорногорія,11,0,0,0,"0,5938595764",BALANCED,REVIEW,Перевірити вручну
ACC-14,Італія,14,0,0,0,"0,8305284068",OVERLOADED,KEEP,"Маршрут сильний, змін не треба"
ACC-140,Іспанія,30,0,0,2,"0,6018603704",OVERLOADED,REVIEW,Перевірити вручну
ACC-141,Іспанія,18,0,0,1,"0,5274449055",OVERLOADED,REVIEW,Перевірити вручну
ACC-142,Італія,18,0,0,1,"0,4837585915",OVERLOADED,TRIM,Забрати слабкі stop types або повторювані міста
ACC-143,Угорщина,5,0,0,0,"0,4981397174",BALANCED,REVIEW,Перевірити вручну
ACC-144,Нідерланди,13,0,0,0,"0,7301722004",OVERLOADED,KEEP,"Маршрут сильний, змін не треба"
ACC-145,Італія,11,0,0,0,"0,6751265125",BALANCED,REVIEW,Перевірити вручну
ACC-146,Молдова,1,0,0,0,"0,5373349671",THIN,REVIEW,Перевірити вручну
ACC-147,Болгарія,7,0,0,0,"0,77269173",BALANCED,KEEP,"Маршрут сильний, змін не треба"
ACC-148,Румунія,9,0,0,0,"0,8339115646",BALANCED,KEEP,"Маршрут сильний, змін не треба"
ACC-149,Румунія,4,0,0,0,"0,6856377551",BALANCED,REVIEW,Перевірити вручну
ACC-15,Швейцарія,12,0,0,0,"0,8011419218",OVERLOADED,KEEP,"Маршрут сильний, змін не треба"
ACC-150,Румунія,5,0,0,0,"0,5035204082",BALANCED,REVIEW,Перевірити вручну
ACC-151,Румунія,10,0,0,0,"0,8133588435",BALANCED,KEEP,"Маршрут сильний, змін не треба"
ACC-152,Греція,8,0,0,0,"0,4819342571",BALANCED,REVIEW,Перевірити вручну
ACC-153,Іспанія,11,0,0,1,"0,7334975274",BALANCED,KEEP,"Маршрут сильний, змін не треба"
ACC-154,Греція,9,0,0,0,"0,7277832166",BALANCED,KEEP,"Маршрут сильний, змін не треба"
ACC-155,Румунія,10,0,0,0,"0,5730357143",BALANCED,REVIEW,Перевірити вручну
ACC-156,Греція,13,0,0,0,"0,6221896729",OVERLOADED,REVIEW,Перевірити вручну
ACC-157,Чорногорія,14,0,0,0,"0,6993483868",OVERLOADED,REVIEW,Перевірити вручну
ACC-158,Чехія,9,0,0,0,"0,6029812327",BALANCED,REVIEW,Перевірити вручну
ACC-159,Чехія,4,0,0,0,"0,6709793867",BALANCED,REVIEW,Перевірити вручну
ACC-16,Чехія,7,0,0,0,"0,649955902",BALANCED,REVIEW,Перевірити вручну
ACC-160,Фінляндія,5,0,0,0,"0,7197291261",BALANCED,KEEP,"Маршрут сильний, змін не треба"
ACC-161,Румунія,10,0,0,0,"0,7085204082",BALANCED,KEEP,"Маршрут сильний, змін не треба"
ACC-162,Румунія,12,0,0,0,"0,5435204082",OVERLOADED,REVIEW,Перевірити вручну
ACC-163,Молдова,3,0,0,0,"0,7236517796",THIN,KEEP,"Маршрут сильний, змін не треба"
ACC-164,Чехія,8,0,0,0,"0,5672194793",BALANCED,REVIEW,Перевірити вручну
ACC-165,Нідерланди,12,0,0,0,"0,6008403073",OVERLOADED,REVIEW,Перевірити вручну
ACC-166,Франція,7,0,0,0,"0,7488603234",BALANCED,KEEP,"Маршрут сильний, змін не треба"
ACC-167,Румунія,1,0,0,0,"0,6641411565",THIN,REVIEW,Перевірити вручну
ACC-168,Албанія,4,0,0,0,"0,6841287284",BALANCED,REVIEW,Перевірити вручну
ACC-169,Албанія,5,0,0,0,"0,6225934967",BALANCED,REVIEW,Перевірити вручну
ACC-17,Чехія,7,0,0,0,"0,8477194647",BALANCED,KEEP,"Маршрут сильний, змін не треба"
ACC-170,Франція,9,0,0,0,"0,8266813544",BALANCED,KEEP,"Маршрут сильний, змін не треба"
ACC-171,Угорщина,5,0,0,0,"0,6741601256",BALANCED,REVIEW,Перевірити вручну
ACC-172,Греція,8,0,0,0,"0,7949142757",BALANCED,KEEP,"Маршрут сильний, змін не треба"
ACC-173,Греція,9,0,0,0,"0,5536149497",BALANCED,REVIEW,Перевірити вручну
ACC-174,Греція,13,0,0,0,"0,6615354159",OVERLOADED,REVIEW,Перевірити вручну
ACC-175,Албанія,7,0,0,0,"0,7742774143",BALANCED,KEEP,"Маршрут сильний, змін не треба"
ACC-176,Албанія,3,0,0,0,"0,7289629919",THIN,KEEP,"Маршрут сильний, змін не треба"
ACC-177,Албанія,4,0,0,0,"0,6342139064",BALANCED,REVIEW,Перевірити вручну
ACC-178,Албанія,14,0,0,0,"0,7442375012",OVERLOADED,KEEP,"Маршрут сильний, змін не треба"
ACC-179,Фінляндія,7,0,0,0,"0,6606219832",BALANCED,REVIEW,Перевірити вручну
ACC-18,Німеччина,5,0,0,0,"0,8141298037",BALANCED,KEEP,"Маршрут сильний, змін не треба"
ACC-180,Португалія,27,0,0,1,"0,8241982507",OVERLOADED,KEEP,"Маршрут сильний, змін не треба"
ACC-181,Нідерланди,14,0,0,0,"0,7875485734",OVERLOADED,KEEP,"Маршрут сильний, змін не треба"
ACC-182,Німеччина,7,0,0,0,"0,7977211243",BALANCED,KEEP,"Маршрут сильний, змін не треба"
ACC-183,Угорщина,9,0,0,0,"0,6735321821",BALANCED,REVIEW,Перевірити вручну
ACC-19,Австрія,5,0,0,0,"0,7452248487",BALANCED,KEEP,"Маршрут сильний, змін не треба"
ACC-2,Франція,15,0,0,1,"0,5591604824",OVERLOADED,REVIEW,Перевірити вручну
ACC-20,Австрія,5,0,0,0,"0,7934288791",BALANCED,KEEP,"Маршрут сильний, змін не треба"
ACC-21,Франція,11,0,0,0,"0,644427953",BALANCED,REVIEW,Перевірити вручну
ACC-22,Польща,4,0,0,0,"0,7619047619",BALANCED,KEEP,"Маршрут сильний, змін не треба"
ACC-23,Швейцарія,14,0,0,1,"0,7926982573",OVERLOADED,KEEP,"Маршрут сильний, змін не треба"
ACC-24,Швейцарія,13,0,0,0,"0,7966690853",OVERLOADED,KEEP,"Маршрут сильний, змін не треба"
ACC-25,Швейцарія,13,0,0,0,"0,7709277377",OVERLOADED,KEEP,"Маршрут сильний, змін не треба"
ACC-26,Чехія,8,0,0,0,"0,6367552046",BALANCED,REVIEW,Перевірити вручну
ACC-27,Польща,5,0,0,0,"0,7513605442",BALANCED,KEEP,"Маршрут сильний, змін не треба"
ACC-28,Іспанія,13,0,0,1,"0,6961230558",OVERLOADED,REVIEW,Перевірити вручну
ACC-29,Іспанія,11,0,0,1,"0,603914666",BALANCED,REVIEW,Перевірити вручну
ACC-3,Нідерланди,14,0,0,0,"0,6390948466",OVERLOADED,REVIEW,Перевірити вручну
ACC-30,Франція,14,0,0,0,"0,7613636364",OVERLOADED,KEEP,"Маршрут сильний, змін не треба"
ACC-31,Франція,11,0,0,1,"0,7166640899",BALANCED,KEEP,"Маршрут сильний, змін не треба"
ACC-32,Польща,3,0,0,0,"0,7091836735",THIN,KEEP,"Маршрут сильний, змін не треба"
ACC-33,Німеччина,4,0,0,0,"0,5451913937",BALANCED,REVIEW,Перевірити вручну
ACC-34,Іспанія,15,0,0,1,"0,8215881556",OVERLOADED,KEEP,"Маршрут сильний, змін не треба"
ACC-35,Франція,8,0,0,0,"0,6797518553",BALANCED,REVIEW,Перевірити вручну
ACC-36,Іспанія,15,0,0,1,"0,7353986008",OVERLOADED,KEEP,"Маршрут сильний, змін не треба"
ACC-37,Іспанія,17,0,0,1,"0,7607744584",OVERLOADED,KEEP,"Маршрут сильний, змін не треба"
ACC-38,Франція,10,0,0,0,"0,8252534455",BALANCED,KEEP,"Маршрут сильний, змін не треба"
ACC-39,Франція,9,0,0,0,"0,8385783859",BALANCED,KEEP,"Маршрут сильний, змін не треба"
ACC-4,Франція,8,0,0,1,"0,8051948052",BALANCED,KEEP,"Маршрут сильний, змін не треба"
ACC-40,Швейцарія,11,0,0,0,"0,7914507761",BALANCED,KEEP,"Маршрут сильний, змін не треба"
ACC-41,Іспанія,16,0,0,1,"0,6851044128",OVERLOADED,REVIEW,Перевірити вручну
ACC-42,Франція,8,0,0,0,"0,7980790043",BALANCED,KEEP,"Маршрут сильний, змін не треба"
ACC-43,Франція,9,0,0,0,"0,6960745207",BALANCED,REVIEW,Перевірити вручну
ACC-44,Франція,5,0,0,0,"0,6643336425",BALANCED,REVIEW,Перевірити вручну
ACC-45,Чехія,2,0,0,0,"0,7552248487",THIN,KEEP,"Маршрут сильний, змін не треба"
ACC-46,Франція,11,0,0,1,"0,6105882808",BALANCED,REVIEW,Перевірити вручну
ACC-47,Швейцарія,11,0,0,0,"0,8334682149",BALANCED,KEEP,"Маршрут сильний, змін не треба"
ACC-48,Франція,9,0,0,0,"0,703240569",BALANCED,KEEP,"Маршрут сильний, змін не треба"
ACC-49,Нідерланди,11,0,0,1,"0,8106758675",BALANCED,KEEP,"Маршрут сильний, змін не треба"
ACC-5,Франція,16,0,0,1,"0,5798608534",OVERLOADED,REVIEW,Перевірити вручну
ACC-50,Бельгія,12,0,0,0,"0,8067952966",OVERLOADED,KEEP,"Маршрут сильний, змін не треба"
ACC-51,Нідерланди,9,0,0,0,"0,5533020115",BALANCED,REVIEW,Перевірити вручну
ACC-52,Швейцарія,9,0,0,0,"0,7621185326",BALANCED,KEEP,"Маршрут сильний, змін не треба"
ACC-53,Нідерланди,8,0,0,0,"0,7979870797",BALANCED,KEEP,"Маршрут сильний, змін не треба"
ACC-54,Франція,10,0,0,0,"0,7653463203",BALANCED,KEEP,"Маршрут сильний, змін не треба"
ACC-55,Словаччина,8,0,0,0,"0,7959183673",BALANCED,KEEP,"Маршрут сильний, змін не треба"
ACC-56,Швейцарія,12,0,0,0,"0,8145604312",OVERLOADED,KEEP,"Маршрут сильний, змін не треба"
ACC-57,Нідерланди,12,0,0,1,"0,7759668184",OVERLOADED,KEEP,"Маршрут сильний, змін не треба"
ACC-58,Італія,7,0,0,0,"0,6181251983",BALANCED,REVIEW,Перевірити вручну
ACC-59,Італія,8,0,0,0,"0,7400370096",BALANCED,KEEP,"Маршрут сильний, змін не треба"
ACC-6,Франція,9,0,0,0,"0,7019407633",BALANCED,KEEP,"Маршрут сильний, змін не треба"
ACC-60,Італія,7,0,0,0,"0,8112112721",BALANCED,KEEP,"Маршрут сильний, змін не треба"
ACC-61,Франція,8,0,0,0,"0,642437384",BALANCED,REVIEW,Перевірити вручну
ACC-62,Німеччина,5,0,0,0,"0,7809270768",BALANCED,KEEP,"Маршрут сильний, змін не треба"
ACC-63,Франція,17,0,0,0,"0,5588705937",OVERLOADED,REVIEW,Перевірити вручну
ACC-64,Італія,6,0,0,1,"0,6660760988",BALANCED,REVIEW,Перевірити вручну
ACC-65,Італія,18,0,0,1,"0,6900305329",OVERLOADED,REVIEW,Перевірити вручну
ACC-66,Португалія,19,0,0,1,"0,5559439402",OVERLOADED,REVIEW,Перевірити вручну
ACC-67,Швейцарія,7,0,0,0,"0,599568889",BALANCED,REVIEW,Перевірити вручну
ACC-68,Італія,7,0,0,0,"0,4765084065",BALANCED,REVIEW,Перевірити вручну
ACC-69,Італія,9,0,0,0,"0,6515279687",BALANCED,REVIEW,Перевірити вручну
ACC-7,Нідерланди,9,0,0,0,"0,7989877719",BALANCED,KEEP,"Маршрут сильний, змін не треба"
ACC-70,Італія,11,0,0,0,"0,7646478799",BALANCED,KEEP,"Маршрут сильний, змін не треба"
ACC-71,Німеччина,6,0,0,0,"0,7486777166",BALANCED,KEEP,"Маршрут сильний, змін не треба"
ACC-72,Чехія,7,0,0,0,"0,7553471439",BALANCED,KEEP,"Маршрут сильний, змін не треба"
ACC-73,Італія,6,0,0,1,"0,6724838744",BALANCED,REVIEW,Перевірити вручну
ACC-74,Італія,7,0,0,0,"0,7053809348",BALANCED,KEEP,"Маршрут сильний, змін не треба"
ACC-75,Італія,5,0,0,1,"0,635588453",BALANCED,REVIEW,Перевірити вручну
ACC-76,Греція,16,0,0,0,"0,6789871853",OVERLOADED,REVIEW,Перевірити вручну
ACC-77,Австрія,4,0,0,0,"0,6875376884",BALANCED,REVIEW,Перевірити вручну
ACC-78,Швейцарія,10,0,0,0,"0,7732383808",BALANCED,KEEP,"Маршрут сильний, змін не треба"
ACC-79,Італія,9,0,0,1,"0,7407090742",BALANCED,KEEP,"Маршрут сильний, змін не треба"
ACC-8,Нідерланди,10,0,0,0,"0,7426354427",BALANCED,KEEP,"Маршрут сильний, змін не треба"
ACC-80,Італія,10,0,0,1,"0,7061289445",BALANCED,KEEP,"Маршрут сильний, змін не треба"
ACC-81,Греція,8,0,0,0,"0,6118883737",BALANCED,REVIEW,Перевірити вручну
ACC-82,Італія,14,0,0,1,"0,6630610923",OVERLOADED,REVIEW,Перевірити вручну
ACC-83,Італія,19,0,0,1,"0,6902202073",OVERLOADED,REVIEW,Перевірити вручну
ACC-84,Італія,16,0,0,0,"0,6331738395",OVERLOADED,REVIEW,Перевірити вручну
ACC-85,Італія,22,0,0,0,"0,5708321878",OVERLOADED,REVIEW,Перевірити вручну
ACC-86,Італія,8,0,0,1,"0,8258274294",BALANCED,KEEP,"Маршрут сильний, змін не треба"
ACC-87,Італія,10,0,0,0,"0,7334646294",BALANCED,KEEP,"Маршрут сильний, змін не треба"
ACC-88,Австрія,4,0,0,0,"0,7567360613",BALANCED,KEEP,"Маршрут сильний, змін не треба"
ACC-89,Швейцарія,10,0,0,0,"0,7732383808",BALANCED,KEEP,"Маршрут сильний, змін не треба"
ACC-9,Бельгія,9,0,0,1,"0,7030216491",BALANCED,KEEP,"Маршрут сильний, змін не треба"
ACC-90,Італія,9,0,0,1,"0,7527246132",BALANCED,KEEP,"Маршрут сильний, змін не треба"
ACC-91,Італія,8,0,0,0,"0,7659458602",BALANCED,KEEP,"Маршрут сильний, змін не треба"
ACC-92,Італія,12,0,0,0,"0,6240073491",OVERLOADED,REVIEW,Перевірити вручну
ACC-93,Норвегія,6,0,0,0,"0,7263832139",BALANCED,KEEP,"Маршрут сильний, змін не треба"
ACC-94,Швейцарія,11,0,0,0,"0,7399638956",BALANCED,KEEP,"Маршрут сильний, змін не треба"
ACC-95,Італія,6,0,0,1,"0,6597218991",BALANCED,REVIEW,Перевірити вручну
ACC-96,Чехія,12,0,0,0,"0,7872205415",OVERLOADED,KEEP,"Маршрут сильний, змін не треба"
ACC-97,Франція,7,0,0,0,"0,6584090909",BALANCED,REVIEW,Перевірити вручну
ACC-98,Італія,6,0,0,0,"0,4849592894",BALANCED,REVIEW,Перевірити вручну
ACC-99,Греція,8,0,0,0,"0,4950360218",BALANCED,REVIEW,Перевірити вручну
ADR-1,Чехія,6,0,0,0,"0,6414921547",BALANCED,REVIEW,Перевірити вручну
ADR-10,Франція,16,0,0,1,"0,6751391466",OVERLOADED,REVIEW,Перевірити вручну
ADR-100,Хорватія,4,0,0,0,"0,6688491364",BALANCED,REVIEW,Перевірити вручну
ADR-101,Франція,13,0,0,0,"0,7445633448",OVERLOADED,KEEP,"Маршрут сильний, змін не треба"
ADR-102,Франція,12,0,0,0,"0,6699072356",OVERLOADED,REVIEW,Перевірити вручну
ADR-103,Швейцарія,7,0,0,0,"0,8393754653",BALANCED,KEEP,"Маршрут сильний, змін не треба"
ADR-104,Іспанія,23,0,0,2,"0,4865068971",OVERLOADED,TRIM,Забрати слабкі stop types або повторювані міста
ADR-105,Іспанія,17,0,0,2,"0,5104286928",OVERLOADED,REVIEW,Перевірити вручну
ADR-106,Іспанія,17,0,0,2,"0,4821693258",OVERLOADED,TRIM,Забрати слабкі stop types або повторювані міста
ADR-107,Нідерланди,11,0,0,0,"0,7528351197",BALANCED,KEEP,"Маршрут сильний, змін не треба"
ADR-108,Швейцарія,10,0,0,0,"0,7760211731",BALANCED,KEEP,"Маршрут сильний, змін не треба"
ADR-109,Швейцарія,8,0,0,0,"0,7241391549",BALANCED,KEEP,"Маршрут сильний, змін не треба"
ADR-11,Румунія,2,0,0,0,"0,6688945578",THIN,REVIEW,Перевірити вручну
ADR-110,Хорватія,6,0,0,0,"0,4074422609",BALANCED,REVIEW,Перевірити вручну
ADR-111,Хорватія,6,0,0,0,"0,6456122449",BALANCED,REVIEW,Перевірити вручну
ADR-112,Нідерланди,13,0,0,0,"0,7188753487",OVERLOADED,KEEP,"Маршрут сильний, змін не треба"
ADR-113,Швейцарія,11,0,0,0,"0,6137483554",BALANCED,REVIEW,Перевірити вручну
ADR-114,Чорногорія,9,0,0,0,"0,5583112798",BALANCED,REVIEW,Перевірити вручну
ADR-115,Франція,12,0,0,0,"0,7088152664",OVERLOADED,KEEP,"Маршрут сильний, змін не треба"
ADR-116,Франція,12,0,0,0,"0,7431221839",OVERLOADED,KEEP,"Маршрут сильний, змін не треба"
ADR-117,Хорватія,6,0,0,0,"0,5315352314",BALANCED,REVIEW,Перевірити вручну
ADR-118,Італія,15,0,0,0,"0,2728094629",OVERLOADED,TRIM,Забрати слабкі stop types або повторювані міста
ADR-119,Італія,19,0,0,1,"0,5722205774",OVERLOADED,REVIEW,Перевірити вручну
ADR-12,Польща,2,0,0,0,"0,7496598639",THIN,KEEP,"Маршрут сильний, змін не треба"
ADR-120,Італія,9,0,0,0,"0,5587428624",BALANCED,REVIEW,Перевірити вручну
ADR-121,Італія,10,0,0,0,"0,5996532991",BALANCED,REVIEW,Перевірити вручну
ADR-122,Франція,17,0,0,1,"0,6870222635",OVERLOADED,REVIEW,Перевірити вручну
ADR-123,Франція,15,0,0,0,"0,6737940631",OVERLOADED,REVIEW,Перевірити вручну
ADR-124,Нідерланди,8,0,0,0,"0,705103509",BALANCED,KEEP,"Маршрут сильний, змін не треба"
ADR-125,Італія,6,0,0,0,"0,5710956023",BALANCED,REVIEW,Перевірити вручну
ADR-126,Нідерланди,11,0,0,0,"0,623268662",BALANCED,REVIEW,Перевірити вручну
ADR-127,Албанія,5,0,0,0,"0,5707920776",BALANCED,REVIEW,Перевірити вручну
ADR-128,Німеччина,7,0,0,0,"0,6957325649",BALANCED,REVIEW,Перевірити вручну
ADR-129,Австрія,6,0,0,0,"0,7274715414",BALANCED,KEEP,"Маршрут сильний, змін не треба"
ADR-13,Румунія,2,0,0,0,"0,5985714286",THIN,REVIEW,Перевірити вручну
ADR-130,Італія,4,0,0,0,"0,6146325473",BALANCED,REVIEW,Перевірити вручну
ADR-131,Хорватія,7,0,0,0,"0,2330445676",BALANCED,REVIEW,Перевірити вручну
ADR-132,Італія,8,0,0,0,"0,5593763585",BALANCED,REVIEW,Перевірити вручну
ADR-133,Угорщина,4,0,0,0,"0,7176347462",BALANCED,KEEP,"Маршрут сильний, змін не треба"
ADR-134,Іспанія,12,0,0,0,"0,6431713052",OVERLOADED,REVIEW,Перевірити вручну
ADR-135,Албанія,8,0,0,0,"0,5497406666",BALANCED,REVIEW,Перевірити вручну
ADR-136,Франція,17,0,0,0,"0,7141001855",OVERLOADED,KEEP,"Маршрут сильний, змін не треба"
ADR-14,Чехія,3,0,0,0,"0,7149738488",THIN,KEEP,"Маршрут сильний, змін не треба"
ADR-15,Італія,9,0,0,1,"0,6815837475",BALANCED,REVIEW,Перевірити вручну
ADR-16,Польща,3,0,0,0,"0,7666666667",THIN,KEEP,"Маршрут сильний, змін не треба"
ADR-17,Чехія,3,0,0,0,"0,6629750795",THIN,REVIEW,Перевірити вручну
ADR-18,Італія,8,0,0,1,"0,7952046103",BALANCED,KEEP,"Маршрут сильний, змін не треба"
ADR-19,Франція,6,0,0,0,"0,8072356215",BALANCED,KEEP,"Маршрут сильний, змін не треба"
ADR-2,Італія,9,0,0,1,"0,6681865285",BALANCED,REVIEW,Перевірити вручну
ADR-20,Франція,12,0,0,0,"0,7171474954",OVERLOADED,KEEP,"Маршрут сильний, змін не треба"
ADR-21,Румунія,2,0,0,0,"0,7223469388",THIN,KEEP,"Маршрут сильний, змін не треба"
ADR-22,Польща,8,0,0,0,"0,5321088435",BALANCED,REVIEW,Перевірити вручну
ADR-23,Австрія,4,0,0,0,"0,6976592144",BALANCED,REVIEW,Перевірити вручну
ADR-24,Польща,3,0,0,0,"0,7666666667",THIN,KEEP,"Маршрут сильний, змін не треба"
ADR-25,Австрія,5,0,0,0,"0,599476464",BALANCED,REVIEW,Перевірити вручну
ADR-26,Франція,14,0,0,0,"0,6995587066",OVERLOADED,REVIEW,Перевірити вручну
ADR-27,Нідерланди,9,0,0,1,"0,8039519405",BALANCED,KEEP,"Маршрут сильний, змін не треба"
ADR-28,Німеччина,6,0,0,0,"0,7328046709",BALANCED,KEEP,"Маршрут сильний, змін не треба"
ADR-29,Франція,15,0,0,0,"0,7492505963",OVERLOADED,KEEP,"Маршрут сильний, змін не треба"
ADR-3,Австрія,6,0,0,0,"0,7984693878",BALANCED,KEEP,"Маршрут сильний, змін не треба"
ADR-30,Франція,13,0,0,1,"0,8461425479",OVERLOADED,KEEP,"Маршрут сильний, змін не треба"
ADR-31,Франція,13,0,0,0,"0,7859727008",OVERLOADED,KEEP,"Маршрут сильний, змін не треба"
ADR-32,Франція,12,0,0,0,"0,8461425479",OVERLOADED,KEEP,"Маршрут сильний, змін не треба"
ADR-33,Швейцарія,11,0,0,0,"0,8741052943",BALANCED,KEEP,"Маршрут сильний, змін не треба"
ADR-34,Швейцарія,6,0,0,0,"0,7250558394",BALANCED,KEEP,"Маршрут сильний, змін не треба"
ADR-35,Італія,4,0,0,0,"0,4731378873",BALANCED,REVIEW,Перевірити вручну
ADR-36,Італія,16,0,0,0,"0,7298478829",OVERLOADED,KEEP,"Маршрут сильний, змін не треба"
ADR-37,Іспанія,10,0,0,1,"0,6627936834",BALANCED,REVIEW,Перевірити вручну
ADR-38,Австрія,4,0,0,0,"0,7102604861",BALANCED,KEEP,"Маршрут сильний, змін не треба"
ADR-39,Італія,6,0,0,0,"0,7105149625",BALANCED,KEEP,"Маршрут сильний, змін не треба"
ADR-4,Швейцарія,10,0,0,0,"0,7843156993",BALANCED,KEEP,"Маршрут сильний, змін не треба"
ADR-40,Чехія,5,0,0,0,"0,5295696168",BALANCED,REVIEW,Перевірити вручну
ADR-41,Італія,6,0,0,0,"0,7315868316",BALANCED,KEEP,"Маршрут сильний, змін не треба"
ADR-42,Австрія,6,0,0,0,"0,6864280587",BALANCED,REVIEW,Перевірити вручну
ADR-43,Нідерланди,12,0,0,0,"0,768692661",OVERLOADED,KEEP,"Маршрут сильний, змін не треба"
ADR-44,Італія,5,0,0,0,"0,5497959184",BALANCED,REVIEW,Перевірити вручну
ADR-45,Франція,9,0,0,1,"0,5011430633",BALANCED,REVIEW,Перевірити вручну
ADR-46,Австрія,7,0,0,0,"0,4193621167",BALANCED,REVIEW,Перевірити вручну
ADR-47,Угорщина,8,0,0,0,"0,4673783359",BALANCED,REVIEW,Перевірити вручну
ADR-48,Франція,13,0,0,0,"0,6692976411",OVERLOADED,REVIEW,Перевірити вручну
ADR-49,Нідерланди,13,0,0,0,"0,7239486545",OVERLOADED,KEEP,"Маршрут сильний, змін не треба"
ADR-5,Італія,6,0,0,1,"0,635588453",BALANCED,REVIEW,Перевірити вручну
ADR-50,Нідерланди,10,0,0,0,"0,617059169",BALANCED,REVIEW,Перевірити вручну
ADR-51,Норвегія,9,0,0,0,"0,7190187174",BALANCED,KEEP,"Маршрут сильний, змін не треба"
ADR-52,Нідерланди,10,0,0,0,"0,7736010375",BALANCED,KEEP,"Маршрут сильний, змін не треба"
ADR-53,Хорватія,12,0,0,0,"0,6646622435",OVERLOADED,REVIEW,Перевірити вручну
ADR-54,Хорватія,15,0,0,0,"0,6956692142",OVERLOADED,REVIEW,Перевірити вручну
ADR-55,Франція,18,0,0,1,"0,6460111317",OVERLOADED,REVIEW,Перевірити вручну
ADR-56,Франція,20,0,0,1,"0,5419104308",OVERLOADED,REVIEW,Перевірити вручну
ADR-57,Австрія,8,0,0,0,"0,538970362",BALANCED,REVIEW,Перевірити вручну
ADR-58,Італія,6,0,0,0,"0,7588223891",BALANCED,KEEP,"Маршрут сильний, змін не треба"
ADR-59,Нідерланди,18,0,0,0,"0,6239243707",OVERLOADED,REVIEW,Перевірити вручну
ADR-6,Франція,6,0,0,0,"0,6527883426",BALANCED,REVIEW,Перевірити вручну
ADR-60,Норвегія,7,0,0,0,"0,7504291892",BALANCED,KEEP,"Маршрут сильний, змін не треба"
ADR-61,Італія,3,0,0,0,"0,6324838744",THIN,REVIEW,Перевірити вручну
ADR-62,Німеччина,4,0,0,0,"0,7328046709",BALANCED,KEEP,"Маршрут сильний, змін не треба"
ADR-63,Польща,3,0,0,0,"0,6885714286",THIN,REVIEW,Перевірити вручну
ADR-64,Швеція,11,0,0,0,"0,4574988545",BALANCED,REVIEW,Перевірити вручну
ADR-65,Німеччина,6,0,0,0,"0,8590103439",BALANCED,KEEP,"Маршрут сильний, змін не треба"
ADR-66,Австрія,8,0,0,0,"0,6953885072",BALANCED,REVIEW,Перевірити вручну
ADR-67,Німеччина,4,0,0,0,"0,6928046709",BALANCED,REVIEW,Перевірити вручну
ADR-68,Німеччина,4,0,0,0,"0,7304531085",BALANCED,KEEP,"Маршрут сильний, змін не треба"
ADR-69,Італія,15,0,0,1,"0,7239444705",OVERLOADED,KEEP,"Маршрут сильний, змін не треба"
ADR-7,Австрія,4,0,0,0,"0,6359778484",BALANCED,REVIEW,Перевірити вручну
ADR-70,Франція,12,0,0,0,"0,8136054422",OVERLOADED,KEEP,"Маршрут сильний, змін не треба"
ADR-71,Франція,12,0,0,0,"0,703240569",OVERLOADED,KEEP,"Маршрут сильний, змін не треба"
ADR-72,Франція,20,0,0,0,"0,7613172542",OVERLOADED,KEEP,"Маршрут сильний, змін не треба"
ADR-73,Норвегія,8,0,0,0,"0,7574344023",BALANCED,KEEP,"Маршрут сильний, змін не треба"
ADR-74,Нідерланди,11,0,0,0,"0,7439147458",BALANCED,KEEP,"Маршрут сильний, змін не треба"
ADR-75,Чорногорія,9,0,0,0,"0,5732216138",BALANCED,REVIEW,Перевірити вручну
ADR-76,Чорногорія,9,0,0,0,"0,5807460871",BALANCED,REVIEW,Перевірити вручну
ADR-77,Чорногорія,9,0,0,0,"0,6435357558",BALANCED,REVIEW,Перевірити вручну
ADR-78,Норвегія,8,0,0,0,"0,6497381512",BALANCED,REVIEW,Перевірити вручну
ADR-79,Франція,12,0,0,0,"0,7171474954",OVERLOADED,KEEP,"Маршрут сильний, змін не треба"
ADR-8,Чехія,7,0,0,0,"0,7480643011",BALANCED,KEEP,"Маршрут сильний, змін не треба"
ADR-80,Італія,7,0,0,0,"0,7588223891",BALANCED,KEEP,"Маршрут сильний, змін не треба"
ADR-81,Греція,5,0,0,0,"0,4261545799",BALANCED,REVIEW,Перевірити вручну
ADR-82,Італія,5,0,0,0,"0,5497959184",BALANCED,REVIEW,Перевірити вручну
ADR-83,Франція,14,0,0,0,"0,8074045852",OVERLOADED,KEEP,"Маршрут сильний, змін не треба"
ADR-84,Франція,7,0,0,0,"0,6999165121",BALANCED,REVIEW,Перевірити вручну
ADR-85,Греція,5,0,0,0,"0,500410297",BALANCED,REVIEW,Перевірити вручну
ADR-86,Греція,5,0,0,0,"0,594863569",BALANCED,REVIEW,Перевірити вручну
ADR-87,Греція,4,0,0,0,"0,5924873861",BALANCED,REVIEW,Перевірити вручну
ADR-88,Нідерланди,18,0,0,1,"0,7419072089",OVERLOADED,KEEP,"Маршрут сильний, змін не треба"
ADR-89,Швеція,5,0,0,0,"0,7180219238",BALANCED,KEEP,"Маршрут сильний, змін не треба"
ADR-9,Австрія,3,0,0,0,"0,528983694",THIN,REVIEW,Перевірити вручну
ADR-90,Швеція,3,0,0,0,"0,6267470304",THIN,REVIEW,Перевірити вручну
ADR-91,Іспанія,13,0,0,1,"0,4715773009",OVERLOADED,TRIM,Забрати слабкі stop types або повторювані міста
ADR-92,Франція,12,0,0,0,"0,8258713226",OVERLOADED,KEEP,"Маршрут сильний, змін не треба"
ADR-93,Естонія,7,0,0,0,"0,7115269845",BALANCED,KEEP,"Маршрут сильний, змін не треба"
ADR-94,Нідерланди,9,0,0,0,"0,56195566",BALANCED,REVIEW,Перевірити вручну
ADR-95,Швейцарія,13,0,0,0,"0,7656026943",OVERLOADED,KEEP,"Маршрут сильний, змін не треба"
ADR-96,Швейцарія,7,0,0,0,"0,6219845179",BALANCED,REVIEW,Перевірити вручну
ADR-97,Франція,17,0,0,0,"0,7264842301",OVERLOADED,KEEP,"Маршрут сильний, змін не треба"
ADR-98,Португалія,31,0,0,0,"0,8294621815",OVERLOADED,KEEP,"Маршрут сильний, змін не треба"
ADR-99,Хорватія,4,0,0,0,"0,4604271997",BALANCED,REVIEW,Перевірити вручну
DAV-1,Чехія,5,0,0,0,"0,6387755102",BALANCED,REVIEW,Перевірити вручну
DAV-10,Франція,10,0,0,1,"0,7710575139",BALANCED,KEEP,"Маршрут сильний, змін не треба"
DAV-11,Угорщина,0,0,0,0,"0,5381868132",THIN,REVIEW,Перевірити вручну
DAV-2,Чехія,5,0,0,0,"0,6151406693",BALANCED,REVIEW,Перевірити вручну
DAV-3,Греція,7,0,0,0,"0,5789803449",BALANCED,REVIEW,Перевірити вручну
DAV-4,Італія,9,0,0,0,"0,2804161526",BALANCED,REVIEW,Перевірити вручну
DAV-5,Греція,7,0,0,0,"0,6272917137",BALANCED,REVIEW,Перевірити вручну
DAV-6,Греція,11,0,0,0,"0,3121454929",BALANCED,REVIEW,Перевірити вручну
DAV-7,Італія,10,0,0,1,"0,4826817437",BALANCED,REVIEW,Перевірити вручну
DAV-8,Австрія,7,0,0,0,"0,474129491",BALANCED,REVIEW,Перевірити вручну
DAV-9,Італія,3,0,0,0,"0,5476287406",THIN,REVIEW,Перевірити вручну
EUR-1,Італія,5,0,0,0,"0,5259779352",BALANCED,REVIEW,Перевірити вручну
EUR-10,Чехія,4,0,0,1,"0,7484693878",BALANCED,KEEP,"Маршрут сильний, змін не треба"
EUR-11,Румунія,5,0,0,0,"0,726377551",BALANCED,KEEP,"Маршрут сильний, змін не треба"
EUR-12,Італія,3,0,0,0,"0,5777371259",THIN,REVIEW,Перевірити вручну
EUR-13,Іспанія,9,0,0,1,"0,5595671103",BALANCED,REVIEW,Перевірити вручну
EUR-14,Польща,2,0,0,0,"0,7299319728",THIN,KEEP,"Маршрут сильний, змін не треба"
EUR-15,Польща,3,0,0,0,"0,668707483",THIN,REVIEW,Перевірити вручну
EUR-16,Франція,11,0,0,1,"0,6188358071",BALANCED,REVIEW,Перевірити вручну
EUR-17,Італія,8,0,0,0,"0,6382069719",BALANCED,REVIEW,Перевірити вручну
EUR-18,Італія,7,0,0,0,"0,3577741356",BALANCED,REVIEW,Перевірити вручну
EUR-19,Польща,2,0,0,0,"0,7299319728",THIN,KEEP,"Маршрут сильний, змін не треба"
EUR-2,Нідерланди,8,0,0,1,"0,6543625508",BALANCED,REVIEW,Перевірити вручну
EUR-20,Італія,3,0,0,0,"0,5777371259",THIN,REVIEW,Перевірити вручну
EUR-21,Угорщина,2,0,0,0,"0,6281711146",THIN,REVIEW,Перевірити вручну
EUR-22,Італія,4,0,0,1,"0,7598286983",BALANCED,KEEP,"Маршрут сильний, змін не треба"
EUR-23,Італія,3,0,0,0,"0,6310658771",THIN,REVIEW,Перевірити вручну
EUR-24,Франція,5,0,0,1,"0,6502577525",BALANCED,REVIEW,Перевірити вручну
EUR-25,Франція,12,0,0,0,"0,6412920016",OVERLOADED,REVIEW,Перевірити вручну
EUR-26,Італія,11,0,0,0,"0,6278724754",BALANCED,REVIEW,Перевірити вручну
EUR-27,Австрія,3,0,0,0,"0,648475541",THIN,REVIEW,Перевірити вручну
EUR-28,Чехія,5,0,0,0,"0,8584693878",BALANCED,KEEP,"Маршрут сильний, змін не треба"
EUR-29,Італія,4,0,0,0,"0,6221906172",BALANCED,REVIEW,Перевірити вручну
EUR-3,Латвія,5,0,0,0,"0,7982993197",BALANCED,KEEP,"Маршрут сильний, змін не треба"
EUR-30,Польща,2,0,0,0,"0,7299319728",THIN,KEEP,"Маршрут сильний, змін не треба"
EUR-31,Норвегія,9,0,0,0,"0,6818777028",BALANCED,REVIEW,Перевірити вручну
EUR-32,Іспанія,5,0,0,0,"0,5427683502",BALANCED,REVIEW,Перевірити вручну
EUR-33,Греція,9,0,0,0,"0,4142736652",BALANCED,REVIEW,Перевірити вручну
EUR-34,Греція,9,0,0,0,"0,6077935085",BALANCED,REVIEW,Перевірити вручну
EUR-35,Туреччина,1,0,0,0,"0,6848979592",THIN,REVIEW,Перевірити вручну
EUR-36,Австрія,2,0,0,0,"0,5334832325",THIN,REVIEW,Перевірити вручну
EUR-37,Румунія,5,0,0,0,"0,6266836735",BALANCED,REVIEW,Перевірити вручну
EUR-38,Чорногорія,1,0,0,0,"0,599610641",THIN,REVIEW,Перевірити вручну
EUR-39,Швейцарія,8,0,0,0,"0,7029938092",BALANCED,KEEP,"Маршрут сильний, змін не треба"
EUR-4,Італія,4,0,0,1,"0,7598286983",BALANCED,KEEP,"Маршрут сильний, змін не треба"
EUR-5,Австрія,6,0,0,1,"0,7262291047",BALANCED,KEEP,"Маршрут сильний, змін не треба"
EUR-6,Угорщина,2,0,0,0,"0,7182339089",THIN,KEEP,"Маршрут сильний, змін не треба"
EUR-7,Румунія,2,0,0,0,"0,5669897959",THIN,REVIEW,Перевірити вручну
EUR-8,Італія,3,0,0,0,"0,4204414719",THIN,ADD,Додати 1 strong OTHER stop або 1 anchor city
EUR-9,Чехія,3,0,0,1,"0,5634801559",THIN,REVIEW,Перевірити вручну
ITR-1,Австрія,5,0,0,0,"0,7107189006",BALANCED,KEEP,"Маршрут сильний, змін не треба"
ITR-10,Австрія,5,0,0,0,"0,7020469695",BALANCED,KEEP,"Маршрут сильний, змін не треба"
ITR-11,Австрія,6,0,0,0,"0,648475541",BALANCED,REVIEW,Перевірити вручну
ITR-12,Австрія,6,0,0,0,"0,6084786176",BALANCED,REVIEW,Перевірити вручну
ITR-13,Італія,7,0,0,1,"0,6382069719",BALANCED,REVIEW,Перевірити вручну
ITR-14,Італія,9,0,0,1,"0,7106754256",BALANCED,KEEP,"Маршрут сильний, змін не треба"
ITR-15,Італія,9,0,0,1,"0,7280046526",BALANCED,KEEP,"Маршрут сильний, змін не треба"
ITR-16,Італія,3,0,0,0,"0,4137004335",THIN,ADD,Додати 1 strong OTHER stop або 1 anchor city
ITR-17,Іспанія,9,0,0,1,"0,7188374471",BALANCED,KEEP,"Маршрут сильний, змін не треба"
ITR-18,Італія,6,0,0,1,"0,6254985725",BALANCED,REVIEW,Перевірити вручну
ITR-19,Австрія,7,0,0,0,"0,7503934639",BALANCED,KEEP,"Маршрут сильний, змін не треба"
ITR-2,Італія,5,0,0,0,"0,5866913397",BALANCED,REVIEW,Перевірити вручну
ITR-20,Австрія,6,0,0,0,"0,5110289055",BALANCED,REVIEW,Перевірити вручну
ITR-21,Австрія,9,0,0,0,"0,5836239018",BALANCED,REVIEW,Перевірити вручну
ITR-22,Австрія,11,0,0,0,"0,4068103271",BALANCED,REVIEW,Перевірити вручну
ITR-23,Італія,8,0,0,1,"0,7394966691",BALANCED,KEEP,"Маршрут сильний, змін не треба"
ITR-24,Австрія,10,0,0,0,"0,5709646874",BALANCED,REVIEW,Перевірити вручну
ITR-25,Німеччина,10,0,0,1,"0,6715755422",BALANCED,REVIEW,Перевірити вручну
ITR-26,Італія,5,0,0,0,"0,5866913397",BALANCED,REVIEW,Перевірити вручну
ITR-27,Бельгія,9,0,0,1,"0,780500877",BALANCED,KEEP,"Маршрут сильний, змін не треба"
ITR-28,Австрія,7,0,0,0,"0,5626162884",BALANCED,REVIEW,Перевірити вручну
ITR-29,Німеччина,5,0,0,0,"0,5099179588",BALANCED,REVIEW,Перевірити вручну
ITR-3,Австрія,6,0,0,0,"0,6277998838",BALANCED,REVIEW,Перевірити вручну
ITR-30,Італія,12,0,0,1,"0,7280046526",OVERLOADED,KEEP,"Маршрут сильний, змін не треба"
ITR-31,Франція,8,0,0,0,"0,6182606679",BALANCED,REVIEW,Перевірити вручну
ITR-32,Франція,7,0,0,0,"0,6277071738",BALANCED,REVIEW,Перевірити вручну
ITR-33,Італія,6,0,0,0,"0,6339861126",BALANCED,REVIEW,Перевірити вручну
ITR-34,Німеччина,7,0,0,0,"0,7149733697",BALANCED,KEEP,"Маршрут сильний, змін не треба"
ITR-35,Франція,5,0,0,0,"0,6329704479",BALANCED,REVIEW,Перевірити вручну
ITR-36,Франція,9,0,0,0,"0,7323542274",BALANCED,KEEP,"Маршрут сильний, змін не треба"
ITR-37,Болгарія,11,0,0,0,"0,6293243831",BALANCED,REVIEW,Перевірити вручну
ITR-38,Італія,4,0,0,0,"0,4637004335",BALANCED,REVIEW,Перевірити вручну
ITR-39,Італія,6,0,0,0,"0,6254985725",BALANCED,REVIEW,Перевірити вручну
ITR-4,Франція,11,0,0,1,"0,7874006096",BALANCED,KEEP,"Маршрут сильний, змін не треба"
ITR-40,Литва,3,0,0,0,"0,7383673469",THIN,KEEP,"Маршрут сильний, змін не треба"
ITR-41,Литва,4,0,0,0,"0,7332142857",BALANCED,KEEP,"Маршрут сильний, змін не треба"
ITR-42,Швеція,4,0,0,0,"0,6701180783",BALANCED,REVIEW,Перевірити вручну
ITR-43,Італія,0,0,0,0,"0,6382069719",THIN,REVIEW,Перевірити вручну
ITR-44,Чорногорія,0,0,0,0,"0,5931701786",THIN,REVIEW,Перевірити вручну
ITR-45,Румунія,0,0,0,0,"0,7684183673",THIN,KEEP,"Маршрут сильний, змін не треба"
ITR-46,Італія,0,0,0,0,"0,7680680977",THIN,KEEP,"Маршрут сильний, змін не треба"
ITR-47,Австрія,0,0,0,0,"0,6688821659",THIN,REVIEW,Перевірити вручну
ITR-48,Греція,6,0,0,0,"0,491434847",BALANCED,REVIEW,Перевірити вручну
ITR-49,Румунія,0,0,0,0,"0,5783673469",THIN,REVIEW,Перевірити вручну
ITR-5,Австрія,3,0,0,0,"0,5899815404",THIN,REVIEW,Перевірити вручну
ITR-50,Німеччина,0,0,0,0,"0,6039028961",THIN,REVIEW,Перевірити вручну
ITR-51,Франція,14,0,0,1,"0,7122309833",OVERLOADED,KEEP,"Маршрут сильний, змін не треба"
ITR-52,Італія,6,0,0,0,"0,799212979",BALANCED,KEEP,"Маршрут сильний, змін не треба"
ITR-53,Греція,5,0,0,0,"0,2503170419",BALANCED,REVIEW,Перевірити вручну
ITR-54,Греція,5,0,0,0,"0,4647675528",BALANCED,REVIEW,Перевірити вручну
ITR-6,Німеччина,5,0,0,0,"0,7357570088",BALANCED,KEEP,"Маршрут сильний, змін не треба"
ITR-7,Бельгія,7,0,0,0,"0,723138834",BALANCED,KEEP,"Маршрут сильний, змін не треба"
ITR-8,Німеччина,11,0,0,0,"0,5551067719",BALANCED,REVIEW,Перевірити вручну
ITR-9,Австрія,4,0,0,0,"0,7184724644",BALANCED,KEEP,"Маршрут сильний, змін не треба"
RIC-1,Хорватія,5,0,0,0,"0,6047675037",BALANCED,REVIEW,Перевірити вручну
RIC-10,Польща,9,0,0,0,"-0,8903854875",BALANCED,REVIEW,Перевірити вручну
RIC-2,Італія,3,0,0,0,"0,4480194565",THIN,ADD,Додати 1 strong OTHER stop або 1 anchor city
RIC-3,Італія,4,0,0,0,"0,519576372",BALANCED,REVIEW,Перевірити вручну
RIC-4,Греція,5,0,0,0,"0,5532803675",BALANCED,REVIEW,Перевірити вручну
RIC-5,Чорногорія,1,0,0,0,"0,6260165367",THIN,REVIEW,Перевірити вручну
RIC-6,Франція,3,0,0,0,"0,6044117192",THIN,REVIEW,Перевірити вручну
RIC-7,Нідерланди,5,0,0,0,"0,6524022065",BALANCED,REVIEW,Перевірити вручну
RIC-8,Італія,5,0,0,0,"0,6714877868",BALANCED,REVIEW,Перевірити вручну
RIC-9,Швейцарія,9,0,0,1,"0,717414558",BALANCED,KEEP,"Маршрут сильний, змін не треба"
TAN-1,Австрія,1,0,0,0,"0,5124853861",THIN,REVIEW,Перевірити вручну
TAN-10,Румунія,1,0,0,0,"0,7085204082",THIN,KEEP,"Маршрут сильний, змін не треба"
TAN-11,Швеція,1,0,0,0,"0,5206323358",THIN,REVIEW,Перевірити вручну
TAN-12,Швеція,1,0,0,0,"0,6716999753",THIN,REVIEW,Перевірити вручну
TAN-13,Нідерланди,1,0,0,0,"0,6015665835",THIN,REVIEW,Перевірити вручну
TAN-14,Італія,1,0,0,0,"0,5635321279",THIN,REVIEW,Перевірити вручну
TAN-15,Румунія,1,0,0,0,"0,6087755102",THIN,REVIEW,Перевірити вручну
TAN-16,Швеція,1,0,0,0,"0,6439276021",THIN,REVIEW,Перевірити вручну
TAN-17,Румунія,1,0,0,0,"0,6911564626",THIN,REVIEW,Перевірити вручну
TAN-18,Франція,1,0,0,0,"0,5912971552",THIN,REVIEW,Перевірити вручну
TAN-19,Чехія,1,0,0,0,"0,7094733873",THIN,KEEP,"Маршрут сильний, змін не треба"
TAN-2,Італія,1,0,0,0,"0,530392302",THIN,REVIEW,Перевірити вручну
TAN-20,Австрія,1,0,0,0,"0,7091026561",THIN,KEEP,"Маршрут сильний, змін не треба"
TAN-21,Австрія,1,0,0,0,"0,5989744642",THIN,REVIEW,Перевірити вручну
TAN-22,Італія,1,0,0,0,"0,7524073878",THIN,KEEP,"Маршрут сильний, змін не треба"
TAN-23,Угорщина,1,0,0,0,"0,5501805338",THIN,REVIEW,Перевірити вручну
TAN-24,Північна Македонія,1,0,0,0,"0,713877551",THIN,KEEP,"Маршрут сильний, змін не треба"
TAN-25,Італія,1,0,0,0,"0,6478418103",THIN,REVIEW,Перевірити вручну
TAN-26,Швейцарія,1,0,0,0,"0,6528427623",THIN,REVIEW,Перевірити вручну
TAN-27,Франція,1,0,0,0,"0,6502319109",THIN,REVIEW,Перевірити вручну
TAN-28,Іспанія,7,0,0,1,"0,5661401324",BALANCED,REVIEW,Перевірити вручну
TAN-29,Польща,2,0,0,0,"0,7128911565",THIN,KEEP,"Маршрут сильний, змін не треба"
TAN-3,Угорщина,1,0,0,0,"0,5901726845",THIN,REVIEW,Перевірити вручну
TAN-30,Боснія і Герцеговина,5,0,0,0,"0,6853061224",BALANCED,REVIEW,Перевірити вручну
TAN-31,Франція,9,0,0,1,"0,6021345746",BALANCED,REVIEW,Перевірити вручну
TAN-32,Албанія,8,0,0,0,"0,4807911825",BALANCED,REVIEW,Перевірити вручну
TAN-33,Словенія,2,0,0,0,"0,651122449",THIN,REVIEW,Перевірити вручну
TAN-34,Литва,2,0,0,0,"0,6087755102",THIN,REVIEW,Перевірити вручну
TAN-35,Норвегія,7,0,0,0,"0,5225718838",BALANCED,REVIEW,Перевірити вручну
TAN-36,Греція,3,0,0,0,"0,5769863444",THIN,REVIEW,Перевірити вручну
TAN-37,Італія,3,0,0,0,"0,7268140002",THIN,KEEP,"Маршрут сильний, змін не треба"
TAN-38,Швеція,9,0,0,0,"0,333395016",BALANCED,REVIEW,Перевірити вручну
TAN-39,Польща,2,0,0,0,"0,4434013605",THIN,ADD,Додати 1 strong OTHER stop або 1 anchor city
TAN-4,Австрія,1,0,0,0,"0,5924823095",THIN,REVIEW,Перевірити вручну
TAN-40,Норвегія,8,0,0,0,"0,8073632923",BALANCED,KEEP,"Маршрут сильний, змін не треба"
TAN-41,Швейцарія,5,0,0,0,"0,5095437995",BALANCED,REVIEW,Перевірити вручну
TAN-42,Греція,4,0,0,0,"0,4847735953",BALANCED,REVIEW,Перевірити вручну
TAN-43,Греція,4,0,0,0,"0,4409277807",BALANCED,REVIEW,Перевірити вручну
TAN-5,Чехія,1,0,0,0,"0,5124853861",THIN,REVIEW,Перевірити вручну
TAN-6,Італія,1,0,0,0,"0,5059151951",THIN,REVIEW,Перевірити вручну
TAN-7,Австрія,1,0,0,0,"0,6204743103",THIN,REVIEW,Перевірити вручну
TAN-8,Нідерланди,1,0,0,0,"0,5048685949",THIN,REVIEW,Перевірити вручну
TAN-9,Франція,1,0,0,0,"0,633388992",THIN,REVIEW,Перевірити вручну
TRM-1,Франція,0,0,0,0,"0,5346938776",THIN,REVIEW,Перевірити вручну
TRM-10,Італія,0,0,0,0,"0,6340361637",THIN,REVIEW,Перевірити вручну
TRM-11,Італія,0,0,0,0,"0,7850819499",THIN,KEEP,"Маршрут сильний, змін не треба"
TRM-12,Італія,0,0,0,0,"0,4989362377",THIN,ADD,Додати 1 strong OTHER stop або 1 anchor city
TRM-13,Італія,0,0,0,0,"0,6340361637",THIN,REVIEW,Перевірити вручну
TRM-2,Італія,0,0,0,0,"0,7359557294",THIN,KEEP,"Маршрут сильний, змін не треба"
TRM-3,Франція,0,0,0,0,"0,6859925788",THIN,REVIEW,Перевірити вручну
TRM-4,Німеччина,0,0,0,0,"0,6936384164",THIN,REVIEW,Перевірити вручну
TRM-5,Італія,0,0,0,0,"0,6596891192",THIN,REVIEW,Перевірити вручну
TRM-6,Італія,0,0,0,0,"0,4608501639",THIN,ADD,Додати 1 strong OTHER stop або 1 anchor city
TRM-7,Швейцарія,0,0,0,0,"0,6268388765",THIN,REVIEW,Перевірити вручну
TRM-8,Польща,0,0,0,0,"0,7183673469",THIN,KEEP,"Маршрут сильний, змін не треба"
TRM-9,Нідерланди,0,0,0,0,"0,6936761961",THIN,REVIEW,Перевірити вручну